nomor_induk_kependudukan,nomor_kartu_keluarga,nama,tanggal_lahir,usia,jenis_kelamin,status_hubungan_keluarga,status_kawin,gaji_bulanan,gaji,desil_nasional,desil,provinsi,kabupaten_kota,kecamatan,kelurahan_desa,alamat,status_bantuan,pbi_nasional,pbi_pemda,partisipasi_sekolah,jenjang_tertinggi_yang_diduduki,ijazah_tertinggi_yang_dimiliki,status_bekerja,lapangan_usaha_dari_pekerjaan_utama,status_dalam_pekerjaan_utama,id_pelanggan_pln,daya_terpasang,status_kepemilikan_rumah,jenis_lantai_terluas,jenis_dinding_terluas,jenis_atap_terluas,sumber_air_minum_utama,sumber_penerangan_utama,bahan_bakar_utama_memasak,fasilitas_bab,jenis_kloset,pembuangan_akhir_tinja,kepemilikan_aset,aset_bergerak_sepeda_motor,aset_bergerak_mobil,aset_bergerak_tv_datar,aset_bergerak_smartphone,aset_bergerak_lemari_es,kondisi_gizi,penglihatan,pendengaran,berjalan_atau_naik_tangga
3201011370000001,3201012010180001,Hendra Kusuma,1974-03-24,52,Laki-laki,Kepala Keluarga,Kawin/Nikah,11229295.0,11229295.0,1,1,Jawa Barat,Kota Bogor,Bogor Tengah,Paledang,Jl. Pajajaran No. 1,PBI APBN (Kemenkes),Ya,Tidak,Tidak Sekolah Lagi,SMA/SMK/MA,SMA/SMK/MA,Ya,"Pertanian, kehutanan, dan perikanan",Buruh/Karyawan/Pegawai,532100000001,450 VA,Bebas Sewa,Keramik,Kayu,Genteng,Layanan Perpipaan (PDAM),Listrik PLN,Listrik,Sendiri,Leher Angsa,Tangki Septik,Ya,Tidak,Ya,Ya,Ya,Ya,Normal,Tidak Ada Gangguan,Tidak Ada Gangguan,Tidak Ada Gangguan
3201011592000002,3201012010180001,Irfan Putri,1977-03-07,49,Laki-laki,Istri,Kawin/Nikah,2552944.0,2552944.0,6,6,Jawa Barat,Kota Bogor,Bogor Tengah,Paledang,Jl. Pajajaran No. 2,PKH & BPNT,Tidak,Tidak,Tidak Sekolah Lagi,Sarjana (S1),Sarjana (S1),Ya,Perdagangan besar dan eceran,Pekerja bebas,532100000001,2200 VA,Bebas Sewa,Keramik,Kayu,Genteng,Sumur Bor/Pompa,Listrik PLN,LPG 5.5 kg / 12 kg,Sendiri,Leher Angsa,Tangki Septik,Ya,Ya,Tidak,Ya,Ya,Ya,Normal,Tidak Ada Gangguan,Tidak Ada Gangguan,Tidak Ada Gangguan
3201012188000003,3201012010180001,Rahmat Umar,1962-11-08,64,Laki-laki,Anak,Belum Kawin,2503445.0,2503445.0,7,7,Jawa Barat,Kota Bogor,Bogor Tengah,Paledang,Jl. Pajajaran No. 3,PKH & BPNT,Tidak,Tidak,Tidak Sekolah Lagi,Magister (S2),Magister (S2),Ya,Jasa keuangan & asuransi,Buruh/Karyawan/Pegawai,532100000001,1300 VA,Kontrak/Sewa,Keramik,Kayu,Asbes,Sumur Bor/Pompa,Listrik PLN,Listrik,Sendiri,Leher Angsa,Tangki Septik,Ya,Tidak,Tidak,Ya,Ya,Ya,Normal,Tidak Ada Gangguan,Tidak Ada Gangguan,Tidak Ada Gangguan
3201012793000004,3201012010180002,Rina Sartika,1989-07-09,37,Perempuan,Kepala Keluarga,Kawin/Nikah,7042265.0,7042265.0,1,1,Jawa Barat,Kota Bandung,Coblong,Dago,Jl. Ganesha No. 4,PBI APBD (Pemda),Tidak,Ya,Tidak Sekolah Lagi,SMA/SMK/MA,SMA/SMK/MA,Ya,Jasa keuangan & asuransi,Berusaha sendiri,532100000002,1300 VA,Milik Sendiri,Keramik,Kayu,Genteng,Sumur Bor/Pompa,Listrik PLN,LPG 5.5 kg / 12 kg,Sendiri,Leher Angsa,Tangki Septik,Ya,Ya,Tidak,Ya,Ya,Ya,Normal,Tidak Ada Gangguan,Tidak Ada Gangguan,Tidak Ada Gangguan
3201012474000005,3201012010180002,Hendra Nyak Dien,1975-12-18,51,Laki-laki,Istri,Kawin/Nikah,18031484.0,18031484.0,6,6,Jawa Barat,Kota Bandung,Coblong,Dago,Jl. Ganesha No. 5,PBI APBD (Pemda),Tidak,Ya,Tidak Sekolah Lagi,Diploma (D1-D4),Diploma (D1-D4),Ya,Konstruksi,Berusaha sendiri,532100000002,450 VA,Milik Sendiri,Keramik,Tembok,Asbes,Air Kemasan/Isi Ulang,Listrik PLN,Listrik,Sendiri,Leher Angsa,Tangki Septik,Ya,Ya,Ya,Ya,Ya,Tidak,Normal,Tidak Ada Gangguan,Tidak Ada Gangguan,Tidak Ada Gangguan
3201012289000006,3201012010180002,Ahmad Setiawan,1995-01-22,31,Laki-laki,Anak,Belum Kawin,9704433.0,9704433.0,6,6,Jawa Barat,Kota Bandung,Coblong,Dago,Jl. Ganesha No. 6,PBI APBN (Kemenkes),Ya,Tidak,Tidak Sekolah Lagi,Sarjana (S1),Sarjana (S1),Ya,Industri pengolahan,Buruh/Karyawan/Pegawai,532100000002,1300 VA,Bebas Sewa,Keramik,Tembok,Asbes,Layanan Perpipaan (PDAM),Listrik PLN,Listrik,Sendiri,Leher Angsa,Tangki Septik,Ya,Ya,Ya,Ya,Ya,Tidak,Normal,Tidak Ada Gangguan,Tidak Ada Gangguan,Tidak Ada Gangguan
3201012194000007,3201012010180003,Anisa Santoso,1998-06-16,28,Perempuan,Kepala Keluarga,Kawin/Nikah,8244903.0,8244903.0,4,4,Jawa Tengah,Kota Semarang,Semarang Selatan,Randusari,Jl. Pandanaran No. 7,PBI APBN (Kemenkes),Ya,Tidak,Tidak Sekolah Lagi,Diploma (D1-D4),Diploma (D1-D4),Ya,Konstruksi,Buruh/Karyawan/Pegawai,532100000003,450 VA,Bebas Sewa,Ubin/Teraso,Tembok,Asbes,Air Kemasan/Isi Ulang,Listrik PLN,LPG 3 kg,Sendiri,Leher Angsa,Tangki Septik,Ya,Ya,Ya,Ya,Ya,Ya,Normal,Tidak Ada Gangguan,Tidak Ada Gangguan,Tidak Ada Gangguan
3201011578000008,3201012010180003,Agus Kurniawan,1973-09-25,53,Laki-laki,Istri,Kawin/Nikah,7814865.0,7814865.0,8,8,Jawa Tengah,Kota Semarang,Semarang Selatan,Randusari,Jl. Pandanaran No. 8,Bukan Penerima Bantuan,Tidak,Tidak,Tidak Sekolah Lagi,Magister (S2),Magister (S2),Ya,Perdagangan besar dan eceran,Buruh/Karyawan/Pegawai,532100000003,900 VA,Milik Sendiri,Ubin/Teraso,Tembok,Asbes,Sumur Bor/Pompa,Listrik PLN,LPG 3 kg,Sendiri,Leher Angsa,Tangki Septik,Ya,Ya,Tidak,Ya,Ya,Tidak,Normal,Tidak Ada Gangguan,Tidak Ada Gangguan,Tidak Ada Gangguan
3201011177000009,3201012010180003,Teuku Rahmawati,1981-02-17,45,Laki-laki,Anak,Belum Kawin,3684009.0,3684009.0,10,10,Jawa Tengah,Kota Semarang,Semarang Selatan,Randusari,Jl. Pandanaran No. 9,Bukan Penerima Bantuan,Tidak,Tidak,Tidak Sekolah Lagi,Magister (S2),Magister (S2),Tidak,Industri pengolahan,Berusaha sendiri,532100000003,900 VA,Milik Sendiri,Keramik,Kayu,Seng,Layanan Perpipaan (PDAM),Listrik PLN,LPG 5.5 kg / 12 kg,Sendiri,Leher Angsa,Tangki Septik,Ya,Ya,Tidak,Ya,Ya,Ya,Normal,Tidak Ada Gangguan,Tidak Ada Gangguan,Tidak Ada Gangguan
3201011371000010,3201012010180004,Yuni Putri,1966-04-07,60,Perempuan,Kepala Keluarga,Kawin/Nikah,11675934.0,11675934.0,3,3,Jawa Timur,Kota Surabaya,Tegalsari,Kedungdoro,Jl. Basuki Rahmat No. 10,PKH & BPNT,Tidak,Tidak,Tidak Sekolah Lagi,Magister (S2),Magister (S2),Ya,"Pertanian, kehutanan, dan perikanan",Buruh/Karyawan/Pegawai,532100000004,2200 VA,Bebas Sewa,Keramik,Tembok,Asbes,Sumur Bor/Pompa,Listrik PLN,LPG 3 kg,Sendiri,Leher Angsa,Tangki Septik,Ya,Ya,Ya,Ya,Ya,Ya,Normal,Tidak Ada Gangguan,Tidak Ada Gangguan,Tidak Ada Gangguan
3201011775000011,3201012010180004,Irfan Lestari,1990-04-28,36,Laki-laki,Istri,Kawin/Nikah,2620521.0,2620521.0,7,7,Jawa Timur,Kota Surabaya,Tegalsari,Kedungdoro,Jl. Basuki Rahmat No. 11,PKH & BPNT,Tidak,Tidak,Tidak Sekolah Lagi,Magister (S2),Magister (S2),Ya,Jasa keuangan & asuransi,Berusaha sendiri,532100000004,2200 VA,Milik Sendiri,Keramik,Kayu,Genteng,Air Kemasan/Isi Ulang,Listrik PLN,Listrik,Sendiri,Leher Angsa,Tangki Septik,Ya,Ya,Tidak,Ya,Ya,Tidak,Normal,Tidak Ada Gangguan,Tidak Ada Gangguan,Tidak Ada Gangguan
3201012071000012,3201012010180004,Siti Lestari,1992-09-06,34,Perempuan,Anak,Belum Kawin,4164993.0,4164993.0,2,2,Jawa Timur,Kota Surabaya,Tegalsari,Kedungdoro,Jl. Basuki Rahmat No. 12,Bukan Penerima Bantuan,Tidak,Tidak,Tidak Sekolah Lagi,SMA/SMK/MA,SMA/SMK/MA,Ya,"Pertanian, kehutanan, dan perikanan",Berusaha sendiri,532100000004,450 VA,Bebas Sewa,Keramik,Tembok,Asbes,Air Kemasan/Isi Ulang,Listrik PLN,LPG 5.5 kg / 12 kg,Sendiri,Leher Angsa,Tangki Septik,Ya,Ya,Tidak,Ya,Ya,Ya,Normal,Tidak Ada Gangguan,Tidak Ada Gangguan,Tidak Ada Gangguan
3201012099000013,3201012010180005,Hendra Wibowo,2002-12-11,24,Laki-laki,Kepala Keluarga,Belum Kawin,8520092.0,8520092.0,8,8,Banten,Kota Tangerang,Tangerang,Sukarasa,Jl. Merdeka No. 13,PKH & BPNT,Tidak,Tidak,Tidak Sekolah Lagi,SMA/SMK/MA,SMA/SMK/MA,Ya,Perdagangan besar dan eceran,Berusaha sendiri,532100000005,450 VA,Milik Sendiri,Semen,Tembok,Asbes,Layanan Perpipaan (PDAM),Listrik PLN,LPG 3 kg,Sendiri,Leher Angsa,Tangki Septik,Ya,Ya,Ya,Ya,Ya,Ya,Normal,Tidak Ada Gangguan,Tidak Ada Gangguan,Tidak Ada Gangguan
3201011781000014,3201012010180005,Dedi Sartika,1988-09-23,38,Laki-laki,Istri,Kawin/Nikah,9637076.0,9637076.0,2,2,Banten,Kota Tangerang,Tangerang,Sukarasa,Jl. Merdeka No. 14,PBI APBD (Pemda),Tidak,Ya,Tidak Sekolah Lagi,Sarjana (S1),Sarjana (S1),Ya,Perdagangan besar dan eceran,Buruh/Karyawan/Pegawai,532100000005,900 VA,Kontrak/Sewa,Ubin/Teraso,Tembok,Asbes,Layanan Perpipaan (PDAM),Listrik PLN,LPG 3 kg,Sendiri,Leher Angsa,Tangki Septik,Ya,Ya,Ya,Ya,Ya,Ya,Normal,Tidak Ada Gangguan,Tidak Ada Gangguan,Tidak Ada Gangguan
3201012685000015,3201012010180005,Hendra Rahmawati,1965-11-14,61,Laki-laki,Anak,Belum Kawin,3192456.0,3192456.0,5,5,Banten,Kota Tangerang,Tangerang,Sukarasa,Jl. Merdeka No. 15,PBI APBD (Pemda),Tidak,Ya,Tidak Sekolah Lagi,Magister (S2),Magister (S2),Ya,Industri pengolahan,Pekerja bebas,532100000005,450 VA,Milik Sendiri,Keramik,Tembok,Asbes,Air Kemasan/Isi Ulang,Listrik PLN,LPG 5.5 kg / 12 kg,Sendiri,Leher Angsa,Tangki Septik,Ya,Ya,Tidak,Ya,Ya,Tidak,Normal,Tidak Ada Gangguan,Tidak Ada Gangguan,Tidak Ada Gangguan
3201011471000016,3201012010180006,Dedi Hidayat,1962-06-07,64,Laki-laki,Kepala Keluarga,Kawin/Nikah,13466871.0,13466871.0,10,10,Sumatera Utara,Kota Medan,Medan Baru,Petisah Tengah,Jl. Gajah Mada No. 16,PBI APBD (Pemda),Tidak,Ya,Tidak Sekolah Lagi,Diploma (D1-D4),Diploma (D1-D4),Ya,"Pertanian, kehutanan, dan perikanan",Buruh/Karyawan/Pegawai,532100000006,2200 VA,Milik Sendiri,Keramik,Kayu,Seng,Sumur Bor/Pompa,Listrik PLN,Listrik,Sendiri,Leher Angsa,Tangki Septik,Ya,Ya,Ya,Ya,Ya,Ya,Normal,Tidak Ada Gangguan,Tidak Ada Gangguan,Tidak Ada Gangguan
3201011382000017,3201012010180006,Siti Lestari,1974-04-27,52,Perempuan,Istri,Kawin/Nikah,3833286.0,3833286.0,4,4,Sumatera Utara,Kota Medan,Medan Baru,Petisah Tengah,Jl. Gajah Mada No. 17,PBI APBN (Kemenkes),Ya,Tidak,Tidak Sekolah Lagi,Diploma (D1-D4),Diploma (D1-D4),Ya,Industri pengolahan,Berusaha sendiri,532100000006,1300 VA,Milik Sendiri,Ubin/Teraso,Kayu,Asbes,Sumur Bor/Pompa,Listrik PLN,LPG 5.5 kg / 12 kg,Sendiri,Leher Angsa,Tangki Septik,Ya,Ya,Tidak,Ya,Ya,Ya,Normal,Tidak Ada Gangguan,Tidak Ada Gangguan,Tidak Ada Gangguan
3201012070000018,3201012010180006,Dewi Setiawan,1971-10-09,55,Perempuan,Anak,Belum Kawin,8845385.0,8845385.0,7,7,Sumatera Utara,Kota Medan,Medan Baru,Petisah Tengah,Jl. Gajah Mada No. 18,Bukan Penerima Bantuan,Tidak,Tidak,Tidak Sekolah Lagi,SMA/SMK/MA,SMA/SMK/MA,Tidak,Konstruksi,Buruh/Karyawan/Pegawai,532100000006,1300 VA,Milik Sendiri,Semen,Kayu,Genteng,Sumur Bor/Pompa,Listrik PLN,Listrik,Sendiri,Leher Angsa,Tangki Septik,Ya,Ya,Ya,Ya,Ya,Ya,Normal,Tidak Ada Gangguan,Tidak Ada Gangguan,Tidak Ada Gangguan
3201011681000019,3201012010180007,Irfan Umar,2002-06-20,24,Laki-laki,Kepala Keluarga,Belum Kawin,6245432.0,6245432.0,9,9,Bali,Kota Denpasar,Denpasar Selatan,Sidakarya,Jl. Raya Puputan No. 19,PKH & BPNT,Tidak,Tidak,Tidak Sekolah Lagi,Magister (S2),Magister (S2),Ya,Jasa keuangan & asuransi,Berusaha sendiri,532100000007,1300 VA,Bebas Sewa,Keramik,Tembok,Seng,Sumur Bor/Pompa,Listrik PLN,LPG 5.5 kg / 12 kg,Sendiri,Leher Angsa,Tangki Septik,Ya,Ya,Tidak,Ya,Ya,Ya,Normal,Tidak Ada Gangguan,Tidak Ada Gangguan,Tidak Ada Gangguan
3201012879000020,3201012010180007,Yuni Santoso,1979-05-07,47,Perempuan,Istri,Kawin/Nikah,14400603.0,14400603.0,8,8,Bali,Kota Denpasar,Denpasar Selatan,Sidakarya,Jl. Raya Puputan No. 20,PBI APBD (Pemda),Tidak,Ya,Tidak Sekolah Lagi,Magister (S2),Magister (S2),Ya,Administrasi pemerintahan,Buruh/Karyawan/Pegawai,532100000007,450 VA,Kontrak/Sewa,Semen,Kayu,Genteng,Air Kemasan/Isi Ulang,Listrik PLN,Listrik,Sendiri,Leher Angsa,Tangki Septik,Ya,Ya,Ya,Ya,Ya,Ya,Normal,Tidak Ada Gangguan,Tidak Ada Gangguan,Tidak Ada Gangguan
3201011470000021,3201012010180007,Siti Kusuma,1990-10-28,36,Perempuan,Anak,Belum Kawin,4055076.0,4055076.0,7,7,Bali,Kota Denpasar,Denpasar Selatan,Sidakarya,Jl. Raya Puputan No. 21,PBI APBN + PKH,Ya,Tidak,Tidak Sekolah Lagi,Magister (S2),Magister (S2),Tidak,Administrasi pemerintahan,Pekerja bebas,532100000007,450 VA,Milik Sendiri,Ubin/Teraso,Tembok,Genteng,Sumur Bor/Pompa,Listrik PLN,Listrik,Sendiri,Leher Angsa,Tangki Septik,Ya,Ya,Tidak,Ya,Ya,Ya,Normal,Tidak Ada Gangguan,Tidak Ada Gangguan,Tidak Ada Gangguan
3201011384000022,3201012010180008,Wawan Suryani,2002-09-18,24,Laki-laki,Kepala Keluarga,Belum Kawin,15639300.0,15639300.0,9,9,DKI Jakarta,Jakarta Selatan,Cilandak,Cilandak Barat,Jl. Mawar No. 22,PBI APBN + PKH,Ya,Tidak,Tidak Sekolah Lagi,Diploma (D1-D4),Diploma (D1-D4),Ya,Administrasi pemerintahan,Berusaha sendiri,532100000008,2200 VA,Kontrak/Sewa,Keramik,Kayu,Asbes,Layanan Perpipaan (PDAM),Listrik PLN,Listrik,Sendiri,Leher Angsa,Tangki Septik,Ya,Tidak,Ya,Ya,Ya,Ya,Normal,Tidak Ada Gangguan,Tidak Ada Gangguan,Tidak Ada Gangguan
3201011977000023,3201012010180008,Hendra Putri,1980-09-03,46,Laki-laki,Istri,Kawin/Nikah,3416314.0,3416314.0,4,4,DKI Jakarta,Jakarta Selatan,Cilandak,Cilandak Barat,Jl. Mawar No. 23,PBI APBN (Kemenkes),Ya,Tidak,Tidak Sekolah Lagi,Magister (S2),Magister (S2),Ya,Industri pengolahan,Berusaha sendiri,532100000008,2200 VA,Kontrak/Sewa,Keramik,Tembok,Seng,Layanan Perpipaan (PDAM),Listrik PLN,Listrik,Sendiri,Leher Angsa,Tangki Septik,Ya,Ya,Tidak,Ya,Ya,Tidak,Normal,Tidak Ada Gangguan,Tidak Ada Gangguan,Tidak Ada Gangguan
3201012882000024,3201012010180008,Nur Santoso,1982-05-25,44,Perempuan,Anak,Belum Kawin,3978751.0,3978751.0,8,8,DKI Jakarta,Jakarta Selatan,Cilandak,Cilandak Barat,Jl. Mawar No. 24,PBI APBD (Pemda),Tidak,Ya,Tidak Sekolah Lagi,Sarjana (S1),Sarjana (S1),Ya,Perdagangan besar dan eceran,Berusaha sendiri,532100000008,1300 VA,Bebas Sewa,Semen,Kayu,Asbes,Air Kemasan/Isi Ulang,Listrik PLN,LPG 5.5 kg / 12 kg,Sendiri,Leher Angsa,Tangki Septik,Ya,Ya,Tidak,Ya,Ya,Ya,Normal,Tidak Ada Gangguan,Tidak Ada Gangguan,Tidak Ada Gangguan
3201012770000025,3201012010180009,Yuni Santoso,1965-11-14,61,Perempuan,Kepala Keluarga,Kawin/Nikah,6724453.0,6724453.0,7,7,Jawa Barat,Kota Bogor,Bogor Tengah,Paledang,Jl. Pajajaran No. 25,PKH & BPNT,Tidak,Tidak,Tidak Sekolah Lagi,Diploma (D1-D4),Diploma (D1-D4),Ya,Industri pengolahan,Berusaha sendiri,532100000009,1300 VA,Kontrak/Sewa,Ubin/Teraso,Kayu,Seng,Air Kemasan/Isi Ulang,Listrik PLN,LPG 5.5 kg / 12 kg,Sendiri,Leher Angsa,Tangki Septik,Ya,Tidak,Tidak,Ya,Ya,Ya,Normal,Tidak Ada Gangguan,Tidak Ada Gangguan,Tidak Ada Gangguan
3201012177000026,3201012010180009,Teuku Rahmawati,1961-04-07,65,Laki-laki,Istri,Kawin/Nikah,4403035.0,4403035.0,8,8,Jawa Barat,Kota Bogor,Bogor Tengah,Paledang,Jl. Pajajaran No. 26,PBI APBN (Kemenkes),Ya,Tidak,Tidak Sekolah Lagi,Diploma (D1-D4),Diploma (D1-D4),Ya,Industri pengolahan,Pekerja bebas,532100000009,1300 VA,Kontrak/Sewa,Keramik,Tembok,Genteng,Layanan Perpipaan (PDAM),Listrik PLN,LPG 3 kg,Sendiri,Leher Angsa,Tangki Septik,Ya,Ya,Tidak,Ya,Ya,Ya,Normal,Tidak Ada Gangguan,Tidak Ada Gangguan,Tidak Ada Gangguan
3201012891000027,3201012010180009,Yuni Wijaya,2005-04-03,21,Perempuan,Anak,Belum Kawin,7237168.0,7237168.0,10,10,Jawa Barat,Kota Bogor,Bogor Tengah,Paledang,Jl. Pajajaran No. 27,PBI APBN (Kemenkes),Ya,Tidak,Masih Sekolah,SMP/MTs,SMP/MTs,Tidak,Industri pengolahan,Pekerja bebas,532100000009,1300 VA,Milik Sendiri,Semen,Kayu,Genteng,Layanan Perpipaan (PDAM),Listrik PLN,LPG 5.5 kg / 12 kg,Sendiri,Leher Angsa,Tangki Septik,Ya,Tidak,Tidak,Ya,Ya,Ya,Normal,Tidak Ada Gangguan,Tidak Ada Gangguan,Tidak Ada Gangguan
3201012492000028,3201012010180010,Wawan Kurniawan,1971-12-17,55,Laki-laki,Kepala Keluarga,Kawin/Nikah,16998163.0,16998163.0,8,8,Jawa Barat,Kota Bandung,Coblong,Dago,Jl. Ganesha No. 28,PBI APBN + PKH,Ya,Tidak,Tidak Sekolah Lagi,Sarjana (S1),Sarjana (S1),Ya,Jasa keuangan & asuransi,Buruh/Karyawan/Pegawai,532100000010,450 VA,Kontrak/Sewa,Ubin/Teraso,Tembok,Seng,Sumur Bor/Pompa,Listrik PLN,Listrik,Sendiri,Leher Angsa,Tangki Septik,Ya,Ya,Ya,Ya,Ya,Ya,Normal,Tidak Ada Gangguan,Tidak Ada Gangguan,Tidak Ada Gangguan
3201012597000029,3201012010180010,Cut Sartika,1991-04-12,35,Perempuan,Istri,Kawin/Nikah,7545945.0,7545945.0,9,9,Jawa Barat,Kota Bandung,Coblong,Dago,Jl. Ganesha No. 29,PBI APBN (Kemenkes),Ya,Tidak,Tidak Sekolah Lagi,Diploma (D1-D4),Diploma (D1-D4),Ya,Perdagangan besar dan eceran,Buruh/Karyawan/Pegawai,532100000010,2200 VA,Kontrak/Sewa,Semen,Tembok,Asbes,Layanan Perpipaan (PDAM),Listrik PLN,Listrik,Sendiri,Leher Angsa,Tangki Septik,Ya,Ya,Tidak,Ya,Ya,Ya,Normal,Tidak Ada Gangguan,Tidak Ada Gangguan,Tidak Ada Gangguan
3201011072000030,3201012010180010,Dedi Kusuma,1985-12-08,41,Laki-laki,Anak,Belum Kawin,8295567.0,8295567.0,7,7,Jawa Barat,Kota Bandung,Coblong,Dago,Jl. Ganesha No. 30,Bukan Penerima Bantuan,Tidak,Tidak,Tidak Sekolah Lagi,Sarjana (S1),Sarjana (S1),Tidak,Industri pengolahan,Berusaha sendiri,532100000010,1300 VA,Kontrak/Sewa,Keramik,Tembok,Asbes,Air Kemasan/Isi Ulang,Listrik PLN,LPG 5.5 kg / 12 kg,Sendiri,Leher Angsa,Tangki Septik,Ya,Tidak,Ya,Ya,Ya,Ya,Normal,Tidak Ada Gangguan,Tidak Ada Gangguan,Tidak Ada Gangguan
3201011576000031,3201012010180011,Rahmat Lestari,1977-12-19,49,Laki-laki,Kepala Keluarga,Kawin/Nikah,4351560.0,4351560.0,5,5,Jawa Tengah,Kota Semarang,Semarang Selatan,Randusari,Jl. Pandanaran No. 31,PBI APBD (Pemda),Tidak,Ya,Tidak Sekolah Lagi,Sarjana (S1),Sarjana (S1),Ya,"Pertanian, kehutanan, dan perikanan",Berusaha sendiri,532100000011,450 VA,Bebas Sewa,Semen,Tembok,Seng,Air Kemasan/Isi Ulang,Listrik PLN,LPG 3 kg,Sendiri,Leher Angsa,Tangki Septik,Ya,Ya,Tidak,Ya,Ya,Ya,Normal,Tidak Ada Gangguan,Tidak Ada Gangguan,Tidak Ada Gangguan
3201011490000032,3201012010180011,Nur Pratama,1960-10-10,66,Perempuan,Istri,Kawin/Nikah,4103936.0,4103936.0,1,1,Jawa Tengah,Kota Semarang,Semarang Selatan,Randusari,Jl. Pandanaran No. 32,PKH & BPNT,Tidak,Tidak,Tidak Sekolah Lagi,Magister (S2),Magister (S2),Ya,Perdagangan besar dan eceran,Buruh/Karyawan/Pegawai,532100000011,2200 VA,Kontrak/Sewa,Keramik,Tembok,Genteng,Air Kemasan/Isi Ulang,Listrik PLN,Listrik,Sendiri,Leher Angsa,Tangki Septik,Ya,Ya,Tidak,Ya,Ya,Tidak,Normal,Tidak Ada Gangguan,Tidak Ada Gangguan,Tidak Ada Gangguan
3201011773000033,3201012010180011,Tri Kurniawan,1998-10-26,28,Laki-laki,Anak,Belum Kawin,13690842.0,13690842.0,8,8,Jawa Tengah,Kota Semarang,Semarang Selatan,Randusari,Jl. Pandanaran No. 33,PKH & BPNT,Tidak,Tidak,Tidak Sekolah Lagi,Magister (S2),Magister (S2),Tidak,Konstruksi,Buruh/Karyawan/Pegawai,532100000011,450 VA,Milik Sendiri,Semen,Tembok,Seng,Sumur Bor/Pompa,Listrik PLN,LPG 3 kg,Sendiri,Leher Angsa,Tangki Septik,Ya,Tidak,Ya,Ya,Ya,Tidak,Normal,Tidak Ada Gangguan,Tidak Ada Gangguan,Tidak Ada Gangguan
3201011275000034,3201012010180012,Budi Kurniawan,1988-12-20,38,Laki-laki,Kepala Keluarga,Kawin/Nikah,5473802.0,5473802.0,5,5,Jawa Timur,Kota Surabaya,Tegalsari,Kedungdoro,Jl. Basuki Rahmat No. 34,PBI APBN + PKH,Ya,Tidak,Tidak Sekolah Lagi,SMA/SMK/MA,SMA/SMK/MA,Ya,Administrasi pemerintahan,Buruh/Karyawan/Pegawai,532100000012,1300 VA,Bebas Sewa,Semen,Tembok,Seng,Air Kemasan/Isi Ulang,Listrik PLN,Listrik,Sendiri,Leher Angsa,Tangki Septik,Ya,Tidak,Tidak,Ya,Ya,Tidak,Normal,Tidak Ada Gangguan,Tidak Ada Gangguan,Tidak Ada Gangguan
3201011896000035,3201012010180012,Wawan Umar,1963-03-26,63,Laki-laki,Istri,Kawin/Nikah,2522554.0,2522554.0,8,8,Jawa Timur,Kota Surabaya,Tegalsari,Kedungdoro,Jl. Basuki Rahmat No. 35,PKH & BPNT,Tidak,Tidak,Tidak Sekolah Lagi,Magister (S2),Magister (S2),Ya,Jasa keuangan & asuransi,Pekerja bebas,532100000012,2200 VA,Kontrak/Sewa,Keramik,Tembok,Seng,Sumur Bor/Pompa,Listrik PLN,LPG 5.5 kg / 12 kg,Sendiri,Leher Angsa,Tangki Septik,Ya,Ya,Tidak,Ya,Ya,Tidak,Normal,Tidak Ada Gangguan,Tidak Ada Gangguan,Tidak Ada Gangguan
3201011791000036,3201012010180012,Eko Santoso,2003-05-19,23,Laki-laki,Anak,Belum Kawin,14446846.0,14446846.0,5,5,Jawa Timur,Kota Surabaya,Tegalsari,Kedungdoro,Jl. Basuki Rahmat No. 36,PBI APBD (Pemda),Tidak,Ya,Tidak Sekolah Lagi,SMA/SMK/MA,SMA/SMK/MA,Ya,Industri pengolahan,Buruh/Karyawan/Pegawai,532100000012,2200 VA,Kontrak/Sewa,Ubin/Teraso,Kayu,Seng,Sumur Bor/Pompa,Listrik PLN,LPG 3 kg,Sendiri,Leher Angsa,Tangki Septik,Ya,Ya,Ya,Ya,Ya,Ya,Normal,Tidak Ada Gangguan,Tidak Ada Gangguan,Tidak Ada Gangguan
3201012579000037,3201012010180013,Yuni Rahmawati,1989-02-11,37,Perempuan,Kepala Keluarga,Kawin/Nikah,16980601.0,16980601.0,9,9,Banten,Kota Tangerang,Tangerang,Sukarasa,Jl. Merdeka No. 37,PBI APBN (Kemenkes),Ya,Tidak,Tidak Sekolah Lagi,Magister (S2),Magister (S2),Ya,Industri pengolahan,Buruh/Karyawan/Pegawai,532100000013,900 VA,Bebas Sewa,Ubin/Teraso,Kayu,Asbes,Layanan Perpipaan (PDAM),Listrik PLN,LPG 3 kg,Sendiri,Leher Angsa,Tangki Septik,Ya,Tidak,Ya,Ya,Ya,Ya,Normal,Tidak Ada Gangguan,Tidak Ada Gangguan,Tidak Ada Gangguan
3201011984000038,3201012010180013,Nur Pratama,1961-11-20,65,Perempuan,Istri,Kawin/Nikah,2450921.0,2450921.0,9,9,Banten,Kota Tangerang,Tangerang,Sukarasa,Jl. Merdeka No. 38,PBI APBN + PKH,Ya,Tidak,Tidak Sekolah Lagi,SMA/SMK/MA,SMA/SMK/MA,Ya,"Pertanian, kehutanan, dan perikanan",Buruh/Karyawan/Pegawai,532100000013,2200 VA,Milik Sendiri,Semen,Tembok,Seng,Sumur Bor/Pompa,Listrik PLN,LPG 5.5 kg / 12 kg,Sendiri,Leher Angsa,Tangki Septik,Ya,Ya,Tidak,Ya,Ya,Ya,Normal,Tidak Ada Gangguan,Tidak Ada Gangguan,Tidak Ada Gangguan
3201012585000039,3201012010180013,Rina Suryani,1995-03-13,31,Perempuan,Anak,Belum Kawin,4356985.0,4356985.0,2,2,Banten,Kota Tangerang,Tangerang,Sukarasa,Jl. Merdeka No. 39,PKH & BPNT,Tidak,Tidak,Tidak Sekolah Lagi,Magister (S2),Magister (S2),Tidak,Konstruksi,Berusaha sendiri,532100000013,450 VA,Kontrak/Sewa,Semen,Kayu,Asbes,Sumur Bor/Pompa,Listrik PLN,Listrik,Sendiri,Leher Angsa,Tangki Septik,Ya,Ya,Tidak,Ya,Ya,Tidak,Normal,Tidak Ada Gangguan,Tidak Ada Gangguan,Tidak Ada Gangguan
3201012785000040,3201012010180014,Bambang Putri,1995-09-13,31,Laki-laki,Kepala Keluarga,Kawin/Nikah,3774816.0,3774816.0,10,10,Sumatera Utara,Kota Medan,Medan Baru,Petisah Tengah,Jl. Gajah Mada No. 40,PBI APBN + PKH,Ya,Tidak,Tidak Sekolah Lagi,Diploma (D1-D4),Diploma (D1-D4),Ya,Industri pengolahan,Buruh/Karyawan/Pegawai,532100000014,1300 VA,Bebas Sewa,Ubin/Teraso,Kayu,Seng,Sumur Bor/Pompa,Listrik PLN,Listrik,Sendiri,Leher Angsa,Tangki Septik,Ya,Ya,Tidak,Ya,Ya,Ya,Normal,Tidak Ada Gangguan,Tidak Ada Gangguan,Tidak Ada Gangguan
3201011174000041,3201012010180014,Agus Putri,1966-08-04,60,Laki-laki,Istri,Kawin/Nikah,4058247.0,4058247.0,7,7,Sumatera Utara,Kota Medan,Medan Baru,Petisah Tengah,Jl. Gajah Mada No. 41,PBI APBD (Pemda),Tidak,Ya,Tidak Sekolah Lagi,SMA/SMK/MA,SMA/SMK/MA,Ya,Industri pengolahan,Berusaha sendiri,532100000014,1300 VA,Bebas Sewa,Semen,Kayu,Asbes,Air Kemasan/Isi Ulang,Listrik PLN,LPG 5.5 kg / 12 kg,Sendiri,Leher Angsa,Tangki Septik,Ya,Ya,Tidak,Ya,Ya,Ya,Normal,Tidak Ada Gangguan,Tidak Ada Gangguan,Tidak Ada Gangguan
3201012280000042,3201012010180014,Nur Rahmawati,1999-02-08,27,Perempuan,Anak,Belum Kawin,2861820.0,2861820.0,7,7,Sumatera Utara,Kota Medan,Medan Baru,Petisah Tengah,Jl. Gajah Mada No. 42,PBI APBN (Kemenkes),Ya,Tidak,Tidak Sekolah Lagi,SMA/SMK/MA,SMA/SMK/MA,Ya,Administrasi pemerintahan,Berusaha sendiri,532100000014,450 VA,Milik Sendiri,Ubin/Teraso,Tembok,Seng,Layanan Perpipaan (PDAM),Listrik PLN,LPG 5.5 kg / 12 kg,Sendiri,Leher Angsa,Tangki Septik,Ya,Ya,Tidak,Ya,Ya,Ya,Normal,Tidak Ada Gangguan,Tidak Ada Gangguan,Tidak Ada Gangguan
3201012388000043,3201012010180015,Anisa Sartika,1971-02-20,55,Perempuan,Kepala Keluarga,Kawin/Nikah,4399626.0,4399626.0,4,4,Bali,Kota Denpasar,Denpasar Selatan,Sidakarya,Jl. Raya Puputan No. 43,PBI APBN + PKH,Ya,Tidak,Tidak Sekolah Lagi,Sarjana (S1),Sarjana (S1),Ya,Industri pengolahan,Berusaha sendiri,532100000015,450 VA,Kontrak/Sewa,Ubin/Teraso,Tembok,Genteng,Layanan Perpipaan (PDAM),Listrik PLN,LPG 5.5 kg / 12 kg,Sendiri,Leher Angsa,Tangki Septik,Ya,Ya,Tidak,Ya,Ya,Ya,Normal,Tidak Ada Gangguan,Tidak Ada Gangguan,Tidak Ada Gangguan
3201012392000044,3201012010180015,Hendra Suryani,1979-04-13,47,Laki-laki,Istri,Kawin/Nikah,7189825.0,7189825.0,10,10,Bali,Kota Denpasar,Denpasar Selatan,Sidakarya,Jl. Raya Puputan No. 44,PKH & BPNT,Tidak,Tidak,Tidak Sekolah Lagi,Sarjana (S1),Sarjana (S1),Ya,Perdagangan besar dan eceran,Pekerja bebas,532100000015,2200 VA,Kontrak/Sewa,Keramik,Tembok,Asbes,Sumur Bor/Pompa,Listrik PLN,LPG 5.5 kg / 12 kg,Sendiri,Leher Angsa,Tangki Septik,Ya,Ya,Tidak,Ya,Ya,Ya,Normal,Tidak Ada Gangguan,Tidak Ada Gangguan,Tidak Ada Gangguan
3201011789000045,3201012010180015,Bambang Kusuma,2000-04-20,26,Laki-laki,Anak,Belum Kawin,2462801.0,2462801.0,1,1,Bali,Kota Denpasar,Denpasar Selatan,Sidakarya,Jl. Raya Puputan No. 45,PKH & BPNT,Tidak,Tidak,Tidak Sekolah Lagi,Magister (S2),Magister (S2),Tidak,Jasa keuangan & asuransi,Pekerja bebas,532100000015,900 VA,Milik Sendiri,Ubin/Teraso,Kayu,Asbes,Layanan Perpipaan (PDAM),Listrik PLN,LPG 3 kg,Sendiri,Leher Angsa,Tangki Septik,Ya,Tidak,Tidak,Ya,Ya,Ya,Normal,Tidak Ada Gangguan,Tidak Ada Gangguan,Tidak Ada Gangguan
3201012186000046,3201012010180016,Agus Setiawan,1970-05-27,56,Laki-laki,Kepala Keluarga,Kawin/Nikah,7675825.0,7675825.0,2,2,DKI Jakarta,Jakarta Selatan,Cilandak,Cilandak Barat,Jl. Mawar No. 46,PBI APBN + PKH,Ya,Tidak,Tidak Sekolah Lagi,SMA/SMK/MA,SMA/SMK/MA,Ya,"Pertanian, kehutanan, dan perikanan",Buruh/Karyawan/Pegawai,532100000016,2200 VA,Bebas Sewa,Ubin/Teraso,Tembok,Seng,Air Kemasan/Isi Ulang,Listrik PLN,LPG 5.5 kg / 12 kg,Sendiri,Leher Angsa,Tangki Septik,Ya,Ya,Tidak,Ya,Ya,Ya,Normal,Tidak Ada Gangguan,Tidak Ada Gangguan,Tidak Ada Gangguan
3201011888000047,3201012010180016,Yuni Hidayat,1966-11-08,60,Perempuan,Istri,Kawin/Nikah,3152480.0,3152480.0,2,2,DKI Jakarta,Jakarta Selatan,Cilandak,Cilandak Barat,Jl. Mawar No. 47,PBI APBN + PKH,Ya,Tidak,Tidak Sekolah Lagi,Sarjana (S1),Sarjana (S1),Ya,Administrasi pemerintahan,Berusaha sendiri,532100000016,450 VA,Milik Sendiri,Keramik,Tembok,Seng,Layanan Perpipaan (PDAM),Listrik PLN,LPG 3 kg,Sendiri,Leher Angsa,Tangki Septik,Ya,Tidak,Tidak,Ya,Ya,Ya,Normal,Tidak Ada Gangguan,Tidak Ada Gangguan,Tidak Ada Gangguan
3201011482000048,3201012010180016,Ahmad Hidayat,2002-12-23,24,Laki-laki,Anak,Belum Kawin,17927389.0,17927389.0,2,2,DKI Jakarta,Jakarta Selatan,Cilandak,Cilandak Barat,Jl. Mawar No. 48,PBI APBN + PKH,Ya,Tidak,Tidak Sekolah Lagi,Magister (S2),Magister (S2),Ya,Jasa keuangan & asuransi,Buruh/Karyawan/Pegawai,532100000016,1300 VA,Milik Sendiri,Ubin/Teraso,Kayu,Genteng,Layanan Perpipaan (PDAM),Listrik PLN,LPG 3 kg,Sendiri,Leher Angsa,Tangki Septik,Ya,Ya,Ya,Ya,Ya,Ya,Normal,Tidak Ada Gangguan,Tidak Ada Gangguan,Tidak Ada Gangguan
3201012171000049,3201012010180017,Yuni Setiawan,1972-02-28,54,Perempuan,Kepala Keluarga,Kawin/Nikah,2676805.0,2676805.0,1,1,Jawa Barat,Kota Bogor,Bogor Tengah,Paledang,Jl. Pajajaran No. 49,PKH & BPNT,Tidak,Tidak,Tidak Sekolah Lagi,Diploma (D1-D4),Diploma (D1-D4),Ya,"Pertanian, kehutanan, dan perikanan",Pekerja bebas,532100000017,900 VA,Milik Sendiri,Semen,Tembok,Asbes,Air Kemasan/Isi Ulang,Listrik PLN,LPG 3 kg,Sendiri,Leher Angsa,Tangki Septik,Ya,Ya,Tidak,Ya,Ya,Tidak,Normal,Tidak Ada Gangguan,Tidak Ada Gangguan,Tidak Ada Gangguan
3201011078000050,3201012010180017,Wawan Nyak Dien,1994-05-26,32,Laki-laki,Istri,Kawin/Nikah,2382973.0,2382973.0,6,6,Jawa Barat,Kota Bogor,Bogor Tengah,Paledang,Jl. Pajajaran No. 50,PBI APBD (Pemda),Tidak,Ya,Tidak Sekolah Lagi,Sarjana (S1),Sarjana (S1),Ya,Perdagangan besar dan eceran,Buruh/Karyawan/Pegawai,532100000017,1300 VA,Milik Sendiri,Keramik,Kayu,Asbes,Air Kemasan/Isi Ulang,Listrik PLN,Listrik,Sendiri,Leher Angsa,Tangki Septik,Ya,Tidak,Tidak,Ya,Ya,Ya,Normal,Tidak Ada Gangguan,Tidak Ada Gangguan,Tidak Ada Gangguan
3201012186000051,3201012010180017,Eko Pratama,1988-09-08,38,Laki-laki,Anak,Belum Kawin,13030258.0,13030258.0,1,1,Jawa Barat,Kota Bogor,Bogor Tengah,Paledang,Jl. Pajajaran No. 51,PBI APBN (Kemenkes),Ya,Tidak,Tidak Sekolah Lagi,Magister (S2),Magister (S2),Ya,Industri pengolahan,Pekerja bebas,532100000017,450 VA,Kontrak/Sewa,Semen,Kayu,Genteng,Air Kemasan/Isi Ulang,Listrik PLN,LPG 5.5 kg / 12 kg,Sendiri,Leher Angsa,Tangki Septik,Ya,Ya,Ya,Ya,Ya,Tidak,Normal,Tidak Ada Gangguan,Tidak Ada Gangguan,Tidak Ada Gangguan
3201011889000052,3201012010180018,Eko Putri,1984-10-17,42,Laki-laki,Kepala Keluarga,Kawin/Nikah,15578688.0,15578688.0,2,2,Jawa Barat,Kota Bandung,Coblong,Dago,Jl. Ganesha No. 52,PBI APBN (Kemenkes),Ya,Tidak,Tidak Sekolah Lagi,Diploma (D1-D4),Diploma (D1-D4),Ya,Industri pengolahan,Berusaha sendiri,532100000018,900 VA,Kontrak/Sewa,Ubin/Teraso,Kayu,Seng,Layanan Perpipaan (PDAM),Listrik PLN,Listrik,Sendiri,Leher Angsa,Tangki Septik,Ya,Tidak,Ya,Ya,Ya,Ya,Normal,Tidak Ada Gangguan,Tidak Ada Gangguan,Tidak Ada Gangguan
3201011881000053,3201012010180018,Wawan Lestari,1964-02-27,62,Laki-laki,Istri,Kawin/Nikah,8822842.0,8822842.0,3,3,Jawa Barat,Kota Bandung,Coblong,Dago,Jl. Ganesha No. 53,Bukan Penerima Bantuan,Tidak,Tidak,Tidak Sekolah Lagi,SMA/SMK/MA,SMA/SMK/MA,Ya,Konstruksi,Pekerja bebas,532100000018,1300 VA,Bebas Sewa,Keramik,Kayu,Seng,Sumur Bor/Pompa,Listrik PLN,LPG 5.5 kg / 12 kg,Sendiri,Leher Angsa,Tangki Septik,Ya,Ya,Ya,Ya,Ya,Ya,Normal,Tidak Ada Gangguan,Tidak Ada Gangguan,Tidak Ada Gangguan
3201011989000054,3201012010180018,Dedi Hidayat,1966-10-17,60,Laki-laki,Anak,Belum Kawin,2423072.0,2423072.0,6,6,Jawa Barat,Kota Bandung,Coblong,Dago,Jl. Ganesha No. 54,Bukan Penerima Bantuan,Tidak,Tidak,Tidak Sekolah Lagi,Sarjana (S1),Sarjana (S1),Tidak,Jasa keuangan & asuransi,Pekerja bebas,532100000018,900 VA,Kontrak/Sewa,Semen,Tembok,Asbes,Sumur Bor/Pompa,Listrik PLN,Listrik,Sendiri,Leher Angsa,Tangki Septik,Ya,Tidak,Tidak,Ya,Ya,Tidak,Normal,Tidak Ada Gangguan,Tidak Ada Gangguan,Tidak Ada Gangguan
3201011999000055,3201012010180019,Cut Hidayat,1960-03-28,66,Perempuan,Kepala Keluarga,Kawin/Nikah,4287661.0,4287661.0,1,1,Jawa Tengah,Kota Semarang,Semarang Selatan,Randusari,Jl. Pandanaran No. 55,PBI APBN (Kemenkes),Ya,Tidak,Tidak Sekolah Lagi,Diploma (D1-D4),Diploma (D1-D4),Ya,Industri pengolahan,Berusaha sendiri,532100000019,2200 VA,Kontrak/Sewa,Keramik,Kayu,Seng,Sumur Bor/Pompa,Listrik PLN,LPG 5.5 kg / 12 kg,Sendiri,Leher Angsa,Tangki Septik,Ya,Ya,Tidak,Ya,Ya,Ya,Normal,Tidak Ada Gangguan,Tidak Ada Gangguan,Tidak Ada Gangguan
3201011298000056,3201012010180019,Siti Nyak Dien,1970-10-02,56,Perempuan,Istri,Kawin/Nikah,16052744.0,16052744.0,8,8,Jawa Tengah,Kota Semarang,Semarang Selatan,Randusari,Jl. Pandanaran No. 56,Bukan Penerima Bantuan,Tidak,Tidak,Tidak Sekolah Lagi,Magister (S2),Magister (S2),Ya,Industri pengolahan,Berusaha sendiri,532100000019,900 VA,Bebas Sewa,Keramik,Kayu,Seng,Air Kemasan/Isi Ulang,Listrik PLN,LPG 5.5 kg / 12 kg,Sendiri,Leher Angsa,Tangki Septik,Ya,Ya,Ya,Ya,Ya,Ya,Normal,Tidak Ada Gangguan,Tidak Ada Gangguan,Tidak Ada Gangguan
3201012691000057,3201012010180019,Dedi Rahmawati,1974-07-20,52,Laki-laki,Anak,Belum Kawin,3116120.0,3116120.0,3,3,Jawa Tengah,Kota Semarang,Semarang Selatan,Randusari,Jl. Pandanaran No. 57,PKH & BPNT,Tidak,Tidak,Tidak Sekolah Lagi,Sarjana (S1),Sarjana (S1),Tidak,Perdagangan besar dan eceran,Berusaha sendiri,532100000019,2200 VA,Milik Sendiri,Keramik,Kayu,Asbes,Sumur Bor/Pompa,Listrik PLN,LPG 3 kg,Sendiri,Leher Angsa,Tangki Septik,Ya,Ya,Tidak,Ya,Ya,Ya,Normal,Tidak Ada Gangguan,Tidak Ada Gangguan,Tidak Ada Gangguan
3201012172000058,3201012010180020,Yuni Rahmawati,1987-01-15,39,Perempuan,Kepala Keluarga,Kawin/Nikah,15310025.0,15310025.0,7,7,Jawa Timur,Kota Surabaya,Tegalsari,Kedungdoro,Jl. Basuki Rahmat No. 58,PKH & BPNT,Tidak,Tidak,Tidak Sekolah Lagi,SMA/SMK/MA,SMA/SMK/MA,Ya,Industri pengolahan,Buruh/Karyawan/Pegawai,532100000020,1300 VA,Milik Sendiri,Semen,Kayu,Asbes,Layanan Perpipaan (PDAM),Listrik PLN,LPG 3 kg,Sendiri,Leher Angsa,Tangki Septik,Ya,Ya,Ya,Ya,Ya,Tidak,Normal,Tidak Ada Gangguan,Tidak Ada Gangguan,Tidak Ada Gangguan
3201012388000059,3201012010180020,Yuni Umar,1985-05-24,41,Perempuan,Istri,Kawin/Nikah,3564670.0,3564670.0,2,2,Jawa Timur,Kota Surabaya,Tegalsari,Kedungdoro,Jl. Basuki Rahmat No. 59,Bukan Penerima Bantuan,Tidak,Tidak,Tidak Sekolah Lagi,SMA/SMK/MA,SMA/SMK/MA,Ya,Konstruksi,Pekerja bebas,532100000020,900 VA,Kontrak/Sewa,Ubin/Teraso,Tembok,Genteng,Air Kemasan/Isi Ulang,Listrik PLN,LPG 3 kg,Sendiri,Leher Angsa,Tangki Septik,Ya,Tidak,Tidak,Ya,Ya,Tidak,Normal,Tidak Ada Gangguan,Tidak Ada Gangguan,Tidak Ada Gangguan
3201011494000060,3201012010180020,Teuku Sartika,2000-08-15,26,Laki-laki,Anak,Belum Kawin,8965690.0,8965690.0,6,6,Jawa Timur,Kota Surabaya,Tegalsari,Kedungdoro,Jl. Basuki Rahmat No. 60,PBI APBD (Pemda),Tidak,Ya,Tidak Sekolah Lagi,Magister (S2),Magister (S2),Tidak,Industri pengolahan,Pekerja bebas,532100000020,1300 VA,Kontrak/Sewa,Semen,Tembok,Seng,Sumur Bor/Pompa,Listrik PLN,LPG 3 kg,Sendiri,Leher Angsa,Tangki Septik,Ya,Ya,Ya,Ya,Ya,Ya,Normal,Tidak Ada Gangguan,Tidak Ada Gangguan,Tidak Ada Gangguan
3201011181000061,3201012010180021,Dedi Umar,2001-02-20,25,Laki-laki,Kepala Keluarga,Kawin/Nikah,2822937.0,2822937.0,8,8,Banten,Kota Tangerang,Tangerang,Sukarasa,Jl. Merdeka No. 61,Bukan Penerima Bantuan,Tidak,Tidak,Tidak Sekolah Lagi,Diploma (D1-D4),Diploma (D1-D4),Ya,Jasa keuangan & asuransi,Pekerja bebas,532100000021,2200 VA,Bebas Sewa,Keramik,Tembok,Seng,Air Kemasan/Isi Ulang,Listrik PLN,LPG 5.5 kg / 12 kg,Sendiri,Leher Angsa,Tangki Septik,Ya,Ya,Tidak,Ya,Ya,Tidak,Normal,Tidak Ada Gangguan,Tidak Ada Gangguan,Tidak Ada Gangguan
3201011571000062,3201012010180021,Rina Suryani,1988-09-17,38,Perempuan,Istri,Kawin/Nikah,8252597.0,8252597.0,7,7,Banten,Kota Tangerang,Tangerang,Sukarasa,Jl. Merdeka No. 62,PBI APBN + PKH,Ya,Tidak,Tidak Sekolah Lagi,Sarjana (S1),Sarjana (S1),Ya,Administrasi pemerintahan,Pekerja bebas,532100000021,450 VA,Bebas Sewa,Semen,Kayu,Genteng,Layanan Perpipaan (PDAM),Listrik PLN,LPG 3 kg,Sendiri,Leher Angsa,Tangki Septik,Ya,Ya,Ya,Ya,Ya,Ya,Normal,Tidak Ada Gangguan,Tidak Ada Gangguan,Tidak Ada Gangguan
3201011893000063,3201012010180021,Sri Nyak Dien,1981-02-19,45,Perempuan,Anak,Belum Kawin,13102412.0,13102412.0,3,3,Banten,Kota Tangerang,Tangerang,Sukarasa,Jl. Merdeka No. 63,Bukan Penerima Bantuan,Tidak,Tidak,Tidak Sekolah Lagi,SMA/SMK/MA,SMA/SMK/MA,Tidak,Industri pengolahan,Pekerja bebas,532100000021,1300 VA,Milik Sendiri,Semen,Tembok,Asbes,Sumur Bor/Pompa,Listrik PLN,LPG 5.5 kg / 12 kg,Sendiri,Leher Angsa,Tangki Septik,Ya,Ya,Ya,Ya,Ya,Tidak,Normal,Tidak Ada Gangguan,Tidak Ada Gangguan,Tidak Ada Gangguan
3201011975000064,3201012010180022,Rahmat Putri,1991-04-08,35,Laki-laki,Kepala Keluarga,Kawin/Nikah,2344247.0,2344247.0,9,9,Sumatera Utara,Kota Medan,Medan Baru,Petisah Tengah,Jl. Gajah Mada No. 64,Bukan Penerima Bantuan,Tidak,Tidak,Tidak Sekolah Lagi,SMA/SMK/MA,SMA/SMK/MA,Ya,Administrasi pemerintahan,Berusaha sendiri,532100000022,900 VA,Bebas Sewa,Ubin/Teraso,Tembok,Genteng,Air Kemasan/Isi Ulang,Listrik PLN,Listrik,Sendiri,Leher Angsa,Tangki Septik,Ya,Ya,Tidak,Ya,Ya,Ya,Normal,Tidak Ada Gangguan,Tidak Ada Gangguan,Tidak Ada Gangguan
3201011593000065,3201012010180022,Ahmad Rahmawati,1986-06-22,40,Laki-laki,Istri,Kawin/Nikah,16811514.0,16811514.0,4,4,Sumatera Utara,Kota Medan,Medan Baru,Petisah Tengah,Jl. Gajah Mada No. 65,Bukan Penerima Bantuan,Tidak,Tidak,Tidak Sekolah Lagi,Diploma (D1-D4),Diploma (D1-D4),Ya,Jasa keuangan & asuransi,Berusaha sendiri,532100000022,900 VA,Kontrak/Sewa,Semen,Kayu,Seng,Layanan Perpipaan (PDAM),Listrik PLN,LPG 5.5 kg / 12 kg,Sendiri,Leher Angsa,Tangki Septik,Ya,Ya,Ya,Ya,Ya,Ya,Normal,Tidak Ada Gangguan,Tidak Ada Gangguan,Tidak Ada Gangguan
3201011596000066,3201012010180022,Rahmat Nyak Dien,1976-01-21,50,Laki-laki,Anak,Belum Kawin,2703935.0,2703935.0,5,5,Sumatera Utara,Kota Medan,Medan Baru,Petisah Tengah,Jl. Gajah Mada No. 66,PBI APBN (Kemenkes),Ya,Tidak,Tidak Sekolah Lagi,Diploma (D1-D4),Diploma (D1-D4),Tidak,Konstruksi,Buruh/Karyawan/Pegawai,532100000022,2200 VA,Milik Sendiri,Keramik,Kayu,Seng,Air Kemasan/Isi Ulang,Listrik PLN,LPG 5.5 kg / 12 kg,Sendiri,Leher Angsa,Tangki Septik,Ya,Tidak,Tidak,Ya,Ya,Ya,Normal,Tidak Ada Gangguan,Tidak Ada Gangguan,Tidak Ada Gangguan
3201011782000067,3201012010180023,Teuku Hidayat,1974-01-11,52,Laki-laki,Kepala Keluarga,Kawin/Nikah,4598843.0,4598843.0,3,3,Bali,Kota Denpasar,Denpasar Selatan,Sidakarya,Jl. Raya Puputan No. 67,PBI APBN (Kemenkes),Ya,Tidak,Tidak Sekolah Lagi,Sarjana (S1),Sarjana (S1),Ya,Industri pengolahan,Pekerja bebas,532100000023,900 VA,Bebas Sewa,Ubin/Teraso,Kayu,Asbes,Air Kemasan/Isi Ulang,Listrik PLN,LPG 3 kg,Sendiri,Leher Angsa,Tangki Septik,Ya,Tidak,Tidak,Ya,Ya,Ya,Normal,Tidak Ada Gangguan,Tidak Ada Gangguan,Tidak Ada Gangguan
3201011487000068,3201012010180023,Sri Kurniawan,1967-05-08,59,Perempuan,Istri,Kawin/Nikah,12500175.0,12500175.0,10,10,Bali,Kota Denpasar,Denpasar Selatan,Sidakarya,Jl. Raya Puputan No. 68,PBI APBN + PKH,Ya,Tidak,Tidak Sekolah Lagi,SMA/SMK/MA,SMA/SMK/MA,Ya,Perdagangan besar dan eceran,Berusaha sendiri,532100000023,450 VA,Bebas Sewa,Semen,Tembok,Asbes,Air Kemasan/Isi Ulang,Listrik PLN,LPG 5.5 kg / 12 kg,Sendiri,Leher Angsa,Tangki Septik,Ya,Ya,Ya,Ya,Ya,Ya,Normal,Tidak Ada Gangguan,Tidak Ada Gangguan,Tidak Ada Gangguan
3201011788000069,3201012010180023,Irfan Sartika,2002-11-03,24,Laki-laki,Anak,Belum Kawin,2748913.0,2748913.0,7,7,Bali,Kota Denpasar,Denpasar Selatan,Sidakarya,Jl. Raya Puputan No. 69,PBI APBN + PKH,Ya,Tidak,Tidak Sekolah Lagi,SMA/SMK/MA,SMA/SMK/MA,Ya,Jasa keuangan & asuransi,Berusaha sendiri,532100000023,450 VA,Kontrak/Sewa,Keramik,Kayu,Genteng,Sumur Bor/Pompa,Listrik PLN,Listrik,Sendiri,Leher Angsa,Tangki Septik,Ya,Ya,Tidak,Ya,Ya,Ya,Normal,Tidak Ada Gangguan,Tidak Ada Gangguan,Tidak Ada Gangguan
3201012074000070,3201012010180024,Siti Hidayat,1994-06-27,32,Perempuan,Kepala Keluarga,Kawin/Nikah,16333347.0,16333347.0,3,3,DKI Jakarta,Jakarta Selatan,Cilandak,Cilandak Barat,Jl. Mawar No. 70,PBI APBD (Pemda),Tidak,Ya,Tidak Sekolah Lagi,SMA/SMK/MA,SMA/SMK/MA,Ya,Administrasi pemerintahan,Berusaha sendiri,532100000024,450 VA,Kontrak/Sewa,Keramik,Tembok,Genteng,Air Kemasan/Isi Ulang,Listrik PLN,LPG 5.5 kg / 12 kg,Sendiri,Leher Angsa,Tangki Septik,Ya,Ya,Ya,Ya,Ya,Ya,Normal,Tidak Ada Gangguan,Tidak Ada Gangguan,Tidak Ada Gangguan
3201012785000071,3201012010180024,Hendra Rahmawati,2001-04-10,25,Laki-laki,Istri,Kawin/Nikah,5601009.0,5601009.0,5,5,DKI Jakarta,Jakarta Selatan,Cilandak,Cilandak Barat,Jl. Mawar No. 71,PBI APBN (Kemenkes),Ya,Tidak,Tidak Sekolah Lagi,Sarjana (S1),Sarjana (S1),Ya,Industri pengolahan,Berusaha sendiri,532100000024,2200 VA,Kontrak/Sewa,Ubin/Teraso,Tembok,Seng,Sumur Bor/Pompa,Listrik PLN,LPG 5.5 kg / 12 kg,Sendiri,Leher Angsa,Tangki Septik,Ya,Ya,Tidak,Ya,Ya,Ya,Normal,Tidak Ada Gangguan,Tidak Ada Gangguan,Tidak Ada Gangguan
3201011895000072,3201012010180024,Teuku Kurniawan,1965-07-20,61,Laki-laki,Anak,Belum Kawin,2389222.0,2389222.0,2,2,DKI Jakarta,Jakarta Selatan,Cilandak,Cilandak Barat,Jl. Mawar No. 72,PKH & BPNT,Tidak,Tidak,Tidak Sekolah Lagi,Sarjana (S1),Sarjana (S1),Tidak,Konstruksi,Pekerja bebas,532100000024,2200 VA,Milik Sendiri,Semen,Kayu,Seng,Layanan Perpipaan (PDAM),Listrik PLN,LPG 3 kg,Sendiri,Leher Angsa,Tangki Septik,Ya,Ya,Tidak,Ya,Ya,Ya,Normal,Tidak Ada Gangguan,Tidak Ada Gangguan,Tidak Ada Gangguan
3201012378000073,3201012010180025,Siti Umar,2002-11-13,24,Perempuan,Kepala Keluarga,Belum Kawin,2580959.0,2580959.0,3,3,Jawa Barat,Kota Bogor,Bogor Tengah,Paledang,Jl. Pajajaran No. 73,Bukan Penerima Bantuan,Tidak,Tidak,Tidak Sekolah Lagi,Magister (S2),Magister (S2),Ya,Perdagangan besar dan eceran,Buruh/Karyawan/Pegawai,532100000025,450 VA,Milik Sendiri,Semen,Kayu,Seng,Layanan Perpipaan (PDAM),Listrik PLN,Listrik,Sendiri,Leher Angsa,Tangki Septik,Ya,Tidak,Tidak,Ya,Ya,Tidak,Normal,Tidak Ada Gangguan,Tidak Ada Gangguan,Tidak Ada Gangguan
3201012481000074,3201012010180025,Bambang Suryani,1964-10-05,62,Laki-laki,Istri,Kawin/Nikah,8538951.0,8538951.0,4,4,Jawa Barat,Kota Bogor,Bogor Tengah,Paledang,Jl. Pajajaran No. 74,PBI APBN (Kemenkes),Ya,Tidak,Tidak Sekolah Lagi,SMA/SMK/MA,SMA/SMK/MA,Ya,Administrasi pemerintahan,Buruh/Karyawan/Pegawai,532100000025,2200 VA,Bebas Sewa,Ubin/Teraso,Tembok,Seng,Layanan Perpipaan (PDAM),Listrik PLN,Listrik,Sendiri,Leher Angsa,Tangki Septik,Ya,Ya,Ya,Ya,Ya,Ya,Normal,Tidak Ada Gangguan,Tidak Ada Gangguan,Tidak Ada Gangguan
3201011992000075,3201012010180025,Nur Wibowo,1967-03-28,59,Perempuan,Anak,Belum Kawin,18038666.0,18038666.0,2,2,Jawa Barat,Kota Bogor,Bogor Tengah,Paledang,Jl. Pajajaran No. 75,PKH & BPNT,Tidak,Tidak,Tidak Sekolah Lagi,Sarjana (S1),Sarjana (S1),Ya,Konstruksi,Pekerja bebas,532100000025,1300 VA,Kontrak/Sewa,Keramik,Tembok,Seng,Sumur Bor/Pompa,Listrik PLN,LPG 3 kg,Sendiri,Leher Angsa,Tangki Septik,Ya,Tidak,Ya,Ya,Ya,Ya,Normal,Tidak Ada Gangguan,Tidak Ada Gangguan,Tidak Ada Gangguan
3201011477000076,3201012010180026,Nur Santoso,1983-09-19,43,Perempuan,Kepala Keluarga,Kawin/Nikah,2586831.0,2586831.0,2,2,Jawa Barat,Kota Bandung,Coblong,Dago,Jl. Ganesha No. 76,PKH & BPNT,Tidak,Tidak,Tidak Sekolah Lagi,Magister (S2),Magister (S2),Ya,Administrasi pemerintahan,Pekerja bebas,532100000026,2200 VA,Bebas Sewa,Ubin/Teraso,Kayu,Asbes,Air Kemasan/Isi Ulang,Listrik PLN,LPG 3 kg,Sendiri,Leher Angsa,Tangki Septik,Ya,Ya,Tidak,Ya,Ya,Ya,Normal,Tidak Ada Gangguan,Tidak Ada Gangguan,Tidak Ada Gangguan
3201012484000077,3201012010180026,Agus Hidayat,1968-09-21,58,Laki-laki,Istri,Kawin/Nikah,2816338.0,2816338.0,2,2,Jawa Barat,Kota Bandung,Coblong,Dago,Jl. Ganesha No. 77,Bukan Penerima Bantuan,Tidak,Tidak,Tidak Sekolah Lagi,Diploma (D1-D4),Diploma (D1-D4),Ya,Jasa keuangan & asuransi,Buruh/Karyawan/Pegawai,532100000026,900 VA,Kontrak/Sewa,Semen,Tembok,Seng,Sumur Bor/Pompa,Listrik PLN,LPG 5.5 kg / 12 kg,Sendiri,Leher Angsa,Tangki Septik,Ya,Ya,Tidak,Ya,Ya,Ya,Normal,Tidak Ada Gangguan,Tidak Ada Gangguan,Tidak Ada Gangguan
3201012778000078,3201012010180026,Wawan Nurbaya,1999-09-03,27,Laki-laki,Anak,Belum Kawin,4444248.0,4444248.0,3,3,Jawa Barat,Kota Bandung,Coblong,Dago,Jl. Ganesha No. 78,Bukan Penerima Bantuan,Tidak,Tidak,Tidak Sekolah Lagi,Sarjana (S1),Sarjana (S1),Ya,Konstruksi,Buruh/Karyawan/Pegawai,532100000026,450 VA,Milik Sendiri,Keramik,Kayu,Asbes,Air Kemasan/Isi Ulang,Listrik PLN,Listrik,Sendiri,Leher Angsa,Tangki Septik,Ya,Ya,Tidak,Ya,Ya,Ya,Normal,Tidak Ada Gangguan,Tidak Ada Gangguan,Tidak Ada Gangguan
3201012598000079,3201012010180027,Tri Nurbaya,2001-05-16,25,Laki-laki,Kepala Keluarga,Kawin/Nikah,12995056.0,12995056.0,2,2,Jawa Tengah,Kota Semarang,Semarang Selatan,Randusari,Jl. Pandanaran No. 79,PBI APBN (Kemenkes),Ya,Tidak,Tidak Sekolah Lagi,Diploma (D1-D4),Diploma (D1-D4),Ya,Industri pengolahan,Berusaha sendiri,532100000027,2200 VA,Kontrak/Sewa,Keramik,Kayu,Asbes,Air Kemasan/Isi Ulang,Listrik PLN,LPG 5.5 kg / 12 kg,Sendiri,Leher Angsa,Tangki Septik,Ya,Ya,Ya,Ya,Ya,Ya,Normal,Tidak Ada Gangguan,Tidak Ada Gangguan,Tidak Ada Gangguan
3201012182000080,3201012010180027,Wawan Hidayat,1992-09-04,34,Laki-laki,Istri,Kawin/Nikah,9113055.0,9113055.0,8,8,Jawa Tengah,Kota Semarang,Semarang Selatan,Randusari,Jl. Pandanaran No. 80,PBI APBD (Pemda),Tidak,Ya,Tidak Sekolah Lagi,Diploma (D1-D4),Diploma (D1-D4),Ya,Perdagangan besar dan eceran,Buruh/Karyawan/Pegawai,532100000027,1300 VA,Kontrak/Sewa,Semen,Kayu,Genteng,Air Kemasan/Isi Ulang,Listrik PLN,LPG 5.5 kg / 12 kg,Sendiri,Leher Angsa,Tangki Septik,Ya,Ya,Ya,Ya,Ya,Ya,Normal,Tidak Ada Gangguan,Tidak Ada Gangguan,Tidak Ada Gangguan
3201011694000081,3201012010180027,Anisa Lestari,1992-08-16,34,Perempuan,Anak,Belum Kawin,11255386.0,11255386.0,9,9,Jawa Tengah,Kota Semarang,Semarang Selatan,Randusari,Jl. Pandanaran No. 81,PBI APBN + PKH,Ya,Tidak,Tidak Sekolah Lagi,Diploma (D1-D4),Diploma (D1-D4),Tidak,Jasa keuangan & asuransi,Buruh/Karyawan/Pegawai,532100000027,450 VA,Kontrak/Sewa,Ubin/Teraso,Kayu,Seng,Sumur Bor/Pompa,Listrik PLN,LPG 3 kg,Sendiri,Leher Angsa,Tangki Septik,Ya,Ya,Ya,Ya,Ya,Ya,Normal,Tidak Ada Gangguan,Tidak Ada Gangguan,Tidak Ada Gangguan
3201011893000082,3201012010180028,Bambang Wijaya,1983-01-13,43,Laki-laki,Kepala Keluarga,Kawin/Nikah,6832887.0,6832887.0,2,2,Jawa Timur,Kota Surabaya,Tegalsari,Kedungdoro,Jl. Basuki Rahmat No. 82,PBI APBN + PKH,Ya,Tidak,Tidak Sekolah Lagi,Magister (S2),Magister (S2),Ya,Konstruksi,Berusaha sendiri,532100000028,450 VA,Milik Sendiri,Keramik,Kayu,Seng,Layanan Perpipaan (PDAM),Listrik PLN,Listrik,Sendiri,Leher Angsa,Tangki Septik,Ya,Ya,Tidak,Ya,Ya,Ya,Normal,Tidak Ada Gangguan,Tidak Ada Gangguan,Tidak Ada Gangguan
3201011689000083,3201012010180028,Agus Wijaya,1992-01-02,34,Laki-laki,Istri,Kawin/Nikah,17244154.0,17244154.0,9,9,Jawa Timur,Kota Surabaya,Tegalsari,Kedungdoro,Jl. Basuki Rahmat No. 83,PBI APBN + PKH,Ya,Tidak,Tidak Sekolah Lagi,Diploma (D1-D4),Diploma (D1-D4),Ya,Konstruksi,Pekerja bebas,532100000028,900 VA,Kontrak/Sewa,Semen,Kayu,Genteng,Layanan Perpipaan (PDAM),Listrik PLN,Listrik,Sendiri,Leher Angsa,Tangki Septik,Ya,Ya,Ya,Ya,Ya,Ya,Normal,Tidak Ada Gangguan,Tidak Ada Gangguan,Tidak Ada Gangguan
3201012086000084,3201012010180028,Agus Lestari,2005-10-10,21,Laki-laki,Anak,Belum Kawin,2697960.0,2697960.0,7,7,Jawa Timur,Kota Surabaya,Tegalsari,Kedungdoro,Jl. Basuki Rahmat No. 84,Bukan Penerima Bantuan,Tidak,Tidak,Masih Sekolah,SMA/SMK/MA,SMA/SMK/MA,Ya,Administrasi pemerintahan,Pekerja bebas,532100000028,450 VA,Bebas Sewa,Ubin/Teraso,Kayu,Asbes,Sumur Bor/Pompa,Listrik PLN,Listrik,Sendiri,Leher Angsa,Tangki Septik,Ya,Tidak,Tidak,Ya,Ya,Tidak,Normal,Tidak Ada Gangguan,Tidak Ada Gangguan,Tidak Ada Gangguan
3201012575000085,3201012010180029,Agus Wijaya,1969-11-08,57,Laki-laki,Kepala Keluarga,Kawin/Nikah,2233104.0,2233104.0,8,8,Banten,Kota Tangerang,Tangerang,Sukarasa,Jl. Merdeka No. 85,PKH & BPNT,Tidak,Tidak,Tidak Sekolah Lagi,Magister (S2),Magister (S2),Ya,"Pertanian, kehutanan, dan perikanan",Berusaha sendiri,532100000029,900 VA,Kontrak/Sewa,Semen,Kayu,Asbes,Sumur Bor/Pompa,Listrik PLN,LPG 3 kg,Sendiri,Leher Angsa,Tangki Septik,Ya,Ya,Tidak,Ya,Ya,Ya,Normal,Tidak Ada Gangguan,Tidak Ada Gangguan,Tidak Ada Gangguan
3201012780000086,3201012010180029,Nur Wijaya,1980-03-15,46,Perempuan,Istri,Kawin/Nikah,9782471.0,9782471.0,10,10,Banten,Kota Tangerang,Tangerang,Sukarasa,Jl. Merdeka No. 86,PBI APBN + PKH,Ya,Tidak,Tidak Sekolah Lagi,Diploma (D1-D4),Diploma (D1-D4),Ya,"Pertanian, kehutanan, dan perikanan",Berusaha sendiri,532100000029,1300 VA,Milik Sendiri,Ubin/Teraso,Kayu,Asbes,Air Kemasan/Isi Ulang,Listrik PLN,Listrik,Sendiri,Leher Angsa,Tangki Septik,Ya,Ya,Ya,Ya,Ya,Ya,Normal,Tidak Ada Gangguan,Tidak Ada Gangguan,Tidak Ada Gangguan
3201012187000087,3201012010180029,Hendra Nurbaya,1967-10-22,59,Laki-laki,Anak,Belum Kawin,8509578.0,8509578.0,3,3,Banten,Kota Tangerang,Tangerang,Sukarasa,Jl. Merdeka No. 87,PKH & BPNT,Tidak,Tidak,Tidak Sekolah Lagi,SMA/SMK/MA,SMA/SMK/MA,Tidak,Administrasi pemerintahan,Buruh/Karyawan/Pegawai,532100000029,1300 VA,Kontrak/Sewa,Semen,Kayu,Asbes,Layanan Perpipaan (PDAM),Listrik PLN,LPG 3 kg,Sendiri,Leher Angsa,Tangki Septik,Ya,Tidak,Ya,Ya,Ya,Ya,Normal,Tidak Ada Gangguan,Tidak Ada Gangguan,Tidak Ada Gangguan
3201012792000088,3201012010180030,Hendra Nyak Dien,1966-10-24,60,Laki-laki,Kepala Keluarga,Kawin/Nikah,3601810.0,3601810.0,4,4,Sumatera Utara,Kota Medan,Medan Baru,Petisah Tengah,Jl. Gajah Mada No. 88,PBI APBN (Kemenkes),Ya,Tidak,Tidak Sekolah Lagi,SMA/SMK/MA,SMA/SMK/MA,Ya,Industri pengolahan,Berusaha sendiri,532100000030,2200 VA,Milik Sendiri,Semen,Tembok,Genteng,Sumur Bor/Pompa,Listrik PLN,LPG 3 kg,Sendiri,Leher Angsa,Tangki Septik,Ya,Ya,Tidak,Ya,Ya,Ya,Normal,Tidak Ada Gangguan,Tidak Ada Gangguan,Tidak Ada Gangguan
3201012585000089,3201012010180030,Rahmat Nurbaya,1980-05-21,46,Laki-laki,Istri,Kawin/Nikah,4712133.0,4712133.0,9,9,Sumatera Utara,Kota Medan,Medan Baru,Petisah Tengah,Jl. Gajah Mada No. 89,PBI APBN (Kemenkes),Ya,Tidak,Tidak Sekolah Lagi,Diploma (D1-D4),Diploma (D1-D4),Ya,Industri pengolahan,Buruh/Karyawan/Pegawai,532100000030,450 VA,Kontrak/Sewa,Ubin/Teraso,Tembok,Asbes,Layanan Perpipaan (PDAM),Listrik PLN,LPG 3 kg,Sendiri,Leher Angsa,Tangki Septik,Ya,Tidak,Tidak,Ya,Ya,Ya,Normal,Tidak Ada Gangguan,Tidak Ada Gangguan,Tidak Ada Gangguan
3201011399000090,3201012010180030,Cut Nurbaya,1989-11-18,37,Perempuan,Anak,Belum Kawin,17639206.0,17639206.0,5,5,Sumatera Utara,Kota Medan,Medan Baru,Petisah Tengah,Jl. Gajah Mada No. 90,PBI APBD (Pemda),Tidak,Ya,Tidak Sekolah Lagi,SMA/SMK/MA,SMA/SMK/MA,Tidak,Administrasi pemerintahan,Berusaha sendiri,532100000030,1300 VA,Bebas Sewa,Keramik,Tembok,Asbes,Layanan Perpipaan (PDAM),Listrik PLN,LPG 5.5 kg / 12 kg,Sendiri,Leher Angsa,Tangki Septik,Ya,Ya,Ya,Ya,Ya,Ya,Normal,Tidak Ada Gangguan,Tidak Ada Gangguan,Tidak Ada Gangguan
3201011589000091,3201012010180031,Yuni Kurniawan,1992-06-03,34,Perempuan,Kepala Keluarga,Kawin/Nikah,4503531.0,4503531.0,8,8,Bali,Kota Denpasar,Denpasar Selatan,Sidakarya,Jl. Raya Puputan No. 91,PKH & BPNT,Tidak,Tidak,Tidak Sekolah Lagi,Diploma (D1-D4),Diploma (D1-D4),Ya,Perdagangan besar dan eceran,Berusaha sendiri,532100000031,2200 VA,Milik Sendiri,Ubin/Teraso,Kayu,Seng,Layanan Perpipaan (PDAM),Listrik PLN,Listrik,Sendiri,Leher Angsa,Tangki Septik,Ya,Ya,Tidak,Ya,Ya,Tidak,Normal,Tidak Ada Gangguan,Tidak Ada Gangguan,Tidak Ada Gangguan
3201012192000092,3201012010180031,Rina Rahmawati,2002-02-15,24,Perempuan,Istri,Belum Kawin,8600881.0,8600881.0,2,2,Bali,Kota Denpasar,Denpasar Selatan,Sidakarya,Jl. Raya Puputan No. 92,PKH & BPNT,Tidak,Tidak,Tidak Sekolah Lagi,Sarjana (S1),Sarjana (S1),Ya,Konstruksi,Buruh/Karyawan/Pegawai,532100000031,900 VA,Milik Sendiri,Ubin/Teraso,Tembok,Seng,Sumur Bor/Pompa,Listrik PLN,Listrik,Sendiri,Leher Angsa,Tangki Septik,Ya,Ya,Ya,Ya,Ya,Ya,Normal,Tidak Ada Gangguan,Tidak Ada Gangguan,Tidak Ada Gangguan
3201012594000093,3201012010180031,Tri Wibowo,1975-11-25,51,Laki-laki,Anak,Belum Kawin,14908269.0,14908269.0,9,9,Bali,Kota Denpasar,Denpasar Selatan,Sidakarya,Jl. Raya Puputan No. 93,PKH & BPNT,Tidak,Tidak,Tidak Sekolah Lagi,SMA/SMK/MA,SMA/SMK/MA,Ya,Perdagangan besar dan eceran,Buruh/Karyawan/Pegawai,532100000031,900 VA,Bebas Sewa,Semen,Tembok,Genteng,Layanan Perpipaan (PDAM),Listrik PLN,Listrik,Sendiri,Leher Angsa,Tangki Septik,Ya,Ya,Ya,Ya,Ya,Ya,Normal,Tidak Ada Gangguan,Tidak Ada Gangguan,Tidak Ada Gangguan
3201012885000094,3201012010180032,Teuku Suryani,1963-08-05,63,Laki-laki,Kepala Keluarga,Kawin/Nikah,2738179.0,2738179.0,9,9,DKI Jakarta,Jakarta Selatan,Cilandak,Cilandak Barat,Jl. Mawar No. 94,PBI APBN + PKH,Ya,Tidak,Tidak Sekolah Lagi,Sarjana (S1),Sarjana (S1),Ya,Administrasi pemerintahan,Buruh/Karyawan/Pegawai,532100000032,2200 VA,Kontrak/Sewa,Keramik,Tembok,Asbes,Air Kemasan/Isi Ulang,Listrik PLN,LPG 3 kg,Sendiri,Leher Angsa,Tangki Septik,Ya,Ya,Tidak,Ya,Ya,Ya,Normal,Tidak Ada Gangguan,Tidak Ada Gangguan,Tidak Ada Gangguan
3201012771000095,3201012010180032,Teuku Lestari,1962-05-14,64,Laki-laki,Istri,Kawin/Nikah,16924228.0,16924228.0,6,6,DKI Jakarta,Jakarta Selatan,Cilandak,Cilandak Barat,Jl. Mawar No. 95,PBI APBN + PKH,Ya,Tidak,Tidak Sekolah Lagi,Magister (S2),Magister (S2),Ya,Industri pengolahan,Berusaha sendiri,532100000032,450 VA,Bebas Sewa,Semen,Tembok,Asbes,Layanan Perpipaan (PDAM),Listrik PLN,LPG 3 kg,Sendiri,Leher Angsa,Tangki Septik,Ya,Tidak,Ya,Ya,Ya,Ya,Normal,Tidak Ada Gangguan,Tidak Ada Gangguan,Tidak Ada Gangguan
3201012674000096,3201012010180032,Rina Santoso,1961-05-15,65,Perempuan,Anak,Belum Kawin,3989460.0,3989460.0,4,4,DKI Jakarta,Jakarta Selatan,Cilandak,Cilandak Barat,Jl. Mawar No. 96,PBI APBN + PKH,Ya,Tidak,Tidak Sekolah Lagi,Sarjana (S1),Sarjana (S1),Tidak,"Pertanian, kehutanan, dan perikanan",Pekerja bebas,532100000032,450 VA,Milik Sendiri,Semen,Kayu,Asbes,Air Kemasan/Isi Ulang,Listrik PLN,LPG 3 kg,Sendiri,Leher Angsa,Tangki Septik,Ya,Tidak,Tidak,Ya,Ya,Tidak,Normal,Tidak Ada Gangguan,Tidak Ada Gangguan,Tidak Ada Gangguan
3201011184000097,3201012010180033,Sri Rahmawati,1975-12-02,51,Perempuan,Kepala Keluarga,Kawin/Nikah,4020571.0,4020571.0,1,1,Jawa Barat,Kota Bogor,Bogor Tengah,Paledang,Jl. Pajajaran No. 97,PBI APBD (Pemda),Tidak,Ya,Tidak Sekolah Lagi,Sarjana (S1),Sarjana (S1),Ya,"Pertanian, kehutanan, dan perikanan",Pekerja bebas,532100000033,1300 VA,Bebas Sewa,Semen,Kayu,Genteng,Layanan Perpipaan (PDAM),Listrik PLN,LPG 3 kg,Sendiri,Leher Angsa,Tangki Septik,Ya,Ya,Tidak,Ya,Ya,Ya,Normal,Tidak Ada Gangguan,Tidak Ada Gangguan,Tidak Ada Gangguan
3201012379000098,3201012010180033,Hendra Rahmawati,1995-10-24,31,Laki-laki,Istri,Kawin/Nikah,15162813.0,15162813.0,1,1,Jawa Barat,Kota Bogor,Bogor Tengah,Paledang,Jl. Pajajaran No. 98,PKH & BPNT,Tidak,Tidak,Tidak Sekolah Lagi,Magister (S2),Magister (S2),Ya,Konstruksi,Berusaha sendiri,532100000033,2200 VA,Kontrak/Sewa,Keramik,Kayu,Seng,Air Kemasan/Isi Ulang,Listrik PLN,Listrik,Sendiri,Leher Angsa,Tangki Septik,Ya,Ya,Ya,Ya,Ya,Ya,Normal,Tidak Ada Gangguan,Tidak Ada Gangguan,Tidak Ada Gangguan
3201011997000099,3201012010180033,Wawan Suryani,1963-09-14,63,Laki-laki,Anak,Belum Kawin,11624851.0,11624851.0,4,4,Jawa Barat,Kota Bogor,Bogor Tengah,Paledang,Jl. Pajajaran No. 99,PKH & BPNT,Tidak,Tidak,Tidak Sekolah Lagi,Diploma (D1-D4),Diploma (D1-D4),Tidak,Perdagangan besar dan eceran,Berusaha sendiri,532100000033,1300 VA,Milik Sendiri,Semen,Tembok,Genteng,Layanan Perpipaan (PDAM),Listrik PLN,LPG 5.5 kg / 12 kg,Sendiri,Leher Angsa,Tangki Septik,Ya,Ya,Ya,Ya,Ya,Ya,Normal,Tidak Ada Gangguan,Tidak Ada Gangguan,Tidak Ada Gangguan
3201011276000100,3201012010180034,Eko Wibowo,1990-04-28,36,Laki-laki,Kepala Keluarga,Kawin/Nikah,3735831.0,3735831.0,2,2,Jawa Barat,Kota Bandung,Coblong,Dago,Jl. Ganesha No. 100,PBI APBN + PKH,Ya,Tidak,Tidak Sekolah Lagi,Diploma (D1-D4),Diploma (D1-D4),Ya,Administrasi pemerintahan,Pekerja bebas,532100000034,900 VA,Kontrak/Sewa,Keramik,Kayu,Seng,Layanan Perpipaan (PDAM),Listrik PLN,LPG 5.5 kg / 12 kg,Sendiri,Leher Angsa,Tangki Septik,Ya,Ya,Tidak,Ya,Ya,Ya,Normal,Tidak Ada Gangguan,Tidak Ada Gangguan,Tidak Ada Gangguan
3201011881000101,3201012010180034,Agus Lestari,1989-02-26,37,Laki-laki,Istri,Kawin/Nikah,4697251.0,4697251.0,6,6,Jawa Barat,Kota Bandung,Coblong,Dago,Jl. Ganesha No. 101,PKH & BPNT,Tidak,Tidak,Tidak Sekolah Lagi,Magister (S2),Magister (S2),Ya,Perdagangan besar dan eceran,Pekerja bebas,532100000034,900 VA,Bebas Sewa,Keramik,Tembok,Seng,Sumur Bor/Pompa,Listrik PLN,Listrik,Sendiri,Leher Angsa,Tangki Septik,Ya,Ya,Tidak,Ya,Ya,Ya,Normal,Tidak Ada Gangguan,Tidak Ada Gangguan,Tidak Ada Gangguan
3201011476000102,3201012010180034,Cut Kusuma,1984-10-27,42,Perempuan,Anak,Belum Kawin,12658613.0,12658613.0,8,8,Jawa Barat,Kota Bandung,Coblong,Dago,Jl. Ganesha No. 102,PBI APBN + PKH,Ya,Tidak,Tidak Sekolah Lagi,Diploma (D1-D4),Diploma (D1-D4),Ya,Jasa keuangan & asuransi,Buruh/Karyawan/Pegawai,532100000034,900 VA,Bebas Sewa,Semen,Kayu,Genteng,Sumur Bor/Pompa,Listrik PLN,Listrik,Sendiri,Leher Angsa,Tangki Septik,Ya,Ya,Ya,Ya,Ya,Ya,Normal,Tidak Ada Gangguan,Tidak Ada Gangguan,Tidak Ada Gangguan
3201011296000103,3201012010180035,Siti Santoso,1986-03-27,40,Perempuan,Kepala Keluarga,Kawin/Nikah,3585351.0,3585351.0,1,1,Jawa Tengah,Kota Semarang,Semarang Selatan,Randusari,Jl. Pandanaran No. 103,PBI APBD (Pemda),Tidak,Ya,Tidak Sekolah Lagi,Magister (S2),Magister (S2),Ya,Jasa keuangan & asuransi,Buruh/Karyawan/Pegawai,532100000035,2200 VA,Bebas Sewa,Ubin/Teraso,Tembok,Genteng,Sumur Bor/Pompa,Listrik PLN,Listrik,Sendiri,Leher Angsa,Tangki Septik,Ya,Ya,Tidak,Ya,Ya,Tidak,Normal,Tidak Ada Gangguan,Tidak Ada Gangguan,Tidak Ada Gangguan
3201011887000104,3201012010180035,Dedi Santoso,1992-12-22,34,Laki-laki,Istri,Kawin/Nikah,2651488.0,2651488.0,9,9,Jawa Tengah,Kota Semarang,Semarang Selatan,Randusari,Jl. Pandanaran No. 104,PBI APBD (Pemda),Tidak,Ya,Tidak Sekolah Lagi,Diploma (D1-D4),Diploma (D1-D4),Ya,"Pertanian, kehutanan, dan perikanan",Pekerja bebas,532100000035,1300 VA,Kontrak/Sewa,Ubin/Teraso,Kayu,Genteng,Layanan Perpipaan (PDAM),Listrik PLN,LPG 5.5 kg / 12 kg,Sendiri,Leher Angsa,Tangki Septik,Ya,Ya,Tidak,Ya,Ya,Ya,Normal,Tidak Ada Gangguan,Tidak Ada Gangguan,Tidak Ada Gangguan
3201011779000105,3201012010180035,Teuku Rahmawati,1965-07-13,61,Laki-laki,Anak,Belum Kawin,2595490.0,2595490.0,3,3,Jawa Tengah,Kota Semarang,Semarang Selatan,Randusari,Jl. Pandanaran No. 105,PBI APBN (Kemenkes),Ya,Tidak,Tidak Sekolah Lagi,Magister (S2),Magister (S2),Ya,Administrasi pemerintahan,Berusaha sendiri,532100000035,450 VA,Bebas Sewa,Keramik,Tembok,Genteng,Sumur Bor/Pompa,Listrik PLN,Listrik,Sendiri,Leher Angsa,Tangki Septik,Ya,Ya,Tidak,Ya,Ya,Tidak,Normal,Tidak Ada Gangguan,Tidak Ada Gangguan,Tidak Ada Gangguan
3201011291000106,3201012010180036,Hendra Rahmawati,1971-06-01,55,Laki-laki,Kepala Keluarga,Kawin/Nikah,16810367.0,16810367.0,2,2,Jawa Timur,Kota Surabaya,Tegalsari,Kedungdoro,Jl. Basuki Rahmat No. 106,PKH & BPNT,Tidak,Tidak,Tidak Sekolah Lagi,Diploma (D1-D4),Diploma (D1-D4),Ya,Konstruksi,Buruh/Karyawan/Pegawai,532100000036,2200 VA,Bebas Sewa,Semen,Kayu,Seng,Sumur Bor/Pompa,Listrik PLN,LPG 3 kg,Sendiri,Leher Angsa,Tangki Septik,Ya,Ya,Ya,Ya,Ya,Ya,Normal,Tidak Ada Gangguan,Tidak Ada Gangguan,Tidak Ada Gangguan
3201011286000107,3201012010180036,Bambang Rahmawati,1966-07-08,60,Laki-laki,Istri,Kawin/Nikah,8527786.0,8527786.0,1,1,Jawa Timur,Kota Surabaya,Tegalsari,Kedungdoro,Jl. Basuki Rahmat No. 107,PKH & BPNT,Tidak,Tidak,Tidak Sekolah Lagi,Magister (S2),Magister (S2),Ya,Industri pengolahan,Buruh/Karyawan/Pegawai,532100000036,1300 VA,Bebas Sewa,Ubin/Teraso,Kayu,Genteng,Sumur Bor/Pompa,Listrik PLN,Listrik,Sendiri,Leher Angsa,Tangki Septik,Ya,Ya,Ya,Ya,Ya,Tidak,Normal,Tidak Ada Gangguan,Tidak Ada Gangguan,Tidak Ada Gangguan
3201011995000108,3201012010180036,Rina Umar,1965-05-05,61,Perempuan,Anak,Belum Kawin,16704678.0,16704678.0,6,6,Jawa Timur,Kota Surabaya,Tegalsari,Kedungdoro,Jl. Basuki Rahmat No. 108,PKH & BPNT,Tidak,Tidak,Tidak Sekolah Lagi,SMA/SMK/MA,SMA/SMK/MA,Tidak,Jasa keuangan & asuransi,Berusaha sendiri,532100000036,1300 VA,Kontrak/Sewa,Keramik,Tembok,Genteng,Air Kemasan/Isi Ulang,Listrik PLN,LPG 5.5 kg / 12 kg,Sendiri,Leher Angsa,Tangki Septik,Ya,Ya,Ya,Ya,Ya,Ya,Normal,Tidak Ada Gangguan,Tidak Ada Gangguan,Tidak Ada Gangguan
3201012373000109,3201012010180037,Budi Umar,1982-09-03,44,Laki-laki,Kepala Keluarga,Kawin/Nikah,17745393.0,17745393.0,1,1,Banten,Kota Tangerang,Tangerang,Sukarasa,Jl. Merdeka No. 109,PKH & BPNT,Tidak,Tidak,Tidak Sekolah Lagi,Magister (S2),Magister (S2),Ya,Industri pengolahan,Buruh/Karyawan/Pegawai,532100000037,900 VA,Bebas Sewa,Semen,Tembok,Asbes,Layanan Perpipaan (PDAM),Listrik PLN,LPG 3 kg,Sendiri,Leher Angsa,Tangki Septik,Ya,Tidak,Ya,Ya,Ya,Ya,Normal,Tidak Ada Gangguan,Tidak Ada Gangguan,Tidak Ada Gangguan
3201012574000110,3201012010180037,Teuku Sartika,1987-05-14,39,Laki-laki,Istri,Kawin/Nikah,5845263.0,5845263.0,4,4,Banten,Kota Tangerang,Tangerang,Sukarasa,Jl. Merdeka No. 110,PBI APBN + PKH,Ya,Tidak,Tidak Sekolah Lagi,Diploma (D1-D4),Diploma (D1-D4),Ya,Industri pengolahan,Buruh/Karyawan/Pegawai,532100000037,900 VA,Kontrak/Sewa,Keramik,Kayu,Seng,Sumur Bor/Pompa,Listrik PLN,LPG 5.5 kg / 12 kg,Sendiri,Leher Angsa,Tangki Septik,Ya,Ya,Tidak,Ya,Ya,Ya,Normal,Tidak Ada Gangguan,Tidak Ada Gangguan,Tidak Ada Gangguan
3201012083000111,3201012010180037,Sri Nyak Dien,1979-06-20,47,Perempuan,Anak,Belum Kawin,11990129.0,11990129.0,6,6,Banten,Kota Tangerang,Tangerang,Sukarasa,Jl. Merdeka No. 111,PKH & BPNT,Tidak,Tidak,Tidak Sekolah Lagi,Magister (S2),Magister (S2),Ya,"Pertanian, kehutanan, dan perikanan",Berusaha sendiri,532100000037,2200 VA,Kontrak/Sewa,Ubin/Teraso,Kayu,Genteng,Sumur Bor/Pompa,Listrik PLN,LPG 3 kg,Sendiri,Leher Angsa,Tangki Septik,Ya,Ya,Ya,Ya,Ya,Ya,Normal,Tidak Ada Gangguan,Tidak Ada Gangguan,Tidak Ada Gangguan
3201012770000112,3201012010180038,Ahmad Wibowo,1988-05-27,38,Laki-laki,Kepala Keluarga,Kawin/Nikah,16145345.0,16145345.0,3,3,Sumatera Utara,Kota Medan,Medan Baru,Petisah Tengah,Jl. Gajah Mada No. 112,PKH & BPNT,Tidak,Tidak,Tidak Sekolah Lagi,Diploma (D1-D4),Diploma (D1-D4),Ya,Jasa keuangan & asuransi,Pekerja bebas,532100000038,900 VA,Bebas Sewa,Ubin/Teraso,Kayu,Genteng,Layanan Perpipaan (PDAM),Listrik PLN,Listrik,Sendiri,Leher Angsa,Tangki Septik,Ya,Ya,Ya,Ya,Ya,Ya,Normal,Tidak Ada Gangguan,Tidak Ada Gangguan,Tidak Ada Gangguan
3201012699000113,3201012010180038,Irfan Rahmawati,1983-12-26,43,Laki-laki,Istri,Kawin/Nikah,4345330.0,4345330.0,6,6,Sumatera Utara,Kota Medan,Medan Baru,Petisah Tengah,Jl. Gajah Mada No. 113,PBI APBD (Pemda),Tidak,Ya,Tidak Sekolah Lagi,SMA/SMK/MA,SMA/SMK/MA,Ya,Konstruksi,Pekerja bebas,532100000038,2200 VA,Kontrak/Sewa,Ubin/Teraso,Tembok,Genteng,Air Kemasan/Isi Ulang,Listrik PLN,LPG 5.5 kg / 12 kg,Sendiri,Leher Angsa,Tangki Septik,Ya,Tidak,Tidak,Ya,Ya,Ya,Normal,Tidak Ada Gangguan,Tidak Ada Gangguan,Tidak Ada Gangguan
3201012788000114,3201012010180038,Eko Kusuma,1988-06-13,38,Laki-laki,Anak,Belum Kawin,9398211.0,9398211.0,1,1,Sumatera Utara,Kota Medan,Medan Baru,Petisah Tengah,Jl. Gajah Mada No. 114,PBI APBN + PKH,Ya,Tidak,Tidak Sekolah Lagi,SMA/SMK/MA,SMA/SMK/MA,Tidak,Perdagangan besar dan eceran,Buruh/Karyawan/Pegawai,532100000038,900 VA,Kontrak/Sewa,Ubin/Teraso,Kayu,Seng,Air Kemasan/Isi Ulang,Listrik PLN,Listrik,Sendiri,Leher Angsa,Tangki Septik,Ya,Ya,Ya,Ya,Ya,Ya,Normal,Tidak Ada Gangguan,Tidak Ada Gangguan,Tidak Ada Gangguan
3201012493000115,3201012010180039,Ahmad Putri,1964-05-02,62,Laki-laki,Kepala Keluarga,Kawin/Nikah,2320675.0,2320675.0,3,3,Bali,Kota Denpasar,Denpasar Selatan,Sidakarya,Jl. Raya Puputan No. 115,PBI APBD (Pemda),Tidak,Ya,Tidak Sekolah Lagi,Diploma (D1-D4),Diploma (D1-D4),Ya,Konstruksi,Buruh/Karyawan/Pegawai,532100000039,1300 VA,Bebas Sewa,Ubin/Teraso,Kayu,Genteng,Layanan Perpipaan (PDAM),Listrik PLN,Listrik,Sendiri,Leher Angsa,Tangki Septik,Ya,Tidak,Tidak,Ya,Ya,Ya,Normal,Tidak Ada Gangguan,Tidak Ada Gangguan,Tidak Ada Gangguan
3201012382000116,3201012010180039,Budi Wibowo,1988-10-14,38,Laki-laki,Istri,Kawin/Nikah,7001840.0,7001840.0,2,2,Bali,Kota Denpasar,Denpasar Selatan,Sidakarya,Jl. Raya Puputan No. 116,Bukan Penerima Bantuan,Tidak,Tidak,Tidak Sekolah Lagi,SMA/SMK/MA,SMA/SMK/MA,Ya,Konstruksi,Buruh/Karyawan/Pegawai,532100000039,1300 VA,Kontrak/Sewa,Keramik,Kayu,Genteng,Layanan Perpipaan (PDAM),Listrik PLN,Listrik,Sendiri,Leher Angsa,Tangki Septik,Ya,Ya,Tidak,Ya,Ya,Ya,Normal,Tidak Ada Gangguan,Tidak Ada Gangguan,Tidak Ada Gangguan
3201012089000117,3201012010180039,Yuni Wijaya,1997-02-12,29,Perempuan,Anak,Belum Kawin,6647265.0,6647265.0,10,10,Bali,Kota Denpasar,Denpasar Selatan,Sidakarya,Jl. Raya Puputan No. 117,Bukan Penerima Bantuan,Tidak,Tidak,Tidak Sekolah Lagi,SMA/SMK/MA,SMA/SMK/MA,Ya,Jasa keuangan & asuransi,Buruh/Karyawan/Pegawai,532100000039,900 VA,Kontrak/Sewa,Keramik,Tembok,Seng,Sumur Bor/Pompa,Listrik PLN,LPG 3 kg,Sendiri,Leher Angsa,Tangki Septik,Ya,Ya,Tidak,Ya,Ya,Ya,Normal,Tidak Ada Gangguan,Tidak Ada Gangguan,Tidak Ada Gangguan
3201011488000118,3201012010180040,Yuni Kurniawan,1971-08-21,55,Perempuan,Kepala Keluarga,Kawin/Nikah,4554234.0,4554234.0,8,8,DKI Jakarta,Jakarta Selatan,Cilandak,Cilandak Barat,Jl. Mawar No. 118,PKH & BPNT,Tidak,Tidak,Tidak Sekolah Lagi,Diploma (D1-D4),Diploma (D1-D4),Ya,"Pertanian, kehutanan, dan perikanan",Berusaha sendiri,532100000040,2200 VA,Bebas Sewa,Keramik,Kayu,Genteng,Layanan Perpipaan (PDAM),Listrik PLN,LPG 3 kg,Sendiri,Leher Angsa,Tangki Septik,Ya,Tidak,Tidak,Ya,Ya,Ya,Normal,Tidak Ada Gangguan,Tidak Ada Gangguan,Tidak Ada Gangguan
3201012786000119,3201012010180040,Nur Kurniawan,2003-08-14,23,Perempuan,Istri,Belum Kawin,2665412.0,2665412.0,4,4,DKI Jakarta,Jakarta Selatan,Cilandak,Cilandak Barat,Jl. Mawar No. 119,PKH & BPNT,Tidak,Tidak,Tidak Sekolah Lagi,SMP/MTs,SMP/MTs,Ya,Jasa keuangan & asuransi,Buruh/Karyawan/Pegawai,532100000040,1300 VA,Milik Sendiri,Ubin/Teraso,Kayu,Asbes,Sumur Bor/Pompa,Listrik PLN,LPG 3 kg,Sendiri,Leher Angsa,Tangki Septik,Ya,Ya,Tidak,Ya,Ya,Ya,Normal,Tidak Ada Gangguan,Tidak Ada Gangguan,Tidak Ada Gangguan
3201012796000120,3201012010180040,Bambang Rahmawati,1988-09-07,38,Laki-laki,Anak,Belum Kawin,2645807.0,2645807.0,8,8,DKI Jakarta,Jakarta Selatan,Cilandak,Cilandak Barat,Jl. Mawar No. 120,PKH & BPNT,Tidak,Tidak,Tidak Sekolah Lagi,Sarjana (S1),Sarjana (S1),Ya,Perdagangan besar dan eceran,Berusaha sendiri,532100000040,450 VA,Milik Sendiri,Keramik,Kayu,Asbes,Sumur Bor/Pompa,Listrik PLN,Listrik,Sendiri,Leher Angsa,Tangki Septik,Ya,Ya,Tidak,Ya,Ya,Ya,Normal,Tidak Ada Gangguan,Tidak Ada Gangguan,Tidak Ada Gangguan
3201011696000121,3201012010180041,Rahmat Rahmawati,1996-06-18,30,Laki-laki,Kepala Keluarga,Kawin/Nikah,9719518.0,9719518.0,5,5,Jawa Barat,Kota Bogor,Bogor Tengah,Paledang,Jl. Pajajaran No. 121,PKH & BPNT,Tidak,Tidak,Tidak Sekolah Lagi,Sarjana (S1),Sarjana (S1),Ya,Konstruksi,Pekerja bebas,532100000041,450 VA,Milik Sendiri,Ubin/Teraso,Tembok,Seng,Sumur Bor/Pompa,Listrik PLN,LPG 3 kg,Sendiri,Leher Angsa,Tangki Septik,Ya,Ya,Ya,Ya,Ya,Tidak,Normal,Tidak Ada Gangguan,Tidak Ada Gangguan,Tidak Ada Gangguan
3201011492000122,3201012010180041,Cut Kusuma,2003-07-16,23,Perempuan,Istri,Belum Kawin,15766475.0,15766475.0,7,7,Jawa Barat,Kota Bogor,Bogor Tengah,Paledang,Jl. Pajajaran No. 122,PBI APBN + PKH,Ya,Tidak,Tidak Sekolah Lagi,SMP/MTs,SMP/MTs,Ya,Administrasi pemerintahan,Buruh/Karyawan/Pegawai,532100000041,2200 VA,Bebas Sewa,Semen,Kayu,Asbes,Layanan Perpipaan (PDAM),Listrik PLN,LPG 5.5 kg / 12 kg,Sendiri,Leher Angsa,Tangki Septik,Ya,Ya,Ya,Ya,Ya,Ya,Normal,Tidak Ada Gangguan,Tidak Ada Gangguan,Tidak Ada Gangguan
3201011097000123,3201012010180041,Teuku Suryani,2000-11-23,26,Laki-laki,Anak,Belum Kawin,3232814.0,3232814.0,7,7,Jawa Barat,Kota Bogor,Bogor Tengah,Paledang,Jl. Pajajaran No. 123,PBI APBD (Pemda),Tidak,Ya,Tidak Sekolah Lagi,Magister (S2),Magister (S2),Tidak,Jasa keuangan & asuransi,Berusaha sendiri,532100000041,900 VA,Bebas Sewa,Ubin/Teraso,Kayu,Asbes,Air Kemasan/Isi Ulang,Listrik PLN,LPG 3 kg,Sendiri,Leher Angsa,Tangki Septik,Ya,Tidak,Tidak,Ya,Ya,Ya,Normal,Tidak Ada Gangguan,Tidak Ada Gangguan,Tidak Ada Gangguan
3201012470000124,3201012010180042,Dewi Sartika,1988-08-01,38,Perempuan,Kepala Keluarga,Kawin/Nikah,6306567.0,6306567.0,3,3,Jawa Barat,Kota Bandung,Coblong,Dago,Jl. Ganesha No. 124,PKH & BPNT,Tidak,Tidak,Tidak Sekolah Lagi,SMA/SMK/MA,SMA/SMK/MA,Ya,Administrasi pemerintahan,Berusaha sendiri,532100000042,1300 VA,Milik Sendiri,Ubin/Teraso,Tembok,Genteng,Layanan Perpipaan (PDAM),Listrik PLN,Listrik,Sendiri,Leher Angsa,Tangki Septik,Ya,Ya,Tidak,Ya,Ya,Ya,Normal,Tidak Ada Gangguan,Tidak Ada Gangguan,Tidak Ada Gangguan
3201011783000125,3201012010180042,Teuku Pratama,1960-04-16,66,Laki-laki,Istri,Kawin/Nikah,14857414.0,14857414.0,1,1,Jawa Barat,Kota Bandung,Coblong,Dago,Jl. Ganesha No. 125,PBI APBN (Kemenkes),Ya,Tidak,Tidak Sekolah Lagi,Sarjana (S1),Sarjana (S1),Ya,Perdagangan besar dan eceran,Berusaha sendiri,532100000042,900 VA,Kontrak/Sewa,Keramik,Tembok,Seng,Air Kemasan/Isi Ulang,Listrik PLN,Listrik,Sendiri,Leher Angsa,Tangki Septik,Ya,Ya,Ya,Ya,Ya,Tidak,Normal,Tidak Ada Gangguan,Tidak Ada Gangguan,Tidak Ada Gangguan
3201012198000126,3201012010180042,Dedi Nyak Dien,1984-03-21,42,Laki-laki,Anak,Belum Kawin,2349792.0,2349792.0,10,10,Jawa Barat,Kota Bandung,Coblong,Dago,Jl. Ganesha No. 126,PBI APBD (Pemda),Tidak,Ya,Tidak Sekolah Lagi,Magister (S2),Magister (S2),Tidak,"Pertanian, kehutanan, dan perikanan",Pekerja bebas,532100000042,900 VA,Kontrak/Sewa,Semen,Kayu,Genteng,Air Kemasan/Isi Ulang,Listrik PLN,LPG 3 kg,Sendiri,Leher Angsa,Tangki Septik,Ya,Tidak,Tidak,Ya,Ya,Tidak,Normal,Tidak Ada Gangguan,Tidak Ada Gangguan,Tidak Ada Gangguan
3201012281000127,3201012010180043,Irfan Putri,1968-04-09,58,Laki-laki,Kepala Keluarga,Kawin/Nikah,7281775.0,7281775.0,1,1,Jawa Tengah,Kota Semarang,Semarang Selatan,Randusari,Jl. Pandanaran No. 127,PKH & BPNT,Tidak,Tidak,Tidak Sekolah Lagi,Diploma (D1-D4),Diploma (D1-D4),Ya,Konstruksi,Pekerja bebas,532100000043,900 VA,Bebas Sewa,Ubin/Teraso,Kayu,Asbes,Air Kemasan/Isi Ulang,Listrik PLN,LPG 3 kg,Sendiri,Leher Angsa,Tangki Septik,Ya,Ya,Tidak,Ya,Ya,Tidak,Normal,Tidak Ada Gangguan,Tidak Ada Gangguan,Tidak Ada Gangguan
3201012590000128,3201012010180043,Sri Umar,1993-01-12,33,Perempuan,Istri,Kawin/Nikah,17721031.0,17721031.0,6,6,Jawa Tengah,Kota Semarang,Semarang Selatan,Randusari,Jl. Pandanaran No. 128,Bukan Penerima Bantuan,Tidak,Tidak,Tidak Sekolah Lagi,Diploma (D1-D4),Diploma (D1-D4),Ya,Industri pengolahan,Buruh/Karyawan/Pegawai,532100000043,450 VA,Bebas Sewa,Keramik,Tembok,Seng,Air Kemasan/Isi Ulang,Listrik PLN,LPG 3 kg,Sendiri,Leher Angsa,Tangki Septik,Ya,Ya,Ya,Ya,Ya,Ya,Normal,Tidak Ada Gangguan,Tidak Ada Gangguan,Tidak Ada Gangguan
3201012286000129,3201012010180043,Dedi Kurniawan,1987-12-13,39,Laki-laki,Anak,Belum Kawin,4443304.0,4443304.0,5,5,Jawa Tengah,Kota Semarang,Semarang Selatan,Randusari,Jl. Pandanaran No. 129,PBI APBN (Kemenkes),Ya,Tidak,Tidak Sekolah Lagi,Sarjana (S1),Sarjana (S1),Tidak,"Pertanian, kehutanan, dan perikanan",Buruh/Karyawan/Pegawai,532100000043,1300 VA,Kontrak/Sewa,Semen,Tembok,Seng,Sumur Bor/Pompa,Listrik PLN,LPG 5.5 kg / 12 kg,Sendiri,Leher Angsa,Tangki Septik,Ya,Ya,Tidak,Ya,Ya,Ya,Normal,Tidak Ada Gangguan,Tidak Ada Gangguan,Tidak Ada Gangguan
3201011177000130,3201012010180044,Teuku Kurniawan,1967-08-20,59,Laki-laki,Kepala Keluarga,Kawin/Nikah,3215403.0,3215403.0,2,2,Jawa Timur,Kota Surabaya,Tegalsari,Kedungdoro,Jl. Basuki Rahmat No. 130,PBI APBN (Kemenkes),Ya,Tidak,Tidak Sekolah Lagi,Diploma (D1-D4),Diploma (D1-D4),Ya,Administrasi pemerintahan,Buruh/Karyawan/Pegawai,532100000044,900 VA,Kontrak/Sewa,Ubin/Teraso,Kayu,Genteng,Layanan Perpipaan (PDAM),Listrik PLN,LPG 3 kg,Sendiri,Leher Angsa,Tangki Septik,Ya,Ya,Tidak,Ya,Ya,Ya,Normal,Tidak Ada Gangguan,Tidak Ada Gangguan,Tidak Ada Gangguan
3201011394000131,3201012010180044,Budi Putri,1987-05-17,39,Laki-laki,Istri,Kawin/Nikah,14661987.0,14661987.0,9,9,Jawa Timur,Kota Surabaya,Tegalsari,Kedungdoro,Jl. Basuki Rahmat No. 131,PKH & BPNT,Tidak,Tidak,Tidak Sekolah Lagi,SMA/SMK/MA,SMA/SMK/MA,Ya,Industri pengolahan,Pekerja bebas,532100000044,900 VA,Kontrak/Sewa,Keramik,Kayu,Genteng,Sumur Bor/Pompa,Listrik PLN,Listrik,Sendiri,Leher Angsa,Tangki Septik,Ya,Ya,Ya,Ya,Ya,Ya,Normal,Tidak Ada Gangguan,Tidak Ada Gangguan,Tidak Ada Gangguan
3201012670000132,3201012010180044,Siti Santoso,1975-01-16,51,Perempuan,Anak,Belum Kawin,2581657.0,2581657.0,9,9,Jawa Timur,Kota Surabaya,Tegalsari,Kedungdoro,Jl. Basuki Rahmat No. 132,PBI APBN + PKH,Ya,Tidak,Tidak Sekolah Lagi,Diploma (D1-D4),Diploma (D1-D4),Tidak,Industri pengolahan,Pekerja bebas,532100000044,1300 VA,Kontrak/Sewa,Keramik,Kayu,Genteng,Sumur Bor/Pompa,Listrik PLN,Listrik,Sendiri,Leher Angsa,Tangki Septik,Ya,Ya,Tidak,Ya,Ya,Tidak,Normal,Tidak Ada Gangguan,Tidak Ada Gangguan,Tidak Ada Gangguan
3201012671000133,3201012010180045,Yuni Umar,1989-05-25,37,Perempuan,Kepala Keluarga,Kawin/Nikah,15139666.0,15139666.0,1,1,Banten,Kota Tangerang,Tangerang,Sukarasa,Jl. Merdeka No. 133,PKH & BPNT,Tidak,Tidak,Tidak Sekolah Lagi,Diploma (D1-D4),Diploma (D1-D4),Ya,Jasa keuangan & asuransi,Pekerja bebas,532100000045,1300 VA,Bebas Sewa,Semen,Tembok,Seng,Layanan Perpipaan (PDAM),Listrik PLN,Listrik,Sendiri,Leher Angsa,Tangki Septik,Ya,Ya,Ya,Ya,Ya,Ya,Normal,Tidak Ada Gangguan,Tidak Ada Gangguan,Tidak Ada Gangguan
3201011693000134,3201012010180045,Tri Kusuma,1969-01-14,57,Laki-laki,Istri,Kawin/Nikah,2225071.0,2225071.0,6,6,Banten,Kota Tangerang,Tangerang,Sukarasa,Jl. Merdeka No. 134,PBI APBN (Kemenkes),Ya,Tidak,Tidak Sekolah Lagi,Magister (S2),Magister (S2),Ya,Administrasi pemerintahan,Pekerja bebas,532100000045,1300 VA,Milik Sendiri,Keramik,Tembok,Seng,Layanan Perpipaan (PDAM),Listrik PLN,LPG 3 kg,Sendiri,Leher Angsa,Tangki Septik,Ya,Ya,Tidak,Ya,Ya,Tidak,Normal,Tidak Ada Gangguan,Tidak Ada Gangguan,Tidak Ada Gangguan
3201011872000135,3201012010180045,Siti Kusuma,1993-07-23,33,Perempuan,Anak,Belum Kawin,2590586.0,2590586.0,9,9,Banten,Kota Tangerang,Tangerang,Sukarasa,Jl. Merdeka No. 135,PBI APBD (Pemda),Tidak,Ya,Tidak Sekolah Lagi,Magister (S2),Magister (S2),Tidak,Konstruksi,Buruh/Karyawan/Pegawai,532100000045,2200 VA,Bebas Sewa,Keramik,Tembok,Seng,Layanan Perpipaan (PDAM),Listrik PLN,LPG 5.5 kg / 12 kg,Sendiri,Leher Angsa,Tangki Septik,Ya,Ya,Tidak,Ya,Ya,Ya,Normal,Tidak Ada Gangguan,Tidak Ada Gangguan,Tidak Ada Gangguan
3201012080000136,3201012010180046,Ahmad Setiawan,1974-02-07,52,Laki-laki,Kepala Keluarga,Kawin/Nikah,2342723.0,2342723.0,3,3,Sumatera Utara,Kota Medan,Medan Baru,Petisah Tengah,Jl. Gajah Mada No. 136,PBI APBN + PKH,Ya,Tidak,Tidak Sekolah Lagi,Magister (S2),Magister (S2),Ya,Jasa keuangan & asuransi,Berusaha sendiri,532100000046,450 VA,Bebas Sewa,Ubin/Teraso,Tembok,Seng,Layanan Perpipaan (PDAM),Listrik PLN,LPG 5.5 kg / 12 kg,Sendiri,Leher Angsa,Tangki Septik,Ya,Tidak,Tidak,Ya,Ya,Tidak,Normal,Tidak Ada Gangguan,Tidak Ada Gangguan,Tidak Ada Gangguan
3201011595000137,3201012010180046,Dedi Rahmawati,1973-06-05,53,Laki-laki,Istri,Kawin/Nikah,13484186.0,13484186.0,9,9,Sumatera Utara,Kota Medan,Medan Baru,Petisah Tengah,Jl. Gajah Mada No. 137,PBI APBN (Kemenkes),Ya,Tidak,Tidak Sekolah Lagi,Sarjana (S1),Sarjana (S1),Ya,Jasa keuangan & asuransi,Buruh/Karyawan/Pegawai,532100000046,450 VA,Kontrak/Sewa,Ubin/Teraso,Tembok,Genteng,Layanan Perpipaan (PDAM),Listrik PLN,LPG 3 kg,Sendiri,Leher Angsa,Tangki Septik,Ya,Ya,Ya,Ya,Ya,Tidak,Normal,Tidak Ada Gangguan,Tidak Ada Gangguan,Tidak Ada Gangguan
3201011071000138,3201012010180046,Rina Nyak Dien,1972-07-12,54,Perempuan,Anak,Belum Kawin,5904973.0,5904973.0,2,2,Sumatera Utara,Kota Medan,Medan Baru,Petisah Tengah,Jl. Gajah Mada No. 138,PBI APBN (Kemenkes),Ya,Tidak,Tidak Sekolah Lagi,SMA/SMK/MA,SMA/SMK/MA,Tidak,Administrasi pemerintahan,Berusaha sendiri,532100000046,900 VA,Milik Sendiri,Ubin/Teraso,Tembok,Genteng,Layanan Perpipaan (PDAM),Listrik PLN,LPG 3 kg,Sendiri,Leher Angsa,Tangki Septik,Ya,Tidak,Tidak,Ya,Ya,Ya,Normal,Tidak Ada Gangguan,Tidak Ada Gangguan,Tidak Ada Gangguan
3201012285000139,3201012010180047,Budi Wijaya,2003-07-06,23,Laki-laki,Kepala Keluarga,Belum Kawin,6769937.0,6769937.0,8,8,Bali,Kota Denpasar,Denpasar Selatan,Sidakarya,Jl. Raya Puputan No. 139,PBI APBD (Pemda),Tidak,Ya,Tidak Sekolah Lagi,SMP/MTs,SMP/MTs,Ya,Konstruksi,Pekerja bebas,532100000047,900 VA,Bebas Sewa,Ubin/Teraso,Kayu,Seng,Sumur Bor/Pompa,Listrik PLN,LPG 5.5 kg / 12 kg,Sendiri,Leher Angsa,Tangki Septik,Ya,Tidak,Tidak,Ya,Ya,Ya,Normal,Tidak Ada Gangguan,Tidak Ada Gangguan,Tidak Ada Gangguan
3201011483000140,3201012010180047,Rahmat Kusuma,2000-09-26,26,Laki-laki,Istri,Kawin/Nikah,14523884.0,14523884.0,6,6,Bali,Kota Denpasar,Denpasar Selatan,Sidakarya,Jl. Raya Puputan No. 140,Bukan Penerima Bantuan,Tidak,Tidak,Tidak Sekolah Lagi,Sarjana (S1),Sarjana (S1),Ya,Industri pengolahan,Berusaha sendiri,532100000047,900 VA,Milik Sendiri,Ubin/Teraso,Tembok,Genteng,Layanan Perpipaan (PDAM),Listrik PLN,LPG 3 kg,Sendiri,Leher Angsa,Tangki Septik,Ya,Ya,Ya,Ya,Ya,Ya,Normal,Tidak Ada Gangguan,Tidak Ada Gangguan,Tidak Ada Gangguan
3201012194000141,3201012010180047,Eko Kusuma,1970-02-08,56,Laki-laki,Anak,Belum Kawin,2888772.0,2888772.0,4,4,Bali,Kota Denpasar,Denpasar Selatan,Sidakarya,Jl. Raya Puputan No. 141,Bukan Penerima Bantuan,Tidak,Tidak,Tidak Sekolah Lagi,Magister (S2),Magister (S2),Tidak,"Pertanian, kehutanan, dan perikanan",Buruh/Karyawan/Pegawai,532100000047,900 VA,Bebas Sewa,Ubin/Teraso,Kayu,Asbes,Air Kemasan/Isi Ulang,Listrik PLN,Listrik,Sendiri,Leher Angsa,Tangki Septik,Ya,Ya,Tidak,Ya,Ya,Ya,Normal,Tidak Ada Gangguan,Tidak Ada Gangguan,Tidak Ada Gangguan
3201012874000142,3201012010180048,Eko Wibowo,1991-09-10,35,Laki-laki,Kepala Keluarga,Kawin/Nikah,2384084.0,2384084.0,4,4,DKI Jakarta,Jakarta Selatan,Cilandak,Cilandak Barat,Jl. Mawar No. 142,Bukan Penerima Bantuan,Tidak,Tidak,Tidak Sekolah Lagi,Diploma (D1-D4),Diploma (D1-D4),Ya,Perdagangan besar dan eceran,Pekerja bebas,532100000048,2200 VA,Milik Sendiri,Ubin/Teraso,Tembok,Genteng,Layanan Perpipaan (PDAM),Listrik PLN,Listrik,Sendiri,Leher Angsa,Tangki Septik,Ya,Tidak,Tidak,Ya,Ya,Ya,Normal,Tidak Ada Gangguan,Tidak Ada Gangguan,Tidak Ada Gangguan
3201012071000143,3201012010180048,Budi Nyak Dien,1997-12-05,29,Laki-laki,Istri,Kawin/Nikah,8260917.0,8260917.0,7,7,DKI Jakarta,Jakarta Selatan,Cilandak,Cilandak Barat,Jl. Mawar No. 143,Bukan Penerima Bantuan,Tidak,Tidak,Tidak Sekolah Lagi,SMA/SMK/MA,SMA/SMK/MA,Ya,Jasa keuangan & asuransi,Berusaha sendiri,532100000048,1300 VA,Milik Sendiri,Keramik,Kayu,Asbes,Layanan Perpipaan (PDAM),Listrik PLN,Listrik,Sendiri,Leher Angsa,Tangki Septik,Ya,Ya,Ya,Ya,Ya,Ya,Normal,Tidak Ada Gangguan,Tidak Ada Gangguan,Tidak Ada Gangguan
3201012792000144,3201012010180048,Sri Hidayat,1974-11-19,52,Perempuan,Anak,Belum Kawin,7773819.0,7773819.0,3,3,DKI Jakarta,Jakarta Selatan,Cilandak,Cilandak Barat,Jl. Mawar No. 144,PBI APBD (Pemda),Tidak,Ya,Tidak Sekolah Lagi,SMA/SMK/MA,SMA/SMK/MA,Ya,Konstruksi,Berusaha sendiri,532100000048,450 VA,Milik Sendiri,Semen,Kayu,Asbes,Air Kemasan/Isi Ulang,Listrik PLN,Listrik,Sendiri,Leher Angsa,Tangki Septik,Ya,Ya,Tidak,Ya,Ya,Ya,Normal,Tidak Ada Gangguan,Tidak Ada Gangguan,Tidak Ada Gangguan
3201011480000145,3201012010180049,Teuku Kusuma,1982-06-06,44,Laki-laki,Kepala Keluarga,Kawin/Nikah,2867090.0,2867090.0,5,5,Jawa Barat,Kota Bogor,Bogor Tengah,Paledang,Jl. Pajajaran No. 145,PBI APBD (Pemda),Tidak,Ya,Tidak Sekolah Lagi,Diploma (D1-D4),Diploma (D1-D4),Ya,Administrasi pemerintahan,Buruh/Karyawan/Pegawai,532100000049,1300 VA,Kontrak/Sewa,Keramik,Tembok,Genteng,Layanan Perpipaan (PDAM),Listrik PLN,LPG 5.5 kg / 12 kg,Sendiri,Leher Angsa,Tangki Septik,Ya,Ya,Tidak,Ya,Ya,Ya,Normal,Tidak Ada Gangguan,Tidak Ada Gangguan,Tidak Ada Gangguan
3201012385000146,3201012010180049,Yuni Hidayat,1994-07-04,32,Perempuan,Istri,Kawin/Nikah,11864461.0,11864461.0,2,2,Jawa Barat,Kota Bogor,Bogor Tengah,Paledang,Jl. Pajajaran No. 146,PBI APBN (Kemenkes),Ya,Tidak,Tidak Sekolah Lagi,Sarjana (S1),Sarjana (S1),Ya,Perdagangan besar dan eceran,Berusaha sendiri,532100000049,1300 VA,Milik Sendiri,Keramik,Kayu,Genteng,Layanan Perpipaan (PDAM),Listrik PLN,LPG 3 kg,Sendiri,Leher Angsa,Tangki Septik,Ya,Ya,Ya,Ya,Ya,Ya,Normal,Tidak Ada Gangguan,Tidak Ada Gangguan,Tidak Ada Gangguan
3201011280000147,3201012010180049,Sri Lestari,2005-01-14,21,Perempuan,Anak,Belum Kawin,2885386.0,2885386.0,2,2,Jawa Barat,Kota Bogor,Bogor Tengah,Paledang,Jl. Pajajaran No. 147,PKH & BPNT,Tidak,Tidak,Masih Sekolah,SMP/MTs,SMP/MTs,Ya,Industri pengolahan,Pekerja bebas,532100000049,1300 VA,Bebas Sewa,Ubin/Teraso,Kayu,Genteng,Air Kemasan/Isi Ulang,Listrik PLN,LPG 3 kg,Sendiri,Leher Angsa,Tangki Septik,Ya,Ya,Tidak,Ya,Ya,Ya,Normal,Tidak Ada Gangguan,Tidak Ada Gangguan,Tidak Ada Gangguan
3201012574000148,3201012010180050,Siti Hidayat,1960-07-03,66,Perempuan,Kepala Keluarga,Kawin/Nikah,2508857.0,2508857.0,1,1,Jawa Barat,Kota Bandung,Coblong,Dago,Jl. Ganesha No. 148,PBI APBD (Pemda),Tidak,Ya,Tidak Sekolah Lagi,Diploma (D1-D4),Diploma (D1-D4),Ya,Administrasi pemerintahan,Berusaha sendiri,532100000050,450 VA,Kontrak/Sewa,Keramik,Kayu,Seng,Layanan Perpipaan (PDAM),Listrik PLN,LPG 5.5 kg / 12 kg,Sendiri,Leher Angsa,Tangki Septik,Ya,Ya,Tidak,Ya,Ya,Ya,Normal,Tidak Ada Gangguan,Tidak Ada Gangguan,Tidak Ada Gangguan
3201012782000149,3201012010180050,Anisa Hidayat,1984-06-06,42,Perempuan,Istri,Kawin/Nikah,14188810.0,14188810.0,5,5,Jawa Barat,Kota Bandung,Coblong,Dago,Jl. Ganesha No. 149,PBI APBD (Pemda),Tidak,Ya,Tidak Sekolah Lagi,Sarjana (S1),Sarjana (S1),Ya,Konstruksi,Buruh/Karyawan/Pegawai,532100000050,900 VA,Bebas Sewa,Semen,Tembok,Genteng,Sumur Bor/Pompa,Listrik PLN,LPG 5.5 kg / 12 kg,Sendiri,Leher Angsa,Tangki Septik,Ya,Ya,Ya,Ya,Ya,Ya,Normal,Tidak Ada Gangguan,Tidak Ada Gangguan,Tidak Ada Gangguan
3201012877000150,3201012010180050,Tri Rahmawati,1984-09-14,42,Laki-laki,Anak,Belum Kawin,4540885.0,4540885.0,8,8,Jawa Barat,Kota Bandung,Coblong,Dago,Jl. Ganesha No. 150,PKH & BPNT,Tidak,Tidak,Tidak Sekolah Lagi,SMA/SMK/MA,SMA/SMK/MA,Tidak,Administrasi pemerintahan,Buruh/Karyawan/Pegawai,532100000050,900 VA,Milik Sendiri,Ubin/Teraso,Tembok,Genteng,Air Kemasan/Isi Ulang,Listrik PLN,LPG 3 kg,Sendiri,Leher Angsa,Tangki Septik,Ya,Tidak,Tidak,Ya,Ya,Ya,Normal,Tidak Ada Gangguan,Tidak Ada Gangguan,Tidak Ada Gangguan
3201012376000151,3201012010180051,Wawan Setiawan,1980-12-26,46,Laki-laki,Kepala Keluarga,Kawin/Nikah,15167121.0,15167121.0,9,9,Jawa Tengah,Kota Semarang,Semarang Selatan,Randusari,Jl. Pandanaran No. 151,PKH & BPNT,Tidak,Tidak,Tidak Sekolah Lagi,Sarjana (S1),Sarjana (S1),Ya,Konstruksi,Berusaha sendiri,532100000051,450 VA,Bebas Sewa,Semen,Kayu,Genteng,Layanan Perpipaan (PDAM),Listrik PLN,LPG 3 kg,Sendiri,Leher Angsa,Tangki Septik,Ya,Tidak,Ya,Ya,Ya,Ya,Normal,Tidak Ada Gangguan,Tidak Ada Gangguan,Tidak Ada Gangguan
3201011399000152,3201012010180051,Dewi Pratama,1978-09-12,48,Perempuan,Istri,Kawin/Nikah,15992757.0,15992757.0,10,10,Jawa Tengah,Kota Semarang,Semarang Selatan,Randusari,Jl. Pandanaran No. 152,Bukan Penerima Bantuan,Tidak,Tidak,Tidak Sekolah Lagi,Magister (S2),Magister (S2),Ya,Perdagangan besar dan eceran,Buruh/Karyawan/Pegawai,532100000051,1300 VA,Kontrak/Sewa,Keramik,Kayu,Genteng,Layanan Perpipaan (PDAM),Listrik PLN,LPG 5.5 kg / 12 kg,Sendiri,Leher Angsa,Tangki Septik,Ya,Ya,Ya,Ya,Ya,Tidak,Normal,Tidak Ada Gangguan,Tidak Ada Gangguan,Tidak Ada Gangguan
3201012599000153,3201012010180051,Hendra Hidayat,1961-06-27,65,Laki-laki,Anak,Belum Kawin,17570309.0,17570309.0,2,2,Jawa Tengah,Kota Semarang,Semarang Selatan,Randusari,Jl. Pandanaran No. 153,PBI APBD (Pemda),Tidak,Ya,Tidak Sekolah Lagi,Diploma (D1-D4),Diploma (D1-D4),Tidak,Administrasi pemerintahan,Berusaha sendiri,532100000051,1300 VA,Kontrak/Sewa,Semen,Kayu,Asbes,Sumur Bor/Pompa,Listrik PLN,LPG 3 kg,Sendiri,Leher Angsa,Tangki Septik,Ya,Tidak,Ya,Ya,Ya,Ya,Normal,Tidak Ada Gangguan,Tidak Ada Gangguan,Tidak Ada Gangguan
3201012393000154,3201012010180052,Nur Hidayat,1963-09-26,63,Perempuan,Kepala Keluarga,Kawin/Nikah,16452299.0,16452299.0,3,3,Jawa Timur,Kota Surabaya,Tegalsari,Kedungdoro,Jl. Basuki Rahmat No. 154,Bukan Penerima Bantuan,Tidak,Tidak,Tidak Sekolah Lagi,SMA/SMK/MA,SMA/SMK/MA,Ya,"Pertanian, kehutanan, dan perikanan",Buruh/Karyawan/Pegawai,532100000052,900 VA,Milik Sendiri,Keramik,Tembok,Seng,Air Kemasan/Isi Ulang,Listrik PLN,LPG 5.5 kg / 12 kg,Sendiri,Leher Angsa,Tangki Septik,Ya,Ya,Ya,Ya,Ya,Ya,Normal,Tidak Ada Gangguan,Tidak Ada Gangguan,Tidak Ada Gangguan
3201012486000155,3201012010180052,Yuni Pratama,2003-01-08,23,Perempuan,Istri,Belum Kawin,11989679.0,11989679.0,10,10,Jawa Timur,Kota Surabaya,Tegalsari,Kedungdoro,Jl. Basuki Rahmat No. 155,Bukan Penerima Bantuan,Tidak,Tidak,Tidak Sekolah Lagi,SMA/SMK/MA,SMA/SMK/MA,Ya,Jasa keuangan & asuransi,Buruh/Karyawan/Pegawai,532100000052,1300 VA,Bebas Sewa,Semen,Tembok,Seng,Air Kemasan/Isi Ulang,Listrik PLN,LPG 5.5 kg / 12 kg,Sendiri,Leher Angsa,Tangki Septik,Ya,Tidak,Ya,Ya,Ya,Ya,Normal,Tidak Ada Gangguan,Tidak Ada Gangguan,Tidak Ada Gangguan
3201011697000156,3201012010180052,Rina Kusuma,2003-04-09,23,Perempuan,Anak,Belum Kawin,2883238.0,2883238.0,8,8,Jawa Timur,Kota Surabaya,Tegalsari,Kedungdoro,Jl. Basuki Rahmat No. 156,PBI APBD (Pemda),Tidak,Ya,Tidak Sekolah Lagi,SMP/MTs,SMP/MTs,Ya,Perdagangan besar dan eceran,Buruh/Karyawan/Pegawai,532100000052,1300 VA,Bebas Sewa,Ubin/Teraso,Kayu,Seng,Layanan Perpipaan (PDAM),Listrik PLN,LPG 5.5 kg / 12 kg,Sendiri,Leher Angsa,Tangki Septik,Ya,Ya,Tidak,Ya,Ya,Ya,Normal,Tidak Ada Gangguan,Tidak Ada Gangguan,Tidak Ada Gangguan
3201011991000157,3201012010180053,Agus Wijaya,1997-02-01,29,Laki-laki,Kepala Keluarga,Kawin/Nikah,8339266.0,8339266.0,5,5,Banten,Kota Tangerang,Tangerang,Sukarasa,Jl. Merdeka No. 157,PBI APBN (Kemenkes),Ya,Tidak,Tidak Sekolah Lagi,Magister (S2),Magister (S2),Ya,Perdagangan besar dan eceran,Berusaha sendiri,532100000053,1300 VA,Bebas Sewa,Ubin/Teraso,Kayu,Seng,Sumur Bor/Pompa,Listrik PLN,Listrik,Sendiri,Leher Angsa,Tangki Septik,Ya,Ya,Ya,Ya,Ya,Ya,Normal,Tidak Ada Gangguan,Tidak Ada Gangguan,Tidak Ada Gangguan
3201011674000158,3201012010180053,Agus Kusuma,1963-10-13,63,Laki-laki,Istri,Kawin/Nikah,2892616.0,2892616.0,8,8,Banten,Kota Tangerang,Tangerang,Sukarasa,Jl. Merdeka No. 158,PKH & BPNT,Tidak,Tidak,Tidak Sekolah Lagi,Sarjana (S1),Sarjana (S1),Ya,Industri pengolahan,Berusaha sendiri,532100000053,2200 VA,Bebas Sewa,Keramik,Tembok,Seng,Sumur Bor/Pompa,Listrik PLN,Listrik,Sendiri,Leher Angsa,Tangki Septik,Ya,Tidak,Tidak,Ya,Ya,Ya,Normal,Tidak Ada Gangguan,Tidak Ada Gangguan,Tidak Ada Gangguan
3201012599000159,3201012010180053,Bambang Nurbaya,1970-11-18,56,Laki-laki,Anak,Belum Kawin,3716109.0,3716109.0,5,5,Banten,Kota Tangerang,Tangerang,Sukarasa,Jl. Merdeka No. 159,Bukan Penerima Bantuan,Tidak,Tidak,Tidak Sekolah Lagi,Diploma (D1-D4),Diploma (D1-D4),Ya,Jasa keuangan & asuransi,Pekerja bebas,532100000053,450 VA,Milik Sendiri,Ubin/Teraso,Tembok,Asbes,Layanan Perpipaan (PDAM),Listrik PLN,LPG 5.5 kg / 12 kg,Sendiri,Leher Angsa,Tangki Septik,Ya,Ya,Tidak,Ya,Ya,Ya,Normal,Tidak Ada Gangguan,Tidak Ada Gangguan,Tidak Ada Gangguan
3201011888000160,3201012010180054,Dedi Suryani,1967-08-02,59,Laki-laki,Kepala Keluarga,Kawin/Nikah,4323844.0,4323844.0,9,9,Sumatera Utara,Kota Medan,Medan Baru,Petisah Tengah,Jl. Gajah Mada No. 160,PBI APBN (Kemenkes),Ya,Tidak,Tidak Sekolah Lagi,Magister (S2),Magister (S2),Ya,Konstruksi,Berusaha sendiri,532100000054,2200 VA,Milik Sendiri,Keramik,Tembok,Genteng,Layanan Perpipaan (PDAM),Listrik PLN,LPG 5.5 kg / 12 kg,Sendiri,Leher Angsa,Tangki Septik,Ya,Ya,Tidak,Ya,Ya,Ya,Normal,Tidak Ada Gangguan,Tidak Ada Gangguan,Tidak Ada Gangguan
3201012474000161,3201012010180054,Cut Sartika,1965-08-11,61,Perempuan,Istri,Kawin/Nikah,2861685.0,2861685.0,1,1,Sumatera Utara,Kota Medan,Medan Baru,Petisah Tengah,Jl. Gajah Mada No. 161,PBI APBN + PKH,Ya,Tidak,Tidak Sekolah Lagi,Sarjana (S1),Sarjana (S1),Ya,"Pertanian, kehutanan, dan perikanan",Buruh/Karyawan/Pegawai,532100000054,900 VA,Kontrak/Sewa,Keramik,Tembok,Asbes,Layanan Perpipaan (PDAM),Listrik PLN,Listrik,Sendiri,Leher Angsa,Tangki Septik,Ya,Ya,Tidak,Ya,Ya,Ya,Normal,Tidak Ada Gangguan,Tidak Ada Gangguan,Tidak Ada Gangguan
3201012582000162,3201012010180054,Budi Rahmawati,1994-04-24,32,Laki-laki,Anak,Belum Kawin,3129521.0,3129521.0,1,1,Sumatera Utara,Kota Medan,Medan Baru,Petisah Tengah,Jl. Gajah Mada No. 162,PBI APBN (Kemenkes),Ya,Tidak,Tidak Sekolah Lagi,Diploma (D1-D4),Diploma (D1-D4),Tidak,Jasa keuangan & asuransi,Berusaha sendiri,532100000054,900 VA,Milik Sendiri,Ubin/Teraso,Kayu,Genteng,Air Kemasan/Isi Ulang,Listrik PLN,LPG 3 kg,Sendiri,Leher Angsa,Tangki Septik,Ya,Tidak,Tidak,Ya,Ya,Ya,Normal,Tidak Ada Gangguan,Tidak Ada Gangguan,Tidak Ada Gangguan
3201012689000163,3201012010180055,Agus Putri,1987-11-05,39,Laki-laki,Kepala Keluarga,Kawin/Nikah,4127979.0,4127979.0,3,3,Bali,Kota Denpasar,Denpasar Selatan,Sidakarya,Jl. Raya Puputan No. 163,PBI APBN + PKH,Ya,Tidak,Tidak Sekolah Lagi,SMA/SMK/MA,SMA/SMK/MA,Ya,"Pertanian, kehutanan, dan perikanan",Buruh/Karyawan/Pegawai,532100000055,900 VA,Milik Sendiri,Semen,Tembok,Asbes,Sumur Bor/Pompa,Listrik PLN,LPG 3 kg,Sendiri,Leher Angsa,Tangki Septik,Ya,Tidak,Tidak,Ya,Ya,Ya,Normal,Tidak Ada Gangguan,Tidak Ada Gangguan,Tidak Ada Gangguan
3201011182000164,3201012010180055,Hendra Rahmawati,1998-01-22,28,Laki-laki,Istri,Kawin/Nikah,2313365.0,2313365.0,7,7,Bali,Kota Denpasar,Denpasar Selatan,Sidakarya,Jl. Raya Puputan No. 164,PBI APBN + PKH,Ya,Tidak,Tidak Sekolah Lagi,Magister (S2),Magister (S2),Ya,Perdagangan besar dan eceran,Pekerja bebas,532100000055,1300 VA,Kontrak/Sewa,Semen,Tembok,Genteng,Sumur Bor/Pompa,Listrik PLN,Listrik,Sendiri,Leher Angsa,Tangki Septik,Ya,Ya,Tidak,Ya,Ya,Ya,Normal,Tidak Ada Gangguan,Tidak Ada Gangguan,Tidak Ada Gangguan
3201011391000165,3201012010180055,Agus Setiawan,1999-10-23,27,Laki-laki,Anak,Belum Kawin,2343826.0,2343826.0,5,5,Bali,Kota Denpasar,Denpasar Selatan,Sidakarya,Jl. Raya Puputan No. 165,PBI APBN (Kemenkes),Ya,Tidak,Tidak Sekolah Lagi,SMA/SMK/MA,SMA/SMK/MA,Ya,Konstruksi,Buruh/Karyawan/Pegawai,532100000055,1300 VA,Bebas Sewa,Keramik,Kayu,Asbes,Layanan Perpipaan (PDAM),Listrik PLN,LPG 5.5 kg / 12 kg,Sendiri,Leher Angsa,Tangki Septik,Ya,Tidak,Tidak,Ya,Ya,Ya,Normal,Tidak Ada Gangguan,Tidak Ada Gangguan,Tidak Ada Gangguan
3201011692000166,3201012010180056,Nur Putri,1975-01-01,51,Perempuan,Kepala Keluarga,Kawin/Nikah,2293326.0,2293326.0,9,9,DKI Jakarta,Jakarta Selatan,Cilandak,Cilandak Barat,Jl. Mawar No. 166,PBI APBN (Kemenkes),Ya,Tidak,Tidak Sekolah Lagi,SMA/SMK/MA,SMA/SMK/MA,Ya,Jasa keuangan & asuransi,Pekerja bebas,532100000056,900 VA,Kontrak/Sewa,Ubin/Teraso,Kayu,Seng,Air Kemasan/Isi Ulang,Listrik PLN,LPG 3 kg,Sendiri,Leher Angsa,Tangki Septik,Ya,Ya,Tidak,Ya,Ya,Ya,Normal,Tidak Ada Gangguan,Tidak Ada Gangguan,Tidak Ada Gangguan
3201011981000167,3201012010180056,Cut Kurniawan,1967-02-28,59,Perempuan,Istri,Kawin/Nikah,3120284.0,3120284.0,6,6,DKI Jakarta,Jakarta Selatan,Cilandak,Cilandak Barat,Jl. Mawar No. 167,PKH & BPNT,Tidak,Tidak,Tidak Sekolah Lagi,Magister (S2),Magister (S2),Ya,Konstruksi,Berusaha sendiri,532100000056,450 VA,Kontrak/Sewa,Ubin/Teraso,Tembok,Genteng,Layanan Perpipaan (PDAM),Listrik PLN,LPG 5.5 kg / 12 kg,Sendiri,Leher Angsa,Tangki Septik,Ya,Ya,Tidak,Ya,Ya,Ya,Normal,Tidak Ada Gangguan,Tidak Ada Gangguan,Tidak Ada Gangguan
3201012292000168,3201012010180056,Nur Kurniawan,2001-03-04,25,Perempuan,Anak,Belum Kawin,4559974.0,4559974.0,2,2,DKI Jakarta,Jakarta Selatan,Cilandak,Cilandak Barat,Jl. Mawar No. 168,PBI APBN + PKH,Ya,Tidak,Tidak Sekolah Lagi,Magister (S2),Magister (S2),Ya,Administrasi pemerintahan,Berusaha sendiri,532100000056,900 VA,Bebas Sewa,Ubin/Teraso,Kayu,Asbes,Air Kemasan/Isi Ulang,Listrik PLN,Listrik,Sendiri,Leher Angsa,Tangki Septik,Ya,Ya,Tidak,Ya,Ya,Ya,Normal,Tidak Ada Gangguan,Tidak Ada Gangguan,Tidak Ada Gangguan
3201011485000169,3201012010180057,Nur Pratama,1986-08-02,40,Perempuan,Kepala Keluarga,Kawin/Nikah,3648641.0,3648641.0,6,6,Jawa Barat,Kota Bogor,Bogor Tengah,Paledang,Jl. Pajajaran No. 169,Bukan Penerima Bantuan,Tidak,Tidak,Tidak Sekolah Lagi,SMA/SMK/MA,SMA/SMK/MA,Ya,Industri pengolahan,Pekerja bebas,532100000057,900 VA,Kontrak/Sewa,Ubin/Teraso,Kayu,Genteng,Sumur Bor/Pompa,Listrik PLN,Listrik,Sendiri,Leher Angsa,Tangki Septik,Ya,Tidak,Tidak,Ya,Ya,Ya,Normal,Tidak Ada Gangguan,Tidak Ada Gangguan,Tidak Ada Gangguan
3201011586000170,3201012010180057,Nur Lestari,1970-02-25,56,Perempuan,Istri,Kawin/Nikah,7220747.0,7220747.0,1,1,Jawa Barat,Kota Bogor,Bogor Tengah,Paledang,Jl. Pajajaran No. 170,Bukan Penerima Bantuan,Tidak,Tidak,Tidak Sekolah Lagi,Diploma (D1-D4),Diploma (D1-D4),Ya,Konstruksi,Pekerja bebas,532100000057,2200 VA,Kontrak/Sewa,Keramik,Tembok,Seng,Layanan Perpipaan (PDAM),Listrik PLN,Listrik,Sendiri,Leher Angsa,Tangki Septik,Ya,Ya,Tidak,Ya,Ya,Ya,Normal,Tidak Ada Gangguan,Tidak Ada Gangguan,Tidak Ada Gangguan
3201012480000171,3201012010180057,Dewi Lestari,2001-01-04,25,Perempuan,Anak,Belum Kawin,2623037.0,2623037.0,2,2,Jawa Barat,Kota Bogor,Bogor Tengah,Paledang,Jl. Pajajaran No. 171,Bukan Penerima Bantuan,Tidak,Tidak,Tidak Sekolah Lagi,Sarjana (S1),Sarjana (S1),Ya,Konstruksi,Buruh/Karyawan/Pegawai,532100000057,2200 VA,Kontrak/Sewa,Ubin/Teraso,Tembok,Genteng,Layanan Perpipaan (PDAM),Listrik PLN,LPG 5.5 kg / 12 kg,Sendiri,Leher Angsa,Tangki Septik,Ya,Ya,Tidak,Ya,Ya,Ya,Normal,Tidak Ada Gangguan,Tidak Ada Gangguan,Tidak Ada Gangguan
3201012592000172,3201012010180058,Bambang Suryani,1967-02-25,59,Laki-laki,Kepala Keluarga,Kawin/Nikah,5218429.0,5218429.0,5,5,Jawa Barat,Kota Bandung,Coblong,Dago,Jl. Ganesha No. 172,Bukan Penerima Bantuan,Tidak,Tidak,Tidak Sekolah Lagi,Sarjana (S1),Sarjana (S1),Ya,Administrasi pemerintahan,Buruh/Karyawan/Pegawai,532100000058,450 VA,Milik Sendiri,Ubin/Teraso,Tembok,Asbes,Sumur Bor/Pompa,Listrik PLN,Listrik,Sendiri,Leher Angsa,Tangki Septik,Ya,Ya,Tidak,Ya,Ya,Ya,Normal,Tidak Ada Gangguan,Tidak Ada Gangguan,Tidak Ada Gangguan
3201011676000173,3201012010180058,Dewi Wijaya,1973-08-27,53,Perempuan,Istri,Kawin/Nikah,11404004.0,11404004.0,1,1,Jawa Barat,Kota Bandung,Coblong,Dago,Jl. Ganesha No. 173,Bukan Penerima Bantuan,Tidak,Tidak,Tidak Sekolah Lagi,SMA/SMK/MA,SMA/SMK/MA,Ya,Industri pengolahan,Berusaha sendiri,532100000058,900 VA,Kontrak/Sewa,Keramik,Tembok,Asbes,Layanan Perpipaan (PDAM),Listrik PLN,Listrik,Sendiri,Leher Angsa,Tangki Septik,Ya,Ya,Ya,Ya,Ya,Ya,Normal,Tidak Ada Gangguan,Tidak Ada Gangguan,Tidak Ada Gangguan
3201011592000174,3201012010180058,Eko Sartika,1968-02-13,58,Laki-laki,Anak,Belum Kawin,14728782.0,14728782.0,7,7,Jawa Barat,Kota Bandung,Coblong,Dago,Jl. Ganesha No. 174,Bukan Penerima Bantuan,Tidak,Tidak,Tidak Sekolah Lagi,Diploma (D1-D4),Diploma (D1-D4),Tidak,Jasa keuangan & asuransi,Berusaha sendiri,532100000058,2200 VA,Milik Sendiri,Keramik,Kayu,Asbes,Sumur Bor/Pompa,Listrik PLN,Listrik,Sendiri,Leher Angsa,Tangki Septik,Ya,Ya,Ya,Ya,Ya,Ya,Normal,Tidak Ada Gangguan,Tidak Ada Gangguan,Tidak Ada Gangguan
3201012797000175,3201012010180059,Cut Wibowo,1972-04-20,54,Perempuan,Kepala Keluarga,Kawin/Nikah,4539928.0,4539928.0,3,3,Jawa Tengah,Kota Semarang,Semarang Selatan,Randusari,Jl. Pandanaran No. 175,Bukan Penerima Bantuan,Tidak,Tidak,Tidak Sekolah Lagi,Sarjana (S1),Sarjana (S1),Ya,Administrasi pemerintahan,Buruh/Karyawan/Pegawai,532100000059,1300 VA,Bebas Sewa,Ubin/Teraso,Kayu,Asbes,Sumur Bor/Pompa,Listrik PLN,Listrik,Sendiri,Leher Angsa,Tangki Septik,Ya,Tidak,Tidak,Ya,Ya,Ya,Normal,Tidak Ada Gangguan,Tidak Ada Gangguan,Tidak Ada Gangguan
3201011086000176,3201012010180059,Dewi Santoso,1984-03-02,42,Perempuan,Istri,Kawin/Nikah,3519225.0,3519225.0,5,5,Jawa Tengah,Kota Semarang,Semarang Selatan,Randusari,Jl. Pandanaran No. 176,PKH & BPNT,Tidak,Tidak,Tidak Sekolah Lagi,Diploma (D1-D4),Diploma (D1-D4),Ya,Perdagangan besar dan eceran,Pekerja bebas,532100000059,1300 VA,Milik Sendiri,Semen,Tembok,Seng,Layanan Perpipaan (PDAM),Listrik PLN,LPG 3 kg,Sendiri,Leher Angsa,Tangki Septik,Ya,Ya,Tidak,Ya,Ya,Ya,Normal,Tidak Ada Gangguan,Tidak Ada Gangguan,Tidak Ada Gangguan
3201012797000177,3201012010180059,Rina Wijaya,1975-09-26,51,Perempuan,Anak,Belum Kawin,18271917.0,18271917.0,7,7,Jawa Tengah,Kota Semarang,Semarang Selatan,Randusari,Jl. Pandanaran No. 177,PBI APBN + PKH,Ya,Tidak,Tidak Sekolah Lagi,Sarjana (S1),Sarjana (S1),Ya,Perdagangan besar dan eceran,Buruh/Karyawan/Pegawai,532100000059,1300 VA,Milik Sendiri,Semen,Kayu,Genteng,Sumur Bor/Pompa,Listrik PLN,Listrik,Sendiri,Leher Angsa,Tangki Septik,Ya,Ya,Ya,Ya,Ya,Ya,Normal,Tidak Ada Gangguan,Tidak Ada Gangguan,Tidak Ada Gangguan
3201012887000178,3201012010180060,Sri Wibowo,1972-05-15,54,Perempuan,Kepala Keluarga,Kawin/Nikah,4531639.0,4531639.0,9,9,Jawa Timur,Kota Surabaya,Tegalsari,Kedungdoro,Jl. Basuki Rahmat No. 178,PBI APBN (Kemenkes),Ya,Tidak,Tidak Sekolah Lagi,Magister (S2),Magister (S2),Ya,Perdagangan besar dan eceran,Berusaha sendiri,532100000060,1300 VA,Bebas Sewa,Ubin/Teraso,Tembok,Genteng,Sumur Bor/Pompa,Listrik PLN,LPG 5.5 kg / 12 kg,Sendiri,Leher Angsa,Tangki Septik,Ya,Tidak,Tidak,Ya,Ya,Ya,Normal,Tidak Ada Gangguan,Tidak Ada Gangguan,Tidak Ada Gangguan
3201011471000179,3201012010180060,Wawan Putri,1998-01-25,28,Laki-laki,Istri,Kawin/Nikah,7726269.0,7726269.0,2,2,Jawa Timur,Kota Surabaya,Tegalsari,Kedungdoro,Jl. Basuki Rahmat No. 179,PKH & BPNT,Tidak,Tidak,Tidak Sekolah Lagi,Diploma (D1-D4),Diploma (D1-D4),Ya,"Pertanian, kehutanan, dan perikanan",Pekerja bebas,532100000060,450 VA,Bebas Sewa,Keramik,Kayu,Asbes,Sumur Bor/Pompa,Listrik PLN,LPG 5.5 kg / 12 kg,Sendiri,Leher Angsa,Tangki Septik,Ya,Tidak,Tidak,Ya,Ya,Ya,Normal,Tidak Ada Gangguan,Tidak Ada Gangguan,Tidak Ada Gangguan
3201011691000180,3201012010180060,Cut Putri,1983-05-07,43,Perempuan,Anak,Belum Kawin,2848314.0,2848314.0,2,2,Jawa Timur,Kota Surabaya,Tegalsari,Kedungdoro,Jl. Basuki Rahmat No. 180,PKH & BPNT,Tidak,Tidak,Tidak Sekolah Lagi,Magister (S2),Magister (S2),Tidak,Administrasi pemerintahan,Pekerja bebas,532100000060,900 VA,Milik Sendiri,Semen,Kayu,Seng,Air Kemasan/Isi Ulang,Listrik PLN,LPG 5.5 kg / 12 kg,Sendiri,Leher Angsa,Tangki Septik,Ya,Tidak,Tidak,Ya,Ya,Ya,Normal,Tidak Ada Gangguan,Tidak Ada Gangguan,Tidak Ada Gangguan
3201011099000181,3201012010180061,Agus Hidayat,1992-09-15,34,Laki-laki,Kepala Keluarga,Kawin/Nikah,3191963.0,3191963.0,6,6,Banten,Kota Tangerang,Tangerang,Sukarasa,Jl. Merdeka No. 181,Bukan Penerima Bantuan,Tidak,Tidak,Tidak Sekolah Lagi,SMA/SMK/MA,SMA/SMK/MA,Ya,Perdagangan besar dan eceran,Buruh/Karyawan/Pegawai,532100000061,450 VA,Bebas Sewa,Keramik,Tembok,Asbes,Sumur Bor/Pompa,Listrik PLN,LPG 3 kg,Sendiri,Leher Angsa,Tangki Septik,Ya,Ya,Tidak,Ya,Ya,Ya,Normal,Tidak Ada Gangguan,Tidak Ada Gangguan,Tidak Ada Gangguan
3201011376000182,3201012010180061,Tri Kurniawan,2001-02-24,25,Laki-laki,Istri,Kawin/Nikah,9052260.0,9052260.0,1,1,Banten,Kota Tangerang,Tangerang,Sukarasa,Jl. Merdeka No. 182,PBI APBN (Kemenkes),Ya,Tidak,Tidak Sekolah Lagi,SMA/SMK/MA,SMA/SMK/MA,Ya,Perdagangan besar dan eceran,Buruh/Karyawan/Pegawai,532100000061,1300 VA,Bebas Sewa,Keramik,Tembok,Seng,Layanan Perpipaan (PDAM),Listrik PLN,LPG 5.5 kg / 12 kg,Sendiri,Leher Angsa,Tangki Septik,Ya,Ya,Ya,Ya,Ya,Ya,Normal,Tidak Ada Gangguan,Tidak Ada Gangguan,Tidak Ada Gangguan
3201012070000183,3201012010180061,Yuni Pratama,1994-01-21,32,Perempuan,Anak,Belum Kawin,2848386.0,2848386.0,6,6,Banten,Kota Tangerang,Tangerang,Sukarasa,Jl. Merdeka No. 183,Bukan Penerima Bantuan,Tidak,Tidak,Tidak Sekolah Lagi,SMA/SMK/MA,SMA/SMK/MA,Tidak,Administrasi pemerintahan,Berusaha sendiri,532100000061,450 VA,Kontrak/Sewa,Ubin/Teraso,Kayu,Seng,Sumur Bor/Pompa,Listrik PLN,LPG 3 kg,Sendiri,Leher Angsa,Tangki Septik,Ya,Ya,Tidak,Ya,Ya,Ya,Normal,Tidak Ada Gangguan,Tidak Ada Gangguan,Tidak Ada Gangguan
3201011493000184,3201012010180062,Yuni Nurbaya,2000-03-10,26,Perempuan,Kepala Keluarga,Kawin/Nikah,3882511.0,3882511.0,2,2,Sumatera Utara,Kota Medan,Medan Baru,Petisah Tengah,Jl. Gajah Mada No. 184,PBI APBN (Kemenkes),Ya,Tidak,Tidak Sekolah Lagi,SMA/SMK/MA,SMA/SMK/MA,Ya,Konstruksi,Pekerja bebas,532100000062,2200 VA,Bebas Sewa,Semen,Tembok,Seng,Air Kemasan/Isi Ulang,Listrik PLN,Listrik,Sendiri,Leher Angsa,Tangki Septik,Ya,Ya,Tidak,Ya,Ya,Ya,Normal,Tidak Ada Gangguan,Tidak Ada Gangguan,Tidak Ada Gangguan
3201011683000185,3201012010180062,Agus Nyak Dien,1970-03-08,56,Laki-laki,Istri,Kawin/Nikah,3630037.0,3630037.0,10,10,Sumatera Utara,Kota Medan,Medan Baru,Petisah Tengah,Jl. Gajah Mada No. 185,PBI APBN (Kemenkes),Ya,Tidak,Tidak Sekolah Lagi,Magister (S2),Magister (S2),Ya,Administrasi pemerintahan,Pekerja bebas,532100000062,450 VA,Kontrak/Sewa,Semen,Tembok,Seng,Air Kemasan/Isi Ulang,Listrik PLN,LPG 3 kg,Sendiri,Leher Angsa,Tangki Septik,Ya,Ya,Tidak,Ya,Ya,Ya,Normal,Tidak Ada Gangguan,Tidak Ada Gangguan,Tidak Ada Gangguan
3201012081000186,3201012010180062,Wawan Kusuma,1966-05-20,60,Laki-laki,Anak,Belum Kawin,14575699.0,14575699.0,6,6,Sumatera Utara,Kota Medan,Medan Baru,Petisah Tengah,Jl. Gajah Mada No. 186,Bukan Penerima Bantuan,Tidak,Tidak,Tidak Sekolah Lagi,Sarjana (S1),Sarjana (S1),Ya,"Pertanian, kehutanan, dan perikanan",Pekerja bebas,532100000062,1300 VA,Kontrak/Sewa,Ubin/Teraso,Tembok,Genteng,Layanan Perpipaan (PDAM),Listrik PLN,LPG 3 kg,Sendiri,Leher Angsa,Tangki Septik,Ya,Ya,Ya,Ya,Ya,Ya,Normal,Tidak Ada Gangguan,Tidak Ada Gangguan,Tidak Ada Gangguan
3201012378000187,3201012010180063,Bambang Nyak Dien,2003-12-11,23,Laki-laki,Kepala Keluarga,Belum Kawin,8935933.0,8935933.0,8,8,Bali,Kota Denpasar,Denpasar Selatan,Sidakarya,Jl. Raya Puputan No. 187,Bukan Penerima Bantuan,Tidak,Tidak,Tidak Sekolah Lagi,SMP/MTs,SMP/MTs,Ya,"Pertanian, kehutanan, dan perikanan",Pekerja bebas,532100000063,450 VA,Kontrak/Sewa,Keramik,Tembok,Seng,Sumur Bor/Pompa,Listrik PLN,Listrik,Sendiri,Leher Angsa,Tangki Septik,Ya,Tidak,Ya,Ya,Ya,Tidak,Normal,Tidak Ada Gangguan,Tidak Ada Gangguan,Tidak Ada Gangguan
3201011097000188,3201012010180063,Agus Santoso,1997-10-13,29,Laki-laki,Istri,Kawin/Nikah,5507495.0,5507495.0,9,9,Bali,Kota Denpasar,Denpasar Selatan,Sidakarya,Jl. Raya Puputan No. 188,Bukan Penerima Bantuan,Tidak,Tidak,Tidak Sekolah Lagi,Magister (S2),Magister (S2),Ya,Administrasi pemerintahan,Buruh/Karyawan/Pegawai,532100000063,1300 VA,Kontrak/Sewa,Keramik,Kayu,Genteng,Layanan Perpipaan (PDAM),Listrik PLN,Listrik,Sendiri,Leher Angsa,Tangki Septik,Ya,Ya,Tidak,Ya,Ya,Ya,Normal,Tidak Ada Gangguan,Tidak Ada Gangguan,Tidak Ada Gangguan
3201012670000189,3201012010180063,Rina Sartika,1992-03-15,34,Perempuan,Anak,Belum Kawin,16673342.0,16673342.0,6,6,Bali,Kota Denpasar,Denpasar Selatan,Sidakarya,Jl. Raya Puputan No. 189,PBI APBN (Kemenkes),Ya,Tidak,Tidak Sekolah Lagi,Diploma (D1-D4),Diploma (D1-D4),Ya,"Pertanian, kehutanan, dan perikanan",Buruh/Karyawan/Pegawai,532100000063,1300 VA,Kontrak/Sewa,Keramik,Tembok,Asbes,Air Kemasan/Isi Ulang,Listrik PLN,Listrik,Sendiri,Leher Angsa,Tangki Septik,Ya,Ya,Ya,Ya,Ya,Ya,Normal,Tidak Ada Gangguan,Tidak Ada Gangguan,Tidak Ada Gangguan
3201012599000190,3201012010180064,Ahmad Rahmawati,1962-11-11,64,Laki-laki,Kepala Keluarga,Kawin/Nikah,9573592.0,9573592.0,5,5,DKI Jakarta,Jakarta Selatan,Cilandak,Cilandak Barat,Jl. Mawar No. 190,Bukan Penerima Bantuan,Tidak,Tidak,Tidak Sekolah Lagi,Diploma (D1-D4),Diploma (D1-D4),Ya,Industri pengolahan,Pekerja bebas,532100000064,2200 VA,Kontrak/Sewa,Semen,Tembok,Asbes,Layanan Perpipaan (PDAM),Listrik PLN,LPG 5.5 kg / 12 kg,Sendiri,Leher Angsa,Tangki Septik,Ya,Ya,Ya,Ya,Ya,Ya,Normal,Tidak Ada Gangguan,Tidak Ada Gangguan,Tidak Ada Gangguan
3201012281000191,3201012010180064,Bambang Lestari,1990-10-01,36,Laki-laki,Istri,Kawin/Nikah,3391437.0,3391437.0,2,2,DKI Jakarta,Jakarta Selatan,Cilandak,Cilandak Barat,Jl. Mawar No. 191,Bukan Penerima Bantuan,Tidak,Tidak,Tidak Sekolah Lagi,Sarjana (S1),Sarjana (S1),Ya,"Pertanian, kehutanan, dan perikanan",Buruh/Karyawan/Pegawai,532100000064,900 VA,Milik Sendiri,Ubin/Teraso,Tembok,Asbes,Air Kemasan/Isi Ulang,Listrik PLN,LPG 5.5 kg / 12 kg,Sendiri,Leher Angsa,Tangki Septik,Ya,Ya,Tidak,Ya,Ya,Ya,Normal,Tidak Ada Gangguan,Tidak Ada Gangguan,Tidak Ada Gangguan
3201012591000192,3201012010180064,Nur Lestari,1973-10-06,53,Perempuan,Anak,Belum Kawin,2878700.0,2878700.0,3,3,DKI Jakarta,Jakarta Selatan,Cilandak,Cilandak Barat,Jl. Mawar No. 192,Bukan Penerima Bantuan,Tidak,Tidak,Tidak Sekolah Lagi,Diploma (D1-D4),Diploma (D1-D4),Tidak,Konstruksi,Buruh/Karyawan/Pegawai,532100000064,900 VA,Milik Sendiri,Keramik,Kayu,Genteng,Sumur Bor/Pompa,Listrik PLN,LPG 5.5 kg / 12 kg,Sendiri,Leher Angsa,Tangki Septik,Ya,Ya,Tidak,Ya,Ya,Ya,Normal,Tidak Ada Gangguan,Tidak Ada Gangguan,Tidak Ada Gangguan
3201011098000193,3201012010180065,Dedi Umar,1973-08-20,53,Laki-laki,Kepala Keluarga,Kawin/Nikah,12340157.0,12340157.0,10,10,Jawa Barat,Kota Bogor,Bogor Tengah,Paledang,Jl. Pajajaran No. 193,PBI APBD (Pemda),Tidak,Ya,Tidak Sekolah Lagi,Diploma (D1-D4),Diploma (D1-D4),Ya,Konstruksi,Pekerja bebas,532100000065,1300 VA,Milik Sendiri,Semen,Kayu,Seng,Sumur Bor/Pompa,Listrik PLN,Listrik,Sendiri,Leher Angsa,Tangki Septik,Ya,Tidak,Ya,Ya,Ya,Ya,Normal,Tidak Ada Gangguan,Tidak Ada Gangguan,Tidak Ada Gangguan
3201011473000194,3201012010180065,Budi Wibowo,1993-09-22,33,Laki-laki,Istri,Kawin/Nikah,11988325.0,11988325.0,10,10,Jawa Barat,Kota Bogor,Bogor Tengah,Paledang,Jl. Pajajaran No. 194,Bukan Penerima Bantuan,Tidak,Tidak,Tidak Sekolah Lagi,SMA/SMK/MA,SMA/SMK/MA,Ya,Konstruksi,Pekerja bebas,532100000065,450 VA,Milik Sendiri,Ubin/Teraso,Tembok,Asbes,Sumur Bor/Pompa,Listrik PLN,LPG 3 kg,Sendiri,Leher Angsa,Tangki Septik,Ya,Ya,Ya,Ya,Ya,Ya,Normal,Tidak Ada Gangguan,Tidak Ada Gangguan,Tidak Ada Gangguan
3201012386000195,3201012010180065,Irfan Hidayat,1962-12-17,64,Laki-laki,Anak,Belum Kawin,17123272.0,17123272.0,6,6,Jawa Barat,Kota Bogor,Bogor Tengah,Paledang,Jl. Pajajaran No. 195,Bukan Penerima Bantuan,Tidak,Tidak,Tidak Sekolah Lagi,SMA/SMK/MA,SMA/SMK/MA,Ya,Jasa keuangan & asuransi,Berusaha sendiri,532100000065,900 VA,Milik Sendiri,Ubin/Teraso,Kayu,Seng,Air Kemasan/Isi Ulang,Listrik PLN,LPG 3 kg,Sendiri,Leher Angsa,Tangki Septik,Ya,Ya,Ya,Ya,Ya,Ya,Normal,Tidak Ada Gangguan,Tidak Ada Gangguan,Tidak Ada Gangguan
3201012886000196,3201012010180066,Dewi Santoso,1984-11-07,42,Perempuan,Kepala Keluarga,Kawin/Nikah,3957410.0,3957410.0,7,7,Jawa Barat,Kota Bandung,Coblong,Dago,Jl. Ganesha No. 196,Bukan Penerima Bantuan,Tidak,Tidak,Tidak Sekolah Lagi,Sarjana (S1),Sarjana (S1),Ya,Jasa keuangan & asuransi,Pekerja bebas,532100000066,2200 VA,Bebas Sewa,Ubin/Teraso,Kayu,Asbes,Layanan Perpipaan (PDAM),Listrik PLN,LPG 3 kg,Sendiri,Leher Angsa,Tangki Septik,Ya,Ya,Tidak,Ya,Ya,Ya,Normal,Tidak Ada Gangguan,Tidak Ada Gangguan,Tidak Ada Gangguan
3201012575000197,3201012010180066,Bambang Lestari,1976-05-19,50,Laki-laki,Istri,Kawin/Nikah,4723603.0,4723603.0,2,2,Jawa Barat,Kota Bandung,Coblong,Dago,Jl. Ganesha No. 197,PBI APBD (Pemda),Tidak,Ya,Tidak Sekolah Lagi,Magister (S2),Magister (S2),Ya,Administrasi pemerintahan,Buruh/Karyawan/Pegawai,532100000066,450 VA,Milik Sendiri,Semen,Kayu,Seng,Sumur Bor/Pompa,Listrik PLN,Listrik,Sendiri,Leher Angsa,Tangki Septik,Ya,Ya,Tidak,Ya,Ya,Ya,Normal,Tidak Ada Gangguan,Tidak Ada Gangguan,Tidak Ada Gangguan
3201011582000198,3201012010180066,Budi Umar,1969-08-20,57,Laki-laki,Anak,Belum Kawin,3284844.0,3284844.0,6,6,Jawa Barat,Kota Bandung,Coblong,Dago,Jl. Ganesha No. 198,PBI APBN (Kemenkes),Ya,Tidak,Tidak Sekolah Lagi,SMA/SMK/MA,SMA/SMK/MA,Ya,Industri pengolahan,Pekerja bebas,532100000066,1300 VA,Bebas Sewa,Semen,Tembok,Genteng,Sumur Bor/Pompa,Listrik PLN,LPG 5.5 kg / 12 kg,Sendiri,Leher Angsa,Tangki Septik,Ya,Ya,Tidak,Ya,Ya,Ya,Normal,Tidak Ada Gangguan,Tidak Ada Gangguan,Tidak Ada Gangguan
3201012679000199,3201012010180067,Rahmat Rahmawati,1998-09-17,28,Laki-laki,Kepala Keluarga,Kawin/Nikah,2442924.0,2442924.0,6,6,Jawa Tengah,Kota Semarang,Semarang Selatan,Randusari,Jl. Pandanaran No. 199,PBI APBD (Pemda),Tidak,Ya,Tidak Sekolah Lagi,SMA/SMK/MA,SMA/SMK/MA,Ya,"Pertanian, kehutanan, dan perikanan",Buruh/Karyawan/Pegawai,532100000067,1300 VA,Kontrak/Sewa,Ubin/Teraso,Kayu,Seng,Sumur Bor/Pompa,Listrik PLN,LPG 3 kg,Sendiri,Leher Angsa,Tangki Septik,Ya,Ya,Tidak,Ya,Ya,Ya,Normal,Tidak Ada Gangguan,Tidak Ada Gangguan,Tidak Ada Gangguan
3201011299000200,3201012010180067,Teuku Nurbaya,1995-10-12,31,Laki-laki,Istri,Kawin/Nikah,3679878.0,3679878.0,8,8,Jawa Tengah,Kota Semarang,Semarang Selatan,Randusari,Jl. Pandanaran No. 200,PBI APBN + PKH,Ya,Tidak,Tidak Sekolah Lagi,SMA/SMK/MA,SMA/SMK/MA,Ya,Jasa keuangan & asuransi,Buruh/Karyawan/Pegawai,532100000067,2200 VA,Bebas Sewa,Keramik,Tembok,Asbes,Layanan Perpipaan (PDAM),Listrik PLN,LPG 5.5 kg / 12 kg,Sendiri,Leher Angsa,Tangki Septik,Ya,Ya,Tidak,Ya,Ya,Ya,Normal,Tidak Ada Gangguan,Tidak Ada Gangguan,Tidak Ada Gangguan
3201011898000201,3201012010180067,Tri Setiawan,2004-08-13,22,Laki-laki,Anak,Belum Kawin,7240723.0,7240723.0,8,8,Jawa Tengah,Kota Semarang,Semarang Selatan,Randusari,Jl. Pandanaran No. 201,PBI APBN + PKH,Ya,Tidak,Tidak Sekolah Lagi,SMP/MTs,SMP/MTs,Ya,Jasa keuangan & asuransi,Buruh/Karyawan/Pegawai,532100000067,2200 VA,Bebas Sewa,Keramik,Tembok,Seng,Layanan Perpipaan (PDAM),Listrik PLN,LPG 5.5 kg / 12 kg,Sendiri,Leher Angsa,Tangki Septik,Ya,Ya,Tidak,Ya,Ya,Tidak,Normal,Tidak Ada Gangguan,Tidak Ada Gangguan,Tidak Ada Gangguan
3201011877000202,3201012010180068,Dedi Umar,1985-11-24,41,Laki-laki,Kepala Keluarga,Kawin/Nikah,6697246.0,6697246.0,6,6,Jawa Timur,Kota Surabaya,Tegalsari,Kedungdoro,Jl. Basuki Rahmat No. 202,PBI APBD (Pemda),Tidak,Ya,Tidak Sekolah Lagi,Sarjana (S1),Sarjana (S1),Ya,"Pertanian, kehutanan, dan perikanan",Pekerja bebas,532100000068,900 VA,Kontrak/Sewa,Semen,Tembok,Genteng,Sumur Bor/Pompa,Listrik PLN,LPG 3 kg,Sendiri,Leher Angsa,Tangki Septik,Ya,Ya,Tidak,Ya,Ya,Ya,Normal,Tidak Ada Gangguan,Tidak Ada Gangguan,Tidak Ada Gangguan
3201011696000203,3201012010180068,Rina Hidayat,1969-02-04,57,Perempuan,Istri,Kawin/Nikah,2282300.0,2282300.0,9,9,Jawa Timur,Kota Surabaya,Tegalsari,Kedungdoro,Jl. Basuki Rahmat No. 203,PBI APBN (Kemenkes),Ya,Tidak,Tidak Sekolah Lagi,Magister (S2),Magister (S2),Ya,Jasa keuangan & asuransi,Pekerja bebas,532100000068,1300 VA,Kontrak/Sewa,Semen,Kayu,Seng,Air Kemasan/Isi Ulang,Listrik PLN,Listrik,Sendiri,Leher Angsa,Tangki Septik,Ya,Tidak,Tidak,Ya,Ya,Ya,Normal,Tidak Ada Gangguan,Tidak Ada Gangguan,Tidak Ada Gangguan
3201012874000204,3201012010180068,Siti Kurniawan,1990-09-02,36,Perempuan,Anak,Belum Kawin,3828317.0,3828317.0,8,8,Jawa Timur,Kota Surabaya,Tegalsari,Kedungdoro,Jl. Basuki Rahmat No. 204,PBI APBN (Kemenkes),Ya,Tidak,Tidak Sekolah Lagi,Magister (S2),Magister (S2),Tidak,Perdagangan besar dan eceran,Buruh/Karyawan/Pegawai,532100000068,900 VA,Kontrak/Sewa,Semen,Tembok,Seng,Layanan Perpipaan (PDAM),Listrik PLN,Listrik,Sendiri,Leher Angsa,Tangki Septik,Ya,Ya,Tidak,Ya,Ya,Tidak,Normal,Tidak Ada Gangguan,Tidak Ada Gangguan,Tidak Ada Gangguan
3201011877000205,3201012010180069,Hendra Lestari,1999-06-12,27,Laki-laki,Kepala Keluarga,Kawin/Nikah,12266074.0,12266074.0,6,6,Banten,Kota Tangerang,Tangerang,Sukarasa,Jl. Merdeka No. 205,PKH & BPNT,Tidak,Tidak,Tidak Sekolah Lagi,Magister (S2),Magister (S2),Ya,Jasa keuangan & asuransi,Berusaha sendiri,532100000069,900 VA,Bebas Sewa,Keramik,Tembok,Genteng,Sumur Bor/Pompa,Listrik PLN,LPG 5.5 kg / 12 kg,Sendiri,Leher Angsa,Tangki Septik,Ya,Ya,Ya,Ya,Ya,Ya,Normal,Tidak Ada Gangguan,Tidak Ada Gangguan,Tidak Ada Gangguan
3201012276000206,3201012010180069,Wawan Nyak Dien,1990-01-06,36,Laki-laki,Istri,Kawin/Nikah,6328030.0,6328030.0,8,8,Banten,Kota Tangerang,Tangerang,Sukarasa,Jl. Merdeka No. 206,PKH & BPNT,Tidak,Tidak,Tidak Sekolah Lagi,Sarjana (S1),Sarjana (S1),Ya,Konstruksi,Pekerja bebas,532100000069,450 VA,Kontrak/Sewa,Keramik,Tembok,Genteng,Air Kemasan/Isi Ulang,Listrik PLN,LPG 5.5 kg / 12 kg,Sendiri,Leher Angsa,Tangki Septik,Ya,Ya,Tidak,Ya,Ya,Ya,Normal,Tidak Ada Gangguan,Tidak Ada Gangguan,Tidak Ada Gangguan
3201012493000207,3201012010180069,Cut Setiawan,1983-06-18,43,Perempuan,Anak,Belum Kawin,2784572.0,2784572.0,7,7,Banten,Kota Tangerang,Tangerang,Sukarasa,Jl. Merdeka No. 207,PBI APBN (Kemenkes),Ya,Tidak,Tidak Sekolah Lagi,Sarjana (S1),Sarjana (S1),Ya,Konstruksi,Buruh/Karyawan/Pegawai,532100000069,900 VA,Kontrak/Sewa,Ubin/Teraso,Kayu,Asbes,Sumur Bor/Pompa,Listrik PLN,LPG 5.5 kg / 12 kg,Sendiri,Leher Angsa,Tangki Septik,Ya,Ya,Tidak,Ya,Ya,Ya,Normal,Tidak Ada Gangguan,Tidak Ada Gangguan,Tidak Ada Gangguan
3201011282000208,3201012010180070,Sri Nurbaya,1989-11-05,37,Perempuan,Kepala Keluarga,Kawin/Nikah,14038453.0,14038453.0,2,2,Sumatera Utara,Kota Medan,Medan Baru,Petisah Tengah,Jl. Gajah Mada No. 208,PBI APBN (Kemenkes),Ya,Tidak,Tidak Sekolah Lagi,Diploma (D1-D4),Diploma (D1-D4),Ya,Jasa keuangan & asuransi,Buruh/Karyawan/Pegawai,532100000070,1300 VA,Kontrak/Sewa,Semen,Kayu,Asbes,Layanan Perpipaan (PDAM),Listrik PLN,Listrik,Sendiri,Leher Angsa,Tangki Septik,Ya,Ya,Ya,Ya,Ya,Ya,Normal,Tidak Ada Gangguan,Tidak Ada Gangguan,Tidak Ada Gangguan
3201012494000209,3201012010180070,Bambang Suryani,1986-03-06,40,Laki-laki,Istri,Kawin/Nikah,7168195.0,7168195.0,2,2,Sumatera Utara,Kota Medan,Medan Baru,Petisah Tengah,Jl. Gajah Mada No. 209,PBI APBD (Pemda),Tidak,Ya,Tidak Sekolah Lagi,Diploma (D1-D4),Diploma (D1-D4),Ya,Industri pengolahan,Buruh/Karyawan/Pegawai,532100000070,450 VA,Milik Sendiri,Ubin/Teraso,Tembok,Genteng,Layanan Perpipaan (PDAM),Listrik PLN,Listrik,Sendiri,Leher Angsa,Tangki Septik,Ya,Ya,Tidak,Ya,Ya,Tidak,Normal,Tidak Ada Gangguan,Tidak Ada Gangguan,Tidak Ada Gangguan
3201011889000210,3201012010180070,Wawan Umar,2001-07-10,25,Laki-laki,Anak,Belum Kawin,3618828.0,3618828.0,3,3,Sumatera Utara,Kota Medan,Medan Baru,Petisah Tengah,Jl. Gajah Mada No. 210,Bukan Penerima Bantuan,Tidak,Tidak,Tidak Sekolah Lagi,Diploma (D1-D4),Diploma (D1-D4),Tidak,Administrasi pemerintahan,Berusaha sendiri,532100000070,1300 VA,Kontrak/Sewa,Ubin/Teraso,Kayu,Asbes,Layanan Perpipaan (PDAM),Listrik PLN,LPG 3 kg,Sendiri,Leher Angsa,Tangki Septik,Ya,Ya,Tidak,Ya,Ya,Ya,Normal,Tidak Ada Gangguan,Tidak Ada Gangguan,Tidak Ada Gangguan
3201011588000211,3201012010180071,Sri Suryani,2000-12-21,26,Perempuan,Kepala Keluarga,Kawin/Nikah,9591099.0,9591099.0,6,6,Bali,Kota Denpasar,Denpasar Selatan,Sidakarya,Jl. Raya Puputan No. 211,PBI APBN + PKH,Ya,Tidak,Tidak Sekolah Lagi,Diploma (D1-D4),Diploma (D1-D4),Ya,Perdagangan besar dan eceran,Berusaha sendiri,532100000071,1300 VA,Kontrak/Sewa,Ubin/Teraso,Kayu,Genteng,Layanan Perpipaan (PDAM),Listrik PLN,LPG 3 kg,Sendiri,Leher Angsa,Tangki Septik,Ya,Tidak,Ya,Ya,Ya,Ya,Normal,Tidak Ada Gangguan,Tidak Ada Gangguan,Tidak Ada Gangguan
3201011481000212,3201012010180071,Dedi Lestari,1994-01-23,32,Laki-laki,Istri,Kawin/Nikah,2715827.0,2715827.0,7,7,Bali,Kota Denpasar,Denpasar Selatan,Sidakarya,Jl. Raya Puputan No. 212,PKH & BPNT,Tidak,Tidak,Tidak Sekolah Lagi,Diploma (D1-D4),Diploma (D1-D4),Ya,Perdagangan besar dan eceran,Pekerja bebas,532100000071,1300 VA,Milik Sendiri,Ubin/Teraso,Kayu,Seng,Air Kemasan/Isi Ulang,Listrik PLN,LPG 3 kg,Sendiri,Leher Angsa,Tangki Septik,Ya,Ya,Tidak,Ya,Ya,Ya,Normal,Tidak Ada Gangguan,Tidak Ada Gangguan,Tidak Ada Gangguan
3201012277000213,3201012010180071,Hendra Umar,1987-11-08,39,Laki-laki,Anak,Belum Kawin,7480569.0,7480569.0,7,7,Bali,Kota Denpasar,Denpasar Selatan,Sidakarya,Jl. Raya Puputan No. 213,PBI APBD (Pemda),Tidak,Ya,Tidak Sekolah Lagi,SMA/SMK/MA,SMA/SMK/MA,Tidak,Jasa keuangan & asuransi,Buruh/Karyawan/Pegawai,532100000071,2200 VA,Bebas Sewa,Ubin/Teraso,Kayu,Asbes,Sumur Bor/Pompa,Listrik PLN,LPG 5.5 kg / 12 kg,Sendiri,Leher Angsa,Tangki Septik,Ya,Tidak,Tidak,Ya,Ya,Tidak,Normal,Tidak Ada Gangguan,Tidak Ada Gangguan,Tidak Ada Gangguan
3201011187000214,3201012010180072,Budi Sartika,1966-05-09,60,Laki-laki,Kepala Keluarga,Kawin/Nikah,2331113.0,2331113.0,4,4,DKI Jakarta,Jakarta Selatan,Cilandak,Cilandak Barat,Jl. Mawar No. 214,PBI APBN (Kemenkes),Ya,Tidak,Tidak Sekolah Lagi,Diploma (D1-D4),Diploma (D1-D4),Ya,Perdagangan besar dan eceran,Berusaha sendiri,532100000072,900 VA,Kontrak/Sewa,Ubin/Teraso,Kayu,Seng,Layanan Perpipaan (PDAM),Listrik PLN,LPG 5.5 kg / 12 kg,Sendiri,Leher Angsa,Tangki Septik,Ya,Ya,Tidak,Ya,Ya,Tidak,Normal,Tidak Ada Gangguan,Tidak Ada Gangguan,Tidak Ada Gangguan
3201011296000215,3201012010180072,Wawan Rahmawati,1977-07-03,49,Laki-laki,Istri,Kawin/Nikah,6723402.0,6723402.0,7,7,DKI Jakarta,Jakarta Selatan,Cilandak,Cilandak Barat,Jl. Mawar No. 215,PBI APBN (Kemenkes),Ya,Tidak,Tidak Sekolah Lagi,SMA/SMK/MA,SMA/SMK/MA,Ya,Administrasi pemerintahan,Buruh/Karyawan/Pegawai,532100000072,2200 VA,Kontrak/Sewa,Keramik,Tembok,Genteng,Layanan Perpipaan (PDAM),Listrik PLN,Listrik,Sendiri,Leher Angsa,Tangki Septik,Ya,Ya,Tidak,Ya,Ya,Ya,Normal,Tidak Ada Gangguan,Tidak Ada Gangguan,Tidak Ada Gangguan
3201011685000216,3201012010180072,Yuni Nurbaya,1980-03-21,46,Perempuan,Anak,Belum Kawin,9569846.0,9569846.0,8,8,DKI Jakarta,Jakarta Selatan,Cilandak,Cilandak Barat,Jl. Mawar No. 216,PKH & BPNT,Tidak,Tidak,Tidak Sekolah Lagi,Diploma (D1-D4),Diploma (D1-D4),Tidak,Perdagangan besar dan eceran,Pekerja bebas,532100000072,900 VA,Milik Sendiri,Keramik,Kayu,Seng,Air Kemasan/Isi Ulang,Listrik PLN,LPG 3 kg,Sendiri,Leher Angsa,Tangki Septik,Ya,Ya,Ya,Ya,Ya,Ya,Normal,Tidak Ada Gangguan,Tidak Ada Gangguan,Tidak Ada Gangguan
3201012295000217,3201012010180073,Rina Santoso,1962-10-26,64,Perempuan,Kepala Keluarga,Kawin/Nikah,2698357.0,2698357.0,4,4,Jawa Barat,Kota Bogor,Bogor Tengah,Paledang,Jl. Pajajaran No. 217,PBI APBD (Pemda),Tidak,Ya,Tidak Sekolah Lagi,Magister (S2),Magister (S2),Ya,Perdagangan besar dan eceran,Pekerja bebas,532100000073,1300 VA,Bebas Sewa,Keramik,Tembok,Seng,Sumur Bor/Pompa,Listrik PLN,LPG 3 kg,Sendiri,Leher Angsa,Tangki Septik,Ya,Ya,Tidak,Ya,Ya,Ya,Normal,Tidak Ada Gangguan,Tidak Ada Gangguan,Tidak Ada Gangguan
3201011485000218,3201012010180073,Rina Putri,1995-11-25,31,Perempuan,Istri,Kawin/Nikah,4789309.0,4789309.0,1,1,Jawa Barat,Kota Bogor,Bogor Tengah,Paledang,Jl. Pajajaran No. 218,PBI APBN + PKH,Ya,Tidak,Tidak Sekolah Lagi,Sarjana (S1),Sarjana (S1),Ya,Administrasi pemerintahan,Buruh/Karyawan/Pegawai,532100000073,1300 VA,Milik Sendiri,Ubin/Teraso,Kayu,Asbes,Layanan Perpipaan (PDAM),Listrik PLN,Listrik,Sendiri,Leher Angsa,Tangki Septik,Ya,Ya,Tidak,Ya,Ya,Tidak,Normal,Tidak Ada Gangguan,Tidak Ada Gangguan,Tidak Ada Gangguan
3201011587000219,3201012010180073,Bambang Putri,1989-05-28,37,Laki-laki,Anak,Belum Kawin,4262913.0,4262913.0,8,8,Jawa Barat,Kota Bogor,Bogor Tengah,Paledang,Jl. Pajajaran No. 219,PKH & BPNT,Tidak,Tidak,Tidak Sekolah Lagi,Sarjana (S1),Sarjana (S1),Ya,Industri pengolahan,Buruh/Karyawan/Pegawai,532100000073,2200 VA,Bebas Sewa,Keramik,Tembok,Asbes,Layanan Perpipaan (PDAM),Listrik PLN,Listrik,Sendiri,Leher Angsa,Tangki Septik,Ya,Tidak,Tidak,Ya,Ya,Ya,Normal,Tidak Ada Gangguan,Tidak Ada Gangguan,Tidak Ada Gangguan
3201012796000220,3201012010180074,Yuni Wibowo,1993-11-16,33,Perempuan,Kepala Keluarga,Kawin/Nikah,13206165.0,13206165.0,6,6,Jawa Barat,Kota Bandung,Coblong,Dago,Jl. Ganesha No. 220,PBI APBN (Kemenkes),Ya,Tidak,Tidak Sekolah Lagi,SMA/SMK/MA,SMA/SMK/MA,Ya,Konstruksi,Pekerja bebas,532100000074,450 VA,Milik Sendiri,Keramik,Tembok,Genteng,Air Kemasan/Isi Ulang,Listrik PLN,LPG 3 kg,Sendiri,Leher Angsa,Tangki Septik,Ya,Ya,Ya,Ya,Ya,Tidak,Normal,Tidak Ada Gangguan,Tidak Ada Gangguan,Tidak Ada Gangguan
3201012890000221,3201012010180074,Yuni Lestari,1993-10-23,33,Perempuan,Istri,Kawin/Nikah,3636742.0,3636742.0,10,10,Jawa Barat,Kota Bandung,Coblong,Dago,Jl. Ganesha No. 221,PBI APBN (Kemenkes),Ya,Tidak,Tidak Sekolah Lagi,SMA/SMK/MA,SMA/SMK/MA,Ya,"Pertanian, kehutanan, dan perikanan",Pekerja bebas,532100000074,2200 VA,Milik Sendiri,Ubin/Teraso,Tembok,Seng,Sumur Bor/Pompa,Listrik PLN,Listrik,Sendiri,Leher Angsa,Tangki Septik,Ya,Ya,Tidak,Ya,Ya,Ya,Normal,Tidak Ada Gangguan,Tidak Ada Gangguan,Tidak Ada Gangguan
3201012195000222,3201012010180074,Siti Setiawan,1993-01-24,33,Perempuan,Anak,Belum Kawin,3737334.0,3737334.0,9,9,Jawa Barat,Kota Bandung,Coblong,Dago,Jl. Ganesha No. 222,PBI APBN (Kemenkes),Ya,Tidak,Tidak Sekolah Lagi,SMA/SMK/MA,SMA/SMK/MA,Ya,Konstruksi,Berusaha sendiri,532100000074,900 VA,Milik Sendiri,Semen,Tembok,Asbes,Sumur Bor/Pompa,Listrik PLN,LPG 3 kg,Sendiri,Leher Angsa,Tangki Septik,Ya,Ya,Tidak,Ya,Ya,Ya,Normal,Tidak Ada Gangguan,Tidak Ada Gangguan,Tidak Ada Gangguan
3201011394000223,3201012010180075,Eko Hidayat,2003-08-23,23,Laki-laki,Kepala Keluarga,Belum Kawin,3995641.0,3995641.0,9,9,Jawa Tengah,Kota Semarang,Semarang Selatan,Randusari,Jl. Pandanaran No. 223,PBI APBN + PKH,Ya,Tidak,Tidak Sekolah Lagi,SMA/SMK/MA,SMA/SMK/MA,Ya,Administrasi pemerintahan,Buruh/Karyawan/Pegawai,532100000075,2200 VA,Kontrak/Sewa,Ubin/Teraso,Kayu,Seng,Layanan Perpipaan (PDAM),Listrik PLN,Listrik,Sendiri,Leher Angsa,Tangki Septik,Ya,Ya,Tidak,Ya,Ya,Ya,Normal,Tidak Ada Gangguan,Tidak Ada Gangguan,Tidak Ada Gangguan
3201011788000224,3201012010180075,Tri Wibowo,1984-09-24,42,Laki-laki,Istri,Kawin/Nikah,14253900.0,14253900.0,1,1,Jawa Tengah,Kota Semarang,Semarang Selatan,Randusari,Jl. Pandanaran No. 224,PBI APBN (Kemenkes),Ya,Tidak,Tidak Sekolah Lagi,Sarjana (S1),Sarjana (S1),Ya,Konstruksi,Buruh/Karyawan/Pegawai,532100000075,900 VA,Kontrak/Sewa,Keramik,Kayu,Genteng,Air Kemasan/Isi Ulang,Listrik PLN,LPG 5.5 kg / 12 kg,Sendiri,Leher Angsa,Tangki Septik,Ya,Tidak,Ya,Ya,Ya,Ya,Normal,Tidak Ada Gangguan,Tidak Ada Gangguan,Tidak Ada Gangguan
3201011899000225,3201012010180075,Tri Nyak Dien,1966-01-15,60,Laki-laki,Anak,Belum Kawin,6361052.0,6361052.0,10,10,Jawa Tengah,Kota Semarang,Semarang Selatan,Randusari,Jl. Pandanaran No. 225,PBI APBD (Pemda),Tidak,Ya,Tidak Sekolah Lagi,Diploma (D1-D4),Diploma (D1-D4),Tidak,Jasa keuangan & asuransi,Buruh/Karyawan/Pegawai,532100000075,2200 VA,Bebas Sewa,Keramik,Tembok,Asbes,Layanan Perpipaan (PDAM),Listrik PLN,LPG 5.5 kg / 12 kg,Sendiri,Leher Angsa,Tangki Septik,Ya,Tidak,Tidak,Ya,Ya,Ya,Normal,Tidak Ada Gangguan,Tidak Ada Gangguan,Tidak Ada Gangguan
3201012896000226,3201012010180076,Dewi Nurbaya,1962-12-26,64,Perempuan,Kepala Keluarga,Kawin/Nikah,2804277.0,2804277.0,6,6,Jawa Timur,Kota Surabaya,Tegalsari,Kedungdoro,Jl. Basuki Rahmat No. 226,PKH & BPNT,Tidak,Tidak,Tidak Sekolah Lagi,Magister (S2),Magister (S2),Ya,Industri pengolahan,Buruh/Karyawan/Pegawai,532100000076,900 VA,Bebas Sewa,Semen,Tembok,Asbes,Sumur Bor/Pompa,Listrik PLN,LPG 5.5 kg / 12 kg,Sendiri,Leher Angsa,Tangki Septik,Ya,Tidak,Tidak,Ya,Ya,Ya,Normal,Tidak Ada Gangguan,Tidak Ada Gangguan,Tidak Ada Gangguan
3201012087000227,3201012010180076,Eko Nyak Dien,1980-09-23,46,Laki-laki,Istri,Kawin/Nikah,16150861.0,16150861.0,8,8,Jawa Timur,Kota Surabaya,Tegalsari,Kedungdoro,Jl. Basuki Rahmat No. 227,Bukan Penerima Bantuan,Tidak,Tidak,Tidak Sekolah Lagi,SMA/SMK/MA,SMA/SMK/MA,Ya,"Pertanian, kehutanan, dan perikanan",Berusaha sendiri,532100000076,1300 VA,Kontrak/Sewa,Keramik,Tembok,Seng,Air Kemasan/Isi Ulang,Listrik PLN,LPG 5.5 kg / 12 kg,Sendiri,Leher Angsa,Tangki Septik,Ya,Ya,Ya,Ya,Ya,Tidak,Normal,Tidak Ada Gangguan,Tidak Ada Gangguan,Tidak Ada Gangguan
3201012278000228,3201012010180076,Teuku Wijaya,1992-07-25,34,Laki-laki,Anak,Belum Kawin,4698098.0,4698098.0,8,8,Jawa Timur,Kota Surabaya,Tegalsari,Kedungdoro,Jl. Basuki Rahmat No. 228,PBI APBN + PKH,Ya,Tidak,Tidak Sekolah Lagi,Diploma (D1-D4),Diploma (D1-D4),Ya,Administrasi pemerintahan,Pekerja bebas,532100000076,900 VA,Milik Sendiri,Keramik,Kayu,Seng,Layanan Perpipaan (PDAM),Listrik PLN,Listrik,Sendiri,Leher Angsa,Tangki Septik,Ya,Ya,Tidak,Ya,Ya,Tidak,Normal,Tidak Ada Gangguan,Tidak Ada Gangguan,Tidak Ada Gangguan
3201012383000229,3201012010180077,Bambang Hidayat,1972-06-12,54,Laki-laki,Kepala Keluarga,Kawin/Nikah,5403061.0,5403061.0,3,3,Banten,Kota Tangerang,Tangerang,Sukarasa,Jl. Merdeka No. 229,PKH & BPNT,Tidak,Tidak,Tidak Sekolah Lagi,Magister (S2),Magister (S2),Ya,Konstruksi,Buruh/Karyawan/Pegawai,532100000077,2200 VA,Milik Sendiri,Keramik,Tembok,Asbes,Layanan Perpipaan (PDAM),Listrik PLN,LPG 3 kg,Sendiri,Leher Angsa,Tangki Septik,Ya,Ya,Tidak,Ya,Ya,Ya,Normal,Tidak Ada Gangguan,Tidak Ada Gangguan,Tidak Ada Gangguan
3201011393000230,3201012010180077,Siti Kusuma,1999-03-28,27,Perempuan,Istri,Kawin/Nikah,2501659.0,2501659.0,5,5,Banten,Kota Tangerang,Tangerang,Sukarasa,Jl. Merdeka No. 230,PBI APBN + PKH,Ya,Tidak,Tidak Sekolah Lagi,Magister (S2),Magister (S2),Ya,Perdagangan besar dan eceran,Berusaha sendiri,532100000077,900 VA,Bebas Sewa,Semen,Tembok,Genteng,Sumur Bor/Pompa,Listrik PLN,Listrik,Sendiri,Leher Angsa,Tangki Septik,Ya,Ya,Tidak,Ya,Ya,Ya,Normal,Tidak Ada Gangguan,Tidak Ada Gangguan,Tidak Ada Gangguan
3201011492000231,3201012010180077,Budi Wijaya,1997-11-17,29,Laki-laki,Anak,Belum Kawin,6628744.0,6628744.0,4,4,Banten,Kota Tangerang,Tangerang,Sukarasa,Jl. Merdeka No. 231,Bukan Penerima Bantuan,Tidak,Tidak,Tidak Sekolah Lagi,Sarjana (S1),Sarjana (S1),Tidak,Administrasi pemerintahan,Buruh/Karyawan/Pegawai,532100000077,450 VA,Kontrak/Sewa,Semen,Kayu,Asbes,Sumur Bor/Pompa,Listrik PLN,LPG 5.5 kg / 12 kg,Sendiri,Leher Angsa,Tangki Septik,Ya,Ya,Tidak,Ya,Ya,Tidak,Normal,Tidak Ada Gangguan,Tidak Ada Gangguan,Tidak Ada Gangguan
3201012277000232,3201012010180078,Yuni Pratama,1980-08-28,46,Perempuan,Kepala Keluarga,Kawin/Nikah,4214763.0,4214763.0,9,9,Sumatera Utara,Kota Medan,Medan Baru,Petisah Tengah,Jl. Gajah Mada No. 232,PBI APBN + PKH,Ya,Tidak,Tidak Sekolah Lagi,SMA/SMK/MA,SMA/SMK/MA,Ya,Perdagangan besar dan eceran,Buruh/Karyawan/Pegawai,532100000078,1300 VA,Kontrak/Sewa,Ubin/Teraso,Kayu,Asbes,Air Kemasan/Isi Ulang,Listrik PLN,LPG 3 kg,Sendiri,Leher Angsa,Tangki Septik,Ya,Ya,Tidak,Ya,Ya,Ya,Normal,Tidak Ada Gangguan,Tidak Ada Gangguan,Tidak Ada Gangguan
3201011977000233,3201012010180078,Agus Setiawan,1963-11-09,63,Laki-laki,Istri,Kawin/Nikah,3161794.0,3161794.0,6,6,Sumatera Utara,Kota Medan,Medan Baru,Petisah Tengah,Jl. Gajah Mada No. 233,PBI APBN + PKH,Ya,Tidak,Tidak Sekolah Lagi,Diploma (D1-D4),Diploma (D1-D4),Ya,Perdagangan besar dan eceran,Pekerja bebas,532100000078,2200 VA,Bebas Sewa,Semen,Tembok,Seng,Air Kemasan/Isi Ulang,Listrik PLN,Listrik,Sendiri,Leher Angsa,Tangki Septik,Ya,Tidak,Tidak,Ya,Ya,Ya,Normal,Tidak Ada Gangguan,Tidak Ada Gangguan,Tidak Ada Gangguan
3201012084000234,3201012010180078,Tri Nyak Dien,1973-11-05,53,Laki-laki,Anak,Belum Kawin,4235301.0,4235301.0,5,5,Sumatera Utara,Kota Medan,Medan Baru,Petisah Tengah,Jl. Gajah Mada No. 234,Bukan Penerima Bantuan,Tidak,Tidak,Tidak Sekolah Lagi,Diploma (D1-D4),Diploma (D1-D4),Ya,"Pertanian, kehutanan, dan perikanan",Pekerja bebas,532100000078,900 VA,Kontrak/Sewa,Keramik,Tembok,Genteng,Layanan Perpipaan (PDAM),Listrik PLN,LPG 3 kg,Sendiri,Leher Angsa,Tangki Septik,Ya,Ya,Tidak,Ya,Ya,Ya,Normal,Tidak Ada Gangguan,Tidak Ada Gangguan,Tidak Ada Gangguan
3201012383000235,3201012010180079,Dedi Suryani,2000-12-09,26,Laki-laki,Kepala Keluarga,Kawin/Nikah,4733907.0,4733907.0,3,3,Bali,Kota Denpasar,Denpasar Selatan,Sidakarya,Jl. Raya Puputan No. 235,PBI APBN (Kemenkes),Ya,Tidak,Tidak Sekolah Lagi,Sarjana (S1),Sarjana (S1),Ya,Konstruksi,Pekerja bebas,532100000079,900 VA,Bebas Sewa,Keramik,Tembok,Asbes,Air Kemasan/Isi Ulang,Listrik PLN,LPG 5.5 kg / 12 kg,Sendiri,Leher Angsa,Tangki Septik,Ya,Tidak,Tidak,Ya,Ya,Ya,Normal,Tidak Ada Gangguan,Tidak Ada Gangguan,Tidak Ada Gangguan
3201011486000236,3201012010180079,Sri Lestari,2005-11-12,21,Perempuan,Istri,Belum Kawin,3912563.0,3912563.0,3,3,Bali,Kota Denpasar,Denpasar Selatan,Sidakarya,Jl. Raya Puputan No. 236,PBI APBD (Pemda),Tidak,Ya,Masih Sekolah,SMP/MTs,SMP/MTs,Ya,Perdagangan besar dan eceran,Berusaha sendiri,532100000079,450 VA,Kontrak/Sewa,Ubin/Teraso,Tembok,Asbes,Sumur Bor/Pompa,Listrik PLN,LPG 3 kg,Sendiri,Leher Angsa,Tangki Septik,Ya,Ya,Tidak,Ya,Ya,Tidak,Normal,Tidak Ada Gangguan,Tidak Ada Gangguan,Tidak Ada Gangguan
3201012497000237,3201012010180079,Sri Lestari,2004-06-28,22,Perempuan,Anak,Belum Kawin,2679770.0,2679770.0,10,10,Bali,Kota Denpasar,Denpasar Selatan,Sidakarya,Jl. Raya Puputan No. 237,PBI APBN + PKH,Ya,Tidak,Tidak Sekolah Lagi,SMA/SMK/MA,SMA/SMK/MA,Tidak,Administrasi pemerintahan,Pekerja bebas,532100000079,450 VA,Bebas Sewa,Keramik,Kayu,Seng,Air Kemasan/Isi Ulang,Listrik PLN,LPG 3 kg,Sendiri,Leher Angsa,Tangki Septik,Ya,Ya,Tidak,Ya,Ya,Ya,Normal,Tidak Ada Gangguan,Tidak Ada Gangguan,Tidak Ada Gangguan
3201011187000238,3201012010180080,Yuni Rahmawati,1972-05-15,54,Perempuan,Kepala Keluarga,Kawin/Nikah,3738696.0,3738696.0,7,7,DKI Jakarta,Jakarta Selatan,Cilandak,Cilandak Barat,Jl. Mawar No. 238,PKH & BPNT,Tidak,Tidak,Tidak Sekolah Lagi,SMA/SMK/MA,SMA/SMK/MA,Ya,Administrasi pemerintahan,Pekerja bebas,532100000080,900 VA,Kontrak/Sewa,Semen,Kayu,Genteng,Sumur Bor/Pompa,Listrik PLN,Listrik,Sendiri,Leher Angsa,Tangki Septik,Ya,Tidak,Tidak,Ya,Ya,Ya,Normal,Tidak Ada Gangguan,Tidak Ada Gangguan,Tidak Ada Gangguan
3201012774000239,3201012010180080,Yuni Kurniawan,1980-08-01,46,Perempuan,Istri,Kawin/Nikah,17903352.0,17903352.0,2,2,DKI Jakarta,Jakarta Selatan,Cilandak,Cilandak Barat,Jl. Mawar No. 239,PKH & BPNT,Tidak,Tidak,Tidak Sekolah Lagi,Sarjana (S1),Sarjana (S1),Ya,Administrasi pemerintahan,Pekerja bebas,532100000080,900 VA,Bebas Sewa,Semen,Tembok,Genteng,Air Kemasan/Isi Ulang,Listrik PLN,Listrik,Sendiri,Leher Angsa,Tangki Septik,Ya,Ya,Ya,Ya,Ya,Ya,Normal,Tidak Ada Gangguan,Tidak Ada Gangguan,Tidak Ada Gangguan
3201012692000240,3201012010180080,Yuni Sartika,1984-09-13,42,Perempuan,Anak,Belum Kawin,6633487.0,6633487.0,10,10,DKI Jakarta,Jakarta Selatan,Cilandak,Cilandak Barat,Jl. Mawar No. 240,PBI APBD (Pemda),Tidak,Ya,Tidak Sekolah Lagi,Diploma (D1-D4),Diploma (D1-D4),Ya,"Pertanian, kehutanan, dan perikanan",Pekerja bebas,532100000080,450 VA,Kontrak/Sewa,Ubin/Teraso,Kayu,Asbes,Layanan Perpipaan (PDAM),Listrik PLN,LPG 5.5 kg / 12 kg,Sendiri,Leher Angsa,Tangki Septik,Ya,Ya,Tidak,Ya,Ya,Tidak,Normal,Tidak Ada Gangguan,Tidak Ada Gangguan,Tidak Ada Gangguan
3201011476000241,3201012010180081,Budi Setiawan,1960-08-16,66,Laki-laki,Kepala Keluarga,Kawin/Nikah,15600138.0,15600138.0,4,4,Jawa Barat,Kota Bogor,Bogor Tengah,Paledang,Jl. Pajajaran No. 241,PBI APBD (Pemda),Tidak,Ya,Tidak Sekolah Lagi,Magister (S2),Magister (S2),Ya,Industri pengolahan,Berusaha sendiri,532100000081,2200 VA,Milik Sendiri,Semen,Tembok,Genteng,Sumur Bor/Pompa,Listrik PLN,LPG 5.5 kg / 12 kg,Sendiri,Leher Angsa,Tangki Septik,Ya,Ya,Ya,Ya,Ya,Ya,Normal,Tidak Ada Gangguan,Tidak Ada Gangguan,Tidak Ada Gangguan
3201011671000242,3201012010180081,Anisa Nyak Dien,1963-11-12,63,Perempuan,Istri,Kawin/Nikah,5472060.0,5472060.0,6,6,Jawa Barat,Kota Bogor,Bogor Tengah,Paledang,Jl. Pajajaran No. 242,PBI APBN (Kemenkes),Ya,Tidak,Tidak Sekolah Lagi,SMA/SMK/MA,SMA/SMK/MA,Ya,Perdagangan besar dan eceran,Berusaha sendiri,532100000081,900 VA,Milik Sendiri,Semen,Kayu,Asbes,Sumur Bor/Pompa,Listrik PLN,Listrik,Sendiri,Leher Angsa,Tangki Septik,Ya,Ya,Tidak,Ya,Ya,Ya,Normal,Tidak Ada Gangguan,Tidak Ada Gangguan,Tidak Ada Gangguan
3201012775000243,3201012010180081,Ahmad Hidayat,1962-02-25,64,Laki-laki,Anak,Belum Kawin,18029025.0,18029025.0,2,2,Jawa Barat,Kota Bogor,Bogor Tengah,Paledang,Jl. Pajajaran No. 243,PBI APBN + PKH,Ya,Tidak,Tidak Sekolah Lagi,SMA/SMK/MA,SMA/SMK/MA,Tidak,"Pertanian, kehutanan, dan perikanan",Buruh/Karyawan/Pegawai,532100000081,1300 VA,Kontrak/Sewa,Semen,Kayu,Asbes,Air Kemasan/Isi Ulang,Listrik PLN,Listrik,Sendiri,Leher Angsa,Tangki Septik,Ya,Tidak,Ya,Ya,Ya,Tidak,Normal,Tidak Ada Gangguan,Tidak Ada Gangguan,Tidak Ada Gangguan
3201012893000244,3201012010180082,Agus Umar,1990-12-23,36,Laki-laki,Kepala Keluarga,Kawin/Nikah,7609101.0,7609101.0,5,5,Jawa Barat,Kota Bandung,Coblong,Dago,Jl. Ganesha No. 244,Bukan Penerima Bantuan,Tidak,Tidak,Tidak Sekolah Lagi,Sarjana (S1),Sarjana (S1),Ya,"Pertanian, kehutanan, dan perikanan",Pekerja bebas,532100000082,2200 VA,Bebas Sewa,Semen,Kayu,Seng,Air Kemasan/Isi Ulang,Listrik PLN,Listrik,Sendiri,Leher Angsa,Tangki Septik,Ya,Tidak,Tidak,Ya,Ya,Ya,Normal,Tidak Ada Gangguan,Tidak Ada Gangguan,Tidak Ada Gangguan
3201011670000245,3201012010180082,Dewi Santoso,1989-11-26,37,Perempuan,Istri,Kawin/Nikah,17207231.0,17207231.0,7,7,Jawa Barat,Kota Bandung,Coblong,Dago,Jl. Ganesha No. 245,PBI APBN (Kemenkes),Ya,Tidak,Tidak Sekolah Lagi,Sarjana (S1),Sarjana (S1),Ya,Jasa keuangan & asuransi,Pekerja bebas,532100000082,900 VA,Milik Sendiri,Semen,Tembok,Asbes,Layanan Perpipaan (PDAM),Listrik PLN,LPG 5.5 kg / 12 kg,Sendiri,Leher Angsa,Tangki Septik,Ya,Ya,Ya,Ya,Ya,Ya,Normal,Tidak Ada Gangguan,Tidak Ada Gangguan,Tidak Ada Gangguan
3201012687000246,3201012010180082,Cut Santoso,1967-11-11,59,Perempuan,Anak,Belum Kawin,3930575.0,3930575.0,4,4,Jawa Barat,Kota Bandung,Coblong,Dago,Jl. Ganesha No. 246,PKH & BPNT,Tidak,Tidak,Tidak Sekolah Lagi,Sarjana (S1),Sarjana (S1),Ya,Industri pengolahan,Berusaha sendiri,532100000082,450 VA,Bebas Sewa,Keramik,Kayu,Genteng,Sumur Bor/Pompa,Listrik PLN,LPG 5.5 kg / 12 kg,Sendiri,Leher Angsa,Tangki Septik,Ya,Ya,Tidak,Ya,Ya,Ya,Normal,Tidak Ada Gangguan,Tidak Ada Gangguan,Tidak Ada Gangguan
3201012084000247,3201012010180083,Irfan Rahmawati,1993-05-19,33,Laki-laki,Kepala Keluarga,Kawin/Nikah,4264290.0,4264290.0,10,10,Jawa Tengah,Kota Semarang,Semarang Selatan,Randusari,Jl. Pandanaran No. 247,PKH & BPNT,Tidak,Tidak,Tidak Sekolah Lagi,Sarjana (S1),Sarjana (S1),Ya,Perdagangan besar dan eceran,Buruh/Karyawan/Pegawai,532100000083,1300 VA,Milik Sendiri,Ubin/Teraso,Kayu,Asbes,Sumur Bor/Pompa,Listrik PLN,LPG 3 kg,Sendiri,Leher Angsa,Tangki Septik,Ya,Ya,Tidak,Ya,Ya,Ya,Normal,Tidak Ada Gangguan,Tidak Ada Gangguan,Tidak Ada Gangguan
3201011397000248,3201012010180083,Dedi Putri,2005-01-09,21,Laki-laki,Istri,Belum Kawin,3282028.0,3282028.0,6,6,Jawa Tengah,Kota Semarang,Semarang Selatan,Randusari,Jl. Pandanaran No. 248,PBI APBN + PKH,Ya,Tidak,Masih Sekolah,SMA/SMK/MA,SMA/SMK/MA,Ya,"Pertanian, kehutanan, dan perikanan",Pekerja bebas,532100000083,1300 VA,Milik Sendiri,Keramik,Kayu,Genteng,Air Kemasan/Isi Ulang,Listrik PLN,LPG 3 kg,Sendiri,Leher Angsa,Tangki Septik,Ya,Ya,Tidak,Ya,Ya,Tidak,Normal,Tidak Ada Gangguan,Tidak Ada Gangguan,Tidak Ada Gangguan
3201012598000249,3201012010180083,Agus Nyak Dien,1972-06-16,54,Laki-laki,Anak,Belum Kawin,2749063.0,2749063.0,9,9,Jawa Tengah,Kota Semarang,Semarang Selatan,Randusari,Jl. Pandanaran No. 249,PBI APBD (Pemda),Tidak,Ya,Tidak Sekolah Lagi,Diploma (D1-D4),Diploma (D1-D4),Ya,Industri pengolahan,Berusaha sendiri,532100000083,450 VA,Milik Sendiri,Ubin/Teraso,Tembok,Asbes,Sumur Bor/Pompa,Listrik PLN,LPG 3 kg,Sendiri,Leher Angsa,Tangki Septik,Ya,Ya,Tidak,Ya,Ya,Ya,Normal,Tidak Ada Gangguan,Tidak Ada Gangguan,Tidak Ada Gangguan
3201011386000250,3201012010180084,Dedi Santoso,1996-05-21,30,Laki-laki,Kepala Keluarga,Kawin/Nikah,6882381.0,6882381.0,5,5,Jawa Timur,Kota Surabaya,Tegalsari,Kedungdoro,Jl. Basuki Rahmat No. 250,Bukan Penerima Bantuan,Tidak,Tidak,Tidak Sekolah Lagi,Sarjana (S1),Sarjana (S1),Ya,Industri pengolahan,Pekerja bebas,532100000084,450 VA,Kontrak/Sewa,Keramik,Tembok,Seng,Air Kemasan/Isi Ulang,Listrik PLN,LPG 3 kg,Sendiri,Leher Angsa,Tangki Septik,Ya,Ya,Tidak,Ya,Ya,Ya,Normal,Tidak Ada Gangguan,Tidak Ada Gangguan,Tidak Ada Gangguan
3201011376000251,3201012010180084,Tri Hidayat,1995-06-09,31,Laki-laki,Istri,Kawin/Nikah,4577136.0,4577136.0,3,3,Jawa Timur,Kota Surabaya,Tegalsari,Kedungdoro,Jl. Basuki Rahmat No. 251,PBI APBN (Kemenkes),Ya,Tidak,Tidak Sekolah Lagi,Sarjana (S1),Sarjana (S1),Ya,Konstruksi,Berusaha sendiri,532100000084,2200 VA,Milik Sendiri,Keramik,Tembok,Seng,Sumur Bor/Pompa,Listrik PLN,LPG 3 kg,Sendiri,Leher Angsa,Tangki Septik,Ya,Tidak,Tidak,Ya,Ya,Tidak,Normal,Tidak Ada Gangguan,Tidak Ada Gangguan,Tidak Ada Gangguan
3201012382000252,3201012010180084,Anisa Suryani,1999-06-10,27,Perempuan,Anak,Belum Kawin,11158888.0,11158888.0,10,10,Jawa Timur,Kota Surabaya,Tegalsari,Kedungdoro,Jl. Basuki Rahmat No. 252,PBI APBD (Pemda),Tidak,Ya,Tidak Sekolah Lagi,SMA/SMK/MA,SMA/SMK/MA,Ya,Administrasi pemerintahan,Berusaha sendiri,532100000084,450 VA,Kontrak/Sewa,Ubin/Teraso,Kayu,Seng,Air Kemasan/Isi Ulang,Listrik PLN,LPG 3 kg,Sendiri,Leher Angsa,Tangki Septik,Ya,Tidak,Ya,Ya,Ya,Ya,Normal,Tidak Ada Gangguan,Tidak Ada Gangguan,Tidak Ada Gangguan
3201011899000253,3201012010180085,Bambang Wijaya,1971-12-22,55,Laki-laki,Kepala Keluarga,Kawin/Nikah,14302413.0,14302413.0,1,1,Banten,Kota Tangerang,Tangerang,Sukarasa,Jl. Merdeka No. 253,PBI APBN (Kemenkes),Ya,Tidak,Tidak Sekolah Lagi,Magister (S2),Magister (S2),Ya,Perdagangan besar dan eceran,Berusaha sendiri,532100000085,2200 VA,Kontrak/Sewa,Keramik,Kayu,Seng,Sumur Bor/Pompa,Listrik PLN,Listrik,Sendiri,Leher Angsa,Tangki Septik,Ya,Tidak,Ya,Ya,Ya,Tidak,Normal,Tidak Ada Gangguan,Tidak Ada Gangguan,Tidak Ada Gangguan
3201011380000254,3201012010180085,Tri Umar,1979-09-15,47,Laki-laki,Istri,Kawin/Nikah,4338443.0,4338443.0,9,9,Banten,Kota Tangerang,Tangerang,Sukarasa,Jl. Merdeka No. 254,PBI APBD (Pemda),Tidak,Ya,Tidak Sekolah Lagi,Magister (S2),Magister (S2),Ya,Industri pengolahan,Buruh/Karyawan/Pegawai,532100000085,1300 VA,Milik Sendiri,Semen,Kayu,Seng,Sumur Bor/Pompa,Listrik PLN,LPG 5.5 kg / 12 kg,Sendiri,Leher Angsa,Tangki Septik,Ya,Ya,Tidak,Ya,Ya,Ya,Normal,Tidak Ada Gangguan,Tidak Ada Gangguan,Tidak Ada Gangguan
3201011293000255,3201012010180085,Eko Lestari,1967-10-20,59,Laki-laki,Anak,Belum Kawin,17395629.0,17395629.0,3,3,Banten,Kota Tangerang,Tangerang,Sukarasa,Jl. Merdeka No. 255,PKH & BPNT,Tidak,Tidak,Tidak Sekolah Lagi,Magister (S2),Magister (S2),Tidak,Perdagangan besar dan eceran,Pekerja bebas,532100000085,2200 VA,Kontrak/Sewa,Ubin/Teraso,Tembok,Genteng,Air Kemasan/Isi Ulang,Listrik PLN,LPG 3 kg,Sendiri,Leher Angsa,Tangki Septik,Ya,Ya,Ya,Ya,Ya,Ya,Normal,Tidak Ada Gangguan,Tidak Ada Gangguan,Tidak Ada Gangguan
3201011094000256,3201012010180086,Wawan Nyak Dien,1988-09-10,38,Laki-laki,Kepala Keluarga,Kawin/Nikah,4390948.0,4390948.0,6,6,Sumatera Utara,Kota Medan,Medan Baru,Petisah Tengah,Jl. Gajah Mada No. 256,PKH & BPNT,Tidak,Tidak,Tidak Sekolah Lagi,Sarjana (S1),Sarjana (S1),Ya,Industri pengolahan,Pekerja bebas,532100000086,1300 VA,Milik Sendiri,Semen,Tembok,Asbes,Sumur Bor/Pompa,Listrik PLN,LPG 5.5 kg / 12 kg,Sendiri,Leher Angsa,Tangki Septik,Ya,Ya,Tidak,Ya,Ya,Ya,Normal,Tidak Ada Gangguan,Tidak Ada Gangguan,Tidak Ada Gangguan
3201011181000257,3201012010180086,Tri Rahmawati,1960-12-18,66,Laki-laki,Istri,Kawin/Nikah,2576695.0,2576695.0,4,4,Sumatera Utara,Kota Medan,Medan Baru,Petisah Tengah,Jl. Gajah Mada No. 257,PBI APBN + PKH,Ya,Tidak,Tidak Sekolah Lagi,Magister (S2),Magister (S2),Ya,Administrasi pemerintahan,Berusaha sendiri,532100000086,2200 VA,Kontrak/Sewa,Ubin/Teraso,Kayu,Asbes,Air Kemasan/Isi Ulang,Listrik PLN,Listrik,Sendiri,Leher Angsa,Tangki Septik,Ya,Tidak,Tidak,Ya,Ya,Tidak,Normal,Tidak Ada Gangguan,Tidak Ada Gangguan,Tidak Ada Gangguan
3201012782000258,3201012010180086,Bambang Kurniawan,1969-05-28,57,Laki-laki,Anak,Belum Kawin,2331647.0,2331647.0,3,3,Sumatera Utara,Kota Medan,Medan Baru,Petisah Tengah,Jl. Gajah Mada No. 258,PBI APBN + PKH,Ya,Tidak,Tidak Sekolah Lagi,Magister (S2),Magister (S2),Ya,"Pertanian, kehutanan, dan perikanan",Buruh/Karyawan/Pegawai,532100000086,900 VA,Bebas Sewa,Ubin/Teraso,Kayu,Asbes,Sumur Bor/Pompa,Listrik PLN,LPG 5.5 kg / 12 kg,Sendiri,Leher Angsa,Tangki Septik,Ya,Ya,Tidak,Ya,Ya,Ya,Normal,Tidak Ada Gangguan,Tidak Ada Gangguan,Tidak Ada Gangguan
3201012387000259,3201012010180087,Ahmad Wijaya,1982-04-06,44,Laki-laki,Kepala Keluarga,Kawin/Nikah,15348099.0,15348099.0,4,4,Bali,Kota Denpasar,Denpasar Selatan,Sidakarya,Jl. Raya Puputan No. 259,Bukan Penerima Bantuan,Tidak,Tidak,Tidak Sekolah Lagi,Sarjana (S1),Sarjana (S1),Ya,Industri pengolahan,Pekerja bebas,532100000087,1300 VA,Milik Sendiri,Keramik,Kayu,Asbes,Layanan Perpipaan (PDAM),Listrik PLN,LPG 3 kg,Sendiri,Leher Angsa,Tangki Septik,Ya,Ya,Ya,Ya,Ya,Ya,Normal,Tidak Ada Gangguan,Tidak Ada Gangguan,Tidak Ada Gangguan
3201011274000260,3201012010180087,Agus Setiawan,1989-09-03,37,Laki-laki,Istri,Kawin/Nikah,12557149.0,12557149.0,2,2,Bali,Kota Denpasar,Denpasar Selatan,Sidakarya,Jl. Raya Puputan No. 260,Bukan Penerima Bantuan,Tidak,Tidak,Tidak Sekolah Lagi,Sarjana (S1),Sarjana (S1),Ya,Konstruksi,Buruh/Karyawan/Pegawai,532100000087,1300 VA,Bebas Sewa,Keramik,Kayu,Seng,Sumur Bor/Pompa,Listrik PLN,LPG 5.5 kg / 12 kg,Sendiri,Leher Angsa,Tangki Septik,Ya,Ya,Ya,Ya,Ya,Ya,Normal,Tidak Ada Gangguan,Tidak Ada Gangguan,Tidak Ada Gangguan
3201012195000261,3201012010180087,Dedi Nurbaya,1970-01-23,56,Laki-laki,Anak,Belum Kawin,7750731.0,7750731.0,1,1,Bali,Kota Denpasar,Denpasar Selatan,Sidakarya,Jl. Raya Puputan No. 261,PBI APBN + PKH,Ya,Tidak,Tidak Sekolah Lagi,Diploma (D1-D4),Diploma (D1-D4),Ya,Administrasi pemerintahan,Berusaha sendiri,532100000087,450 VA,Kontrak/Sewa,Ubin/Teraso,Tembok,Genteng,Sumur Bor/Pompa,Listrik PLN,LPG 3 kg,Sendiri,Leher Angsa,Tangki Septik,Ya,Ya,Tidak,Ya,Ya,Ya,Normal,Tidak Ada Gangguan,Tidak Ada Gangguan,Tidak Ada Gangguan
3201011489000262,3201012010180088,Hendra Setiawan,1976-01-24,50,Laki-laki,Kepala Keluarga,Kawin/Nikah,4366305.0,4366305.0,8,8,DKI Jakarta,Jakarta Selatan,Cilandak,Cilandak Barat,Jl. Mawar No. 262,PKH & BPNT,Tidak,Tidak,Tidak Sekolah Lagi,Diploma (D1-D4),Diploma (D1-D4),Ya,Jasa keuangan & asuransi,Pekerja bebas,532100000088,900 VA,Kontrak/Sewa,Keramik,Tembok,Seng,Air Kemasan/Isi Ulang,Listrik PLN,LPG 3 kg,Sendiri,Leher Angsa,Tangki Septik,Ya,Ya,Tidak,Ya,Ya,Ya,Normal,Tidak Ada Gangguan,Tidak Ada Gangguan,Tidak Ada Gangguan
3201012594000263,3201012010180088,Irfan Wijaya,1975-11-15,51,Laki-laki,Istri,Kawin/Nikah,6968794.0,6968794.0,1,1,DKI Jakarta,Jakarta Selatan,Cilandak,Cilandak Barat,Jl. Mawar No. 263,PKH & BPNT,Tidak,Tidak,Tidak Sekolah Lagi,SMA/SMK/MA,SMA/SMK/MA,Ya,Perdagangan besar dan eceran,Buruh/Karyawan/Pegawai,532100000088,2200 VA,Kontrak/Sewa,Ubin/Teraso,Kayu,Seng,Sumur Bor/Pompa,Listrik PLN,Listrik,Sendiri,Leher Angsa,Tangki Septik,Ya,Tidak,Tidak,Ya,Ya,Ya,Normal,Tidak Ada Gangguan,Tidak Ada Gangguan,Tidak Ada Gangguan
3201012285000264,3201012010180088,Hendra Nyak Dien,1993-07-01,33,Laki-laki,Anak,Belum Kawin,8964980.0,8964980.0,9,9,DKI Jakarta,Jakarta Selatan,Cilandak,Cilandak Barat,Jl. Mawar No. 264,PBI APBN (Kemenkes),Ya,Tidak,Tidak Sekolah Lagi,SMA/SMK/MA,SMA/SMK/MA,Ya,Administrasi pemerintahan,Berusaha sendiri,532100000088,2200 VA,Bebas Sewa,Semen,Kayu,Seng,Layanan Perpipaan (PDAM),Listrik PLN,LPG 5.5 kg / 12 kg,Sendiri,Leher Angsa,Tangki Septik,Ya,Ya,Ya,Ya,Ya,Ya,Normal,Tidak Ada Gangguan,Tidak Ada Gangguan,Tidak Ada Gangguan
3201012882000265,3201012010180089,Ahmad Kusuma,2003-10-25,23,Laki-laki,Kepala Keluarga,Belum Kawin,4190419.0,4190419.0,6,6,Jawa Barat,Kota Bogor,Bogor Tengah,Paledang,Jl. Pajajaran No. 265,Bukan Penerima Bantuan,Tidak,Tidak,Tidak Sekolah Lagi,SMP/MTs,SMP/MTs,Ya,Administrasi pemerintahan,Buruh/Karyawan/Pegawai,532100000089,450 VA,Milik Sendiri,Ubin/Teraso,Tembok,Asbes,Air Kemasan/Isi Ulang,Listrik PLN,Listrik,Sendiri,Leher Angsa,Tangki Septik,Ya,Ya,Tidak,Ya,Ya,Ya,Normal,Tidak Ada Gangguan,Tidak Ada Gangguan,Tidak Ada Gangguan
3201011978000266,3201012010180089,Rahmat Rahmawati,1961-10-03,65,Laki-laki,Istri,Kawin/Nikah,2259645.0,2259645.0,2,2,Jawa Barat,Kota Bogor,Bogor Tengah,Paledang,Jl. Pajajaran No. 266,PBI APBN (Kemenkes),Ya,Tidak,Tidak Sekolah Lagi,Diploma (D1-D4),Diploma (D1-D4),Ya,Industri pengolahan,Pekerja bebas,532100000089,900 VA,Milik Sendiri,Semen,Tembok,Seng,Layanan Perpipaan (PDAM),Listrik PLN,LPG 5.5 kg / 12 kg,Sendiri,Leher Angsa,Tangki Septik,Ya,Ya,Tidak,Ya,Ya,Tidak,Normal,Tidak Ada Gangguan,Tidak Ada Gangguan,Tidak Ada Gangguan
3201012499000267,3201012010180089,Hendra Kurniawan,2004-11-25,22,Laki-laki,Anak,Belum Kawin,2539113.0,2539113.0,5,5,Jawa Barat,Kota Bogor,Bogor Tengah,Paledang,Jl. Pajajaran No. 267,PBI APBN (Kemenkes),Ya,Tidak,Tidak Sekolah Lagi,SMA/SMK/MA,SMA/SMK/MA,Tidak,Perdagangan besar dan eceran,Berusaha sendiri,532100000089,1300 VA,Milik Sendiri,Ubin/Teraso,Tembok,Seng,Air Kemasan/Isi Ulang,Listrik PLN,Listrik,Sendiri,Leher Angsa,Tangki Septik,Ya,Ya,Tidak,Ya,Ya,Ya,Normal,Tidak Ada Gangguan,Tidak Ada Gangguan,Tidak Ada Gangguan
3201011374000268,3201012010180090,Tri Kurniawan,1973-10-21,53,Laki-laki,Kepala Keluarga,Kawin/Nikah,2311410.0,2311410.0,2,2,Jawa Barat,Kota Bandung,Coblong,Dago,Jl. Ganesha No. 268,PBI APBN (Kemenkes),Ya,Tidak,Tidak Sekolah Lagi,Sarjana (S1),Sarjana (S1),Ya,Industri pengolahan,Buruh/Karyawan/Pegawai,532100000090,2200 VA,Milik Sendiri,Semen,Tembok,Genteng,Sumur Bor/Pompa,Listrik PLN,LPG 5.5 kg / 12 kg,Sendiri,Leher Angsa,Tangki Septik,Ya,Tidak,Tidak,Ya,Ya,Ya,Normal,Tidak Ada Gangguan,Tidak Ada Gangguan,Tidak Ada Gangguan
3201012288000269,3201012010180090,Budi Lestari,1990-07-13,36,Laki-laki,Istri,Kawin/Nikah,10527744.0,10527744.0,8,8,Jawa Barat,Kota Bandung,Coblong,Dago,Jl. Ganesha No. 269,PBI APBN (Kemenkes),Ya,Tidak,Tidak Sekolah Lagi,Sarjana (S1),Sarjana (S1),Ya,Jasa keuangan & asuransi,Pekerja bebas,532100000090,1300 VA,Kontrak/Sewa,Keramik,Tembok,Seng,Sumur Bor/Pompa,Listrik PLN,LPG 5.5 kg / 12 kg,Sendiri,Leher Angsa,Tangki Septik,Ya,Tidak,Ya,Ya,Ya,Ya,Normal,Tidak Ada Gangguan,Tidak Ada Gangguan,Tidak Ada Gangguan
3201011990000270,3201012010180090,Rahmat Sartika,1995-01-13,31,Laki-laki,Anak,Belum Kawin,16337483.0,16337483.0,2,2,Jawa Barat,Kota Bandung,Coblong,Dago,Jl. Ganesha No. 270,PKH & BPNT,Tidak,Tidak,Tidak Sekolah Lagi,Magister (S2),Magister (S2),Tidak,Administrasi pemerintahan,Berusaha sendiri,532100000090,900 VA,Milik Sendiri,Keramik,Tembok,Genteng,Sumur Bor/Pompa,Listrik PLN,Listrik,Sendiri,Leher Angsa,Tangki Septik,Ya,Tidak,Ya,Ya,Ya,Ya,Normal,Tidak Ada Gangguan,Tidak Ada Gangguan,Tidak Ada Gangguan
3201012790000271,3201012010180091,Dedi Lestari,1994-08-01,32,Laki-laki,Kepala Keluarga,Kawin/Nikah,2238842.0,2238842.0,7,7,Jawa Tengah,Kota Semarang,Semarang Selatan,Randusari,Jl. Pandanaran No. 271,PBI APBN (Kemenkes),Ya,Tidak,Tidak Sekolah Lagi,Diploma (D1-D4),Diploma (D1-D4),Ya,Administrasi pemerintahan,Pekerja bebas,532100000091,2200 VA,Bebas Sewa,Semen,Tembok,Asbes,Sumur Bor/Pompa,Listrik PLN,LPG 3 kg,Sendiri,Leher Angsa,Tangki Septik,Ya,Ya,Tidak,Ya,Ya,Tidak,Normal,Tidak Ada Gangguan,Tidak Ada Gangguan,Tidak Ada Gangguan
3201011485000272,3201012010180091,Budi Lestari,1999-01-08,27,Laki-laki,Istri,Kawin/Nikah,2880301.0,2880301.0,5,5,Jawa Tengah,Kota Semarang,Semarang Selatan,Randusari,Jl. Pandanaran No. 272,PBI APBN (Kemenkes),Ya,Tidak,Tidak Sekolah Lagi,Magister (S2),Magister (S2),Ya,Konstruksi,Buruh/Karyawan/Pegawai,532100000091,450 VA,Milik Sendiri,Keramik,Kayu,Asbes,Sumur Bor/Pompa,Listrik PLN,LPG 3 kg,Sendiri,Leher Angsa,Tangki Septik,Ya,Tidak,Tidak,Ya,Ya,Ya,Normal,Tidak Ada Gangguan,Tidak Ada Gangguan,Tidak Ada Gangguan
3201012095000273,3201012010180091,Yuni Putri,1967-11-19,59,Perempuan,Anak,Belum Kawin,3388000.0,3388000.0,1,1,Jawa Tengah,Kota Semarang,Semarang Selatan,Randusari,Jl. Pandanaran No. 273,Bukan Penerima Bantuan,Tidak,Tidak,Tidak Sekolah Lagi,Diploma (D1-D4),Diploma (D1-D4),Tidak,Perdagangan besar dan eceran,Berusaha sendiri,532100000091,900 VA,Kontrak/Sewa,Keramik,Kayu,Asbes,Air Kemasan/Isi Ulang,Listrik PLN,LPG 5.5 kg / 12 kg,Sendiri,Leher Angsa,Tangki Septik,Ya,Tidak,Tidak,Ya,Ya,Ya,Normal,Tidak Ada Gangguan,Tidak Ada Gangguan,Tidak Ada Gangguan
3201011473000274,3201012010180092,Sri Wijaya,1970-01-16,56,Perempuan,Kepala Keluarga,Kawin/Nikah,2284643.0,2284643.0,10,10,Jawa Timur,Kota Surabaya,Tegalsari,Kedungdoro,Jl. Basuki Rahmat No. 274,PKH & BPNT,Tidak,Tidak,Tidak Sekolah Lagi,Magister (S2),Magister (S2),Ya,Administrasi pemerintahan,Berusaha sendiri,532100000092,900 VA,Milik Sendiri,Keramik,Kayu,Asbes,Layanan Perpipaan (PDAM),Listrik PLN,LPG 5.5 kg / 12 kg,Sendiri,Leher Angsa,Tangki Septik,Ya,Tidak,Tidak,Ya,Ya,Tidak,Normal,Tidak Ada Gangguan,Tidak Ada Gangguan,Tidak Ada Gangguan
3201011189000275,3201012010180092,Anisa Lestari,1999-02-21,27,Perempuan,Istri,Kawin/Nikah,3829501.0,3829501.0,4,4,Jawa Timur,Kota Surabaya,Tegalsari,Kedungdoro,Jl. Basuki Rahmat No. 275,PBI APBN (Kemenkes),Ya,Tidak,Tidak Sekolah Lagi,SMA/SMK/MA,SMA/SMK/MA,Ya,Konstruksi,Berusaha sendiri,532100000092,900 VA,Kontrak/Sewa,Semen,Tembok,Seng,Air Kemasan/Isi Ulang,Listrik PLN,LPG 3 kg,Sendiri,Leher Angsa,Tangki Septik,Ya,Tidak,Tidak,Ya,Ya,Tidak,Normal,Tidak Ada Gangguan,Tidak Ada Gangguan,Tidak Ada Gangguan
3201012585000276,3201012010180092,Anisa Sartika,2002-01-02,24,Perempuan,Anak,Belum Kawin,12258166.0,12258166.0,5,5,Jawa Timur,Kota Surabaya,Tegalsari,Kedungdoro,Jl. Basuki Rahmat No. 276,PKH & BPNT,Tidak,Tidak,Tidak Sekolah Lagi,Magister (S2),Magister (S2),Tidak,Administrasi pemerintahan,Buruh/Karyawan/Pegawai,532100000092,900 VA,Milik Sendiri,Keramik,Kayu,Asbes,Air Kemasan/Isi Ulang,Listrik PLN,LPG 3 kg,Sendiri,Leher Angsa,Tangki Septik,Ya,Ya,Ya,Ya,Ya,Ya,Normal,Tidak Ada Gangguan,Tidak Ada Gangguan,Tidak Ada Gangguan
3201012888000277,3201012010180093,Cut Kurniawan,1972-12-22,54,Perempuan,Kepala Keluarga,Kawin/Nikah,3582477.0,3582477.0,2,2,Banten,Kota Tangerang,Tangerang,Sukarasa,Jl. Merdeka No. 277,PBI APBD (Pemda),Tidak,Ya,Tidak Sekolah Lagi,Magister (S2),Magister (S2),Ya,"Pertanian, kehutanan, dan perikanan",Berusaha sendiri,532100000093,900 VA,Milik Sendiri,Ubin/Teraso,Kayu,Genteng,Layanan Perpipaan (PDAM),Listrik PLN,LPG 3 kg,Sendiri,Leher Angsa,Tangki Septik,Ya,Tidak,Tidak,Ya,Ya,Ya,Normal,Tidak Ada Gangguan,Tidak Ada Gangguan,Tidak Ada Gangguan
3201011582000278,3201012010180093,Bambang Nyak Dien,1989-12-07,37,Laki-laki,Istri,Kawin/Nikah,7462361.0,7462361.0,3,3,Banten,Kota Tangerang,Tangerang,Sukarasa,Jl. Merdeka No. 278,PBI APBN (Kemenkes),Ya,Tidak,Tidak Sekolah Lagi,SMA/SMK/MA,SMA/SMK/MA,Ya,Jasa keuangan & asuransi,Buruh/Karyawan/Pegawai,532100000093,450 VA,Kontrak/Sewa,Ubin/Teraso,Kayu,Genteng,Layanan Perpipaan (PDAM),Listrik PLN,LPG 3 kg,Sendiri,Leher Angsa,Tangki Septik,Ya,Ya,Tidak,Ya,Ya,Ya,Normal,Tidak Ada Gangguan,Tidak Ada Gangguan,Tidak Ada Gangguan
3201011588000279,3201012010180093,Tri Kusuma,1965-07-28,61,Laki-laki,Anak,Belum Kawin,15462540.0,15462540.0,8,8,Banten,Kota Tangerang,Tangerang,Sukarasa,Jl. Merdeka No. 279,PKH & BPNT,Tidak,Tidak,Tidak Sekolah Lagi,SMA/SMK/MA,SMA/SMK/MA,Ya,Administrasi pemerintahan,Buruh/Karyawan/Pegawai,532100000093,900 VA,Kontrak/Sewa,Ubin/Teraso,Tembok,Asbes,Air Kemasan/Isi Ulang,Listrik PLN,Listrik,Sendiri,Leher Angsa,Tangki Septik,Ya,Ya,Ya,Ya,Ya,Ya,Normal,Tidak Ada Gangguan,Tidak Ada Gangguan,Tidak Ada Gangguan
3201011171000280,3201012010180094,Nur Rahmawati,1987-09-13,39,Perempuan,Kepala Keluarga,Kawin/Nikah,14295353.0,14295353.0,4,4,Sumatera Utara,Kota Medan,Medan Baru,Petisah Tengah,Jl. Gajah Mada No. 280,PBI APBN (Kemenkes),Ya,Tidak,Tidak Sekolah Lagi,SMA/SMK/MA,SMA/SMK/MA,Ya,Administrasi pemerintahan,Pekerja bebas,532100000094,2200 VA,Milik Sendiri,Keramik,Kayu,Seng,Air Kemasan/Isi Ulang,Listrik PLN,Listrik,Sendiri,Leher Angsa,Tangki Septik,Ya,Ya,Ya,Ya,Ya,Tidak,Normal,Tidak Ada Gangguan,Tidak Ada Gangguan,Tidak Ada Gangguan
3201011975000281,3201012010180094,Ahmad Santoso,1989-08-25,37,Laki-laki,Istri,Kawin/Nikah,8600409.0,8600409.0,8,8,Sumatera Utara,Kota Medan,Medan Baru,Petisah Tengah,Jl. Gajah Mada No. 281,PBI APBN (Kemenkes),Ya,Tidak,Tidak Sekolah Lagi,SMA/SMK/MA,SMA/SMK/MA,Ya,Industri pengolahan,Pekerja bebas,532100000094,1300 VA,Bebas Sewa,Keramik,Kayu,Seng,Layanan Perpipaan (PDAM),Listrik PLN,Listrik,Sendiri,Leher Angsa,Tangki Septik,Ya,Ya,Ya,Ya,Ya,Ya,Normal,Tidak Ada Gangguan,Tidak Ada Gangguan,Tidak Ada Gangguan
3201011695000282,3201012010180094,Teuku Putri,1963-09-22,63,Laki-laki,Anak,Belum Kawin,6130854.0,6130854.0,8,8,Sumatera Utara,Kota Medan,Medan Baru,Petisah Tengah,Jl. Gajah Mada No. 282,Bukan Penerima Bantuan,Tidak,Tidak,Tidak Sekolah Lagi,SMA/SMK/MA,SMA/SMK/MA,Tidak,"Pertanian, kehutanan, dan perikanan",Pekerja bebas,532100000094,450 VA,Bebas Sewa,Semen,Tembok,Genteng,Layanan Perpipaan (PDAM),Listrik PLN,LPG 3 kg,Sendiri,Leher Angsa,Tangki Septik,Ya,Ya,Tidak,Ya,Ya,Ya,Normal,Tidak Ada Gangguan,Tidak Ada Gangguan,Tidak Ada Gangguan
3201012897000283,3201012010180095,Rahmat Kusuma,1980-06-09,46,Laki-laki,Kepala Keluarga,Kawin/Nikah,2728027.0,2728027.0,2,2,Bali,Kota Denpasar,Denpasar Selatan,Sidakarya,Jl. Raya Puputan No. 283,PKH & BPNT,Tidak,Tidak,Tidak Sekolah Lagi,Sarjana (S1),Sarjana (S1),Ya,Industri pengolahan,Berusaha sendiri,532100000095,450 VA,Kontrak/Sewa,Semen,Kayu,Seng,Sumur Bor/Pompa,Listrik PLN,LPG 5.5 kg / 12 kg,Sendiri,Leher Angsa,Tangki Septik,Ya,Ya,Tidak,Ya,Ya,Ya,Normal,Tidak Ada Gangguan,Tidak Ada Gangguan,Tidak Ada Gangguan
3201011276000284,3201012010180095,Ahmad Umar,1965-07-06,61,Laki-laki,Istri,Kawin/Nikah,6117419.0,6117419.0,2,2,Bali,Kota Denpasar,Denpasar Selatan,Sidakarya,Jl. Raya Puputan No. 284,PBI APBD (Pemda),Tidak,Ya,Tidak Sekolah Lagi,Magister (S2),Magister (S2),Ya,"Pertanian, kehutanan, dan perikanan",Buruh/Karyawan/Pegawai,532100000095,450 VA,Kontrak/Sewa,Ubin/Teraso,Tembok,Seng,Layanan Perpipaan (PDAM),Listrik PLN,LPG 5.5 kg / 12 kg,Sendiri,Leher Angsa,Tangki Septik,Ya,Ya,Tidak,Ya,Ya,Ya,Normal,Tidak Ada Gangguan,Tidak Ada Gangguan,Tidak Ada Gangguan
3201011976000285,3201012010180095,Teuku Santoso,1974-09-21,52,Laki-laki,Anak,Belum Kawin,8075551.0,8075551.0,8,8,Bali,Kota Denpasar,Denpasar Selatan,Sidakarya,Jl. Raya Puputan No. 285,Bukan Penerima Bantuan,Tidak,Tidak,Tidak Sekolah Lagi,Magister (S2),Magister (S2),Ya,Konstruksi,Buruh/Karyawan/Pegawai,532100000095,1300 VA,Milik Sendiri,Ubin/Teraso,Tembok,Seng,Layanan Perpipaan (PDAM),Listrik PLN,LPG 5.5 kg / 12 kg,Sendiri,Leher Angsa,Tangki Septik,Ya,Ya,Ya,Ya,Ya,Tidak,Normal,Tidak Ada Gangguan,Tidak Ada Gangguan,Tidak Ada Gangguan
3201012179000286,3201012010180096,Ahmad Sartika,1999-03-23,27,Laki-laki,Kepala Keluarga,Kawin/Nikah,3698205.0,3698205.0,3,3,DKI Jakarta,Jakarta Selatan,Cilandak,Cilandak Barat,Jl. Mawar No. 286,PBI APBD (Pemda),Tidak,Ya,Tidak Sekolah Lagi,SMA/SMK/MA,SMA/SMK/MA,Ya,Perdagangan besar dan eceran,Berusaha sendiri,532100000096,900 VA,Kontrak/Sewa,Ubin/Teraso,Kayu,Genteng,Air Kemasan/Isi Ulang,Listrik PLN,Listrik,Sendiri,Leher Angsa,Tangki Septik,Ya,Ya,Tidak,Ya,Ya,Ya,Normal,Tidak Ada Gangguan,Tidak Ada Gangguan,Tidak Ada Gangguan
3201012174000287,3201012010180096,Bambang Suryani,1994-03-18,32,Laki-laki,Istri,Kawin/Nikah,13893714.0,13893714.0,3,3,DKI Jakarta,Jakarta Selatan,Cilandak,Cilandak Barat,Jl. Mawar No. 287,PBI APBN + PKH,Ya,Tidak,Tidak Sekolah Lagi,Sarjana (S1),Sarjana (S1),Ya,"Pertanian, kehutanan, dan perikanan",Buruh/Karyawan/Pegawai,532100000096,1300 VA,Bebas Sewa,Semen,Kayu,Seng,Layanan Perpipaan (PDAM),Listrik PLN,Listrik,Sendiri,Leher Angsa,Tangki Septik,Ya,Ya,Ya,Ya,Ya,Ya,Normal,Tidak Ada Gangguan,Tidak Ada Gangguan,Tidak Ada Gangguan
3201012480000288,3201012010180096,Dewi Lestari,1962-03-22,64,Perempuan,Anak,Belum Kawin,10708000.0,10708000.0,10,10,DKI Jakarta,Jakarta Selatan,Cilandak,Cilandak Barat,Jl. Mawar No. 288,PBI APBD (Pemda),Tidak,Ya,Tidak Sekolah Lagi,Magister (S2),Magister (S2),Tidak,Jasa keuangan & asuransi,Buruh/Karyawan/Pegawai,532100000096,900 VA,Bebas Sewa,Semen,Tembok,Seng,Air Kemasan/Isi Ulang,Listrik PLN,LPG 3 kg,Sendiri,Leher Angsa,Tangki Septik,Ya,Tidak,Ya,Ya,Ya,Ya,Normal,Tidak Ada Gangguan,Tidak Ada Gangguan,Tidak Ada Gangguan
3201011286000289,3201012010180097,Yuni Wibowo,1991-06-20,35,Perempuan,Kepala Keluarga,Kawin/Nikah,5670161.0,5670161.0,7,7,Jawa Barat,Kota Bogor,Bogor Tengah,Paledang,Jl. Pajajaran No. 289,PBI APBD (Pemda),Tidak,Ya,Tidak Sekolah Lagi,Magister (S2),Magister (S2),Ya,Jasa keuangan & asuransi,Berusaha sendiri,532100000097,1300 VA,Milik Sendiri,Ubin/Teraso,Kayu,Seng,Layanan Perpipaan (PDAM),Listrik PLN,LPG 5.5 kg / 12 kg,Sendiri,Leher Angsa,Tangki Septik,Ya,Ya,Tidak,Ya,Ya,Tidak,Normal,Tidak Ada Gangguan,Tidak Ada Gangguan,Tidak Ada Gangguan
3201012493000290,3201012010180097,Irfan Suryani,1978-03-26,48,Laki-laki,Istri,Kawin/Nikah,2644420.0,2644420.0,3,3,Jawa Barat,Kota Bogor,Bogor Tengah,Paledang,Jl. Pajajaran No. 290,PBI APBD (Pemda),Tidak,Ya,Tidak Sekolah Lagi,Sarjana (S1),Sarjana (S1),Ya,Industri pengolahan,Pekerja bebas,532100000097,1300 VA,Milik Sendiri,Semen,Kayu,Genteng,Air Kemasan/Isi Ulang,Listrik PLN,LPG 5.5 kg / 12 kg,Sendiri,Leher Angsa,Tangki Septik,Ya,Ya,Tidak,Ya,Ya,Ya,Normal,Tidak Ada Gangguan,Tidak Ada Gangguan,Tidak Ada Gangguan
3201011587000291,3201012010180097,Ahmad Nyak Dien,1972-03-27,54,Laki-laki,Anak,Belum Kawin,9315330.0,9315330.0,10,10,Jawa Barat,Kota Bogor,Bogor Tengah,Paledang,Jl. Pajajaran No. 291,PKH & BPNT,Tidak,Tidak,Tidak Sekolah Lagi,Magister (S2),Magister (S2),Ya,Industri pengolahan,Buruh/Karyawan/Pegawai,532100000097,450 VA,Milik Sendiri,Keramik,Kayu,Seng,Sumur Bor/Pompa,Listrik PLN,Listrik,Sendiri,Leher Angsa,Tangki Septik,Ya,Ya,Ya,Ya,Ya,Ya,Normal,Tidak Ada Gangguan,Tidak Ada Gangguan,Tidak Ada Gangguan
3201011983000292,3201012010180098,Anisa Lestari,2004-11-08,22,Perempuan,Kepala Keluarga,Belum Kawin,2229824.0,2229824.0,10,10,Jawa Barat,Kota Bandung,Coblong,Dago,Jl. Ganesha No. 292,PKH & BPNT,Tidak,Tidak,Tidak Sekolah Lagi,SMA/SMK/MA,SMA/SMK/MA,Ya,Konstruksi,Berusaha sendiri,532100000098,1300 VA,Bebas Sewa,Semen,Kayu,Asbes,Air Kemasan/Isi Ulang,Listrik PLN,LPG 5.5 kg / 12 kg,Sendiri,Leher Angsa,Tangki Septik,Ya,Ya,Tidak,Ya,Ya,Ya,Normal,Tidak Ada Gangguan,Tidak Ada Gangguan,Tidak Ada Gangguan
3201011875000293,3201012010180098,Eko Rahmawati,1969-06-15,57,Laki-laki,Istri,Kawin/Nikah,6569933.0,6569933.0,6,6,Jawa Barat,Kota Bandung,Coblong,Dago,Jl. Ganesha No. 293,PBI APBN + PKH,Ya,Tidak,Tidak Sekolah Lagi,Sarjana (S1),Sarjana (S1),Ya,Perdagangan besar dan eceran,Berusaha sendiri,532100000098,1300 VA,Bebas Sewa,Semen,Tembok,Asbes,Air Kemasan/Isi Ulang,Listrik PLN,Listrik,Sendiri,Leher Angsa,Tangki Septik,Ya,Tidak,Tidak,Ya,Ya,Tidak,Normal,Tidak Ada Gangguan,Tidak Ada Gangguan,Tidak Ada Gangguan
3201011587000294,3201012010180098,Cut Putri,2003-05-09,23,Perempuan,Anak,Belum Kawin,9683042.0,9683042.0,3,3,Jawa Barat,Kota Bandung,Coblong,Dago,Jl. Ganesha No. 294,PBI APBN (Kemenkes),Ya,Tidak,Tidak Sekolah Lagi,SMP/MTs,SMP/MTs,Ya,Jasa keuangan & asuransi,Berusaha sendiri,532100000098,2200 VA,Kontrak/Sewa,Keramik,Tembok,Genteng,Air Kemasan/Isi Ulang,Listrik PLN,Listrik,Sendiri,Leher Angsa,Tangki Septik,Ya,Tidak,Ya,Ya,Ya,Tidak,Normal,Tidak Ada Gangguan,Tidak Ada Gangguan,Tidak Ada Gangguan
3201012789000295,3201012010180099,Agus Pratama,1986-08-03,40,Laki-laki,Kepala Keluarga,Kawin/Nikah,5345788.0,5345788.0,5,5,Jawa Tengah,Kota Semarang,Semarang Selatan,Randusari,Jl. Pandanaran No. 295,PKH & BPNT,Tidak,Tidak,Tidak Sekolah Lagi,Diploma (D1-D4),Diploma (D1-D4),Ya,Industri pengolahan,Pekerja bebas,532100000099,1300 VA,Milik Sendiri,Semen,Kayu,Genteng,Sumur Bor/Pompa,Listrik PLN,LPG 3 kg,Sendiri,Leher Angsa,Tangki Septik,Ya,Tidak,Tidak,Ya,Ya,Ya,Normal,Tidak Ada Gangguan,Tidak Ada Gangguan,Tidak Ada Gangguan
3201011492000296,3201012010180099,Rina Nurbaya,1968-04-05,58,Perempuan,Istri,Kawin/Nikah,2282423.0,2282423.0,8,8,Jawa Tengah,Kota Semarang,Semarang Selatan,Randusari,Jl. Pandanaran No. 296,PBI APBN + PKH,Ya,Tidak,Tidak Sekolah Lagi,SMA/SMK/MA,SMA/SMK/MA,Ya,"Pertanian, kehutanan, dan perikanan",Buruh/Karyawan/Pegawai,532100000099,450 VA,Bebas Sewa,Semen,Tembok,Seng,Air Kemasan/Isi Ulang,Listrik PLN,LPG 5.5 kg / 12 kg,Sendiri,Leher Angsa,Tangki Septik,Ya,Tidak,Tidak,Ya,Ya,Ya,Normal,Tidak Ada Gangguan,Tidak Ada Gangguan,Tidak Ada Gangguan
3201011094000297,3201012010180099,Dewi Pratama,1998-04-19,28,Perempuan,Anak,Belum Kawin,2409740.0,2409740.0,3,3,Jawa Tengah,Kota Semarang,Semarang Selatan,Randusari,Jl. Pandanaran No. 297,PKH & BPNT,Tidak,Tidak,Tidak Sekolah Lagi,Sarjana (S1),Sarjana (S1),Tidak,Konstruksi,Pekerja bebas,532100000099,900 VA,Bebas Sewa,Semen,Tembok,Genteng,Sumur Bor/Pompa,Listrik PLN,LPG 3 kg,Sendiri,Leher Angsa,Tangki Septik,Ya,Ya,Tidak,Ya,Ya,Ya,Normal,Tidak Ada Gangguan,Tidak Ada Gangguan,Tidak Ada Gangguan
3201011975000298,3201012010180100,Tri Santoso,1966-04-17,60,Laki-laki,Kepala Keluarga,Kawin/Nikah,2697775.0,2697775.0,3,3,Jawa Timur,Kota Surabaya,Tegalsari,Kedungdoro,Jl. Basuki Rahmat No. 298,PKH & BPNT,Tidak,Tidak,Tidak Sekolah Lagi,Magister (S2),Magister (S2),Ya,Industri pengolahan,Buruh/Karyawan/Pegawai,532100000100,900 VA,Kontrak/Sewa,Keramik,Kayu,Genteng,Layanan Perpipaan (PDAM),Listrik PLN,LPG 3 kg,Sendiri,Leher Angsa,Tangki Septik,Ya,Ya,Tidak,Ya,Ya,Ya,Normal,Tidak Ada Gangguan,Tidak Ada Gangguan,Tidak Ada Gangguan
3201012192000299,3201012010180100,Dedi Rahmawati,1965-06-16,61,Laki-laki,Istri,Kawin/Nikah,7579105.0,7579105.0,8,8,Jawa Timur,Kota Surabaya,Tegalsari,Kedungdoro,Jl. Basuki Rahmat No. 299,PBI APBD (Pemda),Tidak,Ya,Tidak Sekolah Lagi,Magister (S2),Magister (S2),Ya,Jasa keuangan & asuransi,Berusaha sendiri,532100000100,900 VA,Milik Sendiri,Ubin/Teraso,Kayu,Genteng,Air Kemasan/Isi Ulang,Listrik PLN,Listrik,Sendiri,Leher Angsa,Tangki Septik,Ya,Ya,Tidak,Ya,Ya,Tidak,Normal,Tidak Ada Gangguan,Tidak Ada Gangguan,Tidak Ada Gangguan
3201012486000300,3201012010180100,Teuku Pratama,1969-07-13,57,Laki-laki,Anak,Belum Kawin,6615352.0,6615352.0,4,4,Jawa Timur,Kota Surabaya,Tegalsari,Kedungdoro,Jl. Basuki Rahmat No. 300,PKH & BPNT,Tidak,Tidak,Tidak Sekolah Lagi,Diploma (D1-D4),Diploma (D1-D4),Ya,Industri pengolahan,Buruh/Karyawan/Pegawai,532100000100,900 VA,Kontrak/Sewa,Semen,Kayu,Seng,Sumur Bor/Pompa,Listrik PLN,Listrik,Sendiri,Leher Angsa,Tangki Septik,Ya,Ya,Tidak,Ya,Ya,Ya,Normal,Tidak Ada Gangguan,Tidak Ada Gangguan,Tidak Ada Gangguan
3201012281000301,3201012010180101,Nur Wijaya,1991-09-09,35,Perempuan,Kepala Keluarga,Kawin/Nikah,2354532.0,2354532.0,5,5,Banten,Kota Tangerang,Tangerang,Sukarasa,Jl. Merdeka No. 301,PBI APBN + PKH,Ya,Tidak,Tidak Sekolah Lagi,Magister (S2),Magister (S2),Ya,"Pertanian, kehutanan, dan perikanan",Pekerja bebas,532100000101,900 VA,Milik Sendiri,Keramik,Tembok,Genteng,Layanan Perpipaan (PDAM),Listrik PLN,Listrik,Sendiri,Leher Angsa,Tangki Septik,Ya,Tidak,Tidak,Ya,Ya,Tidak,Normal,Tidak Ada Gangguan,Tidak Ada Gangguan,Tidak Ada Gangguan
3201012074000302,3201012010180101,Dedi Pratama,1964-11-25,62,Laki-laki,Istri,Kawin/Nikah,17149913.0,17149913.0,4,4,Banten,Kota Tangerang,Tangerang,Sukarasa,Jl. Merdeka No. 302,PKH & BPNT,Tidak,Tidak,Tidak Sekolah Lagi,Magister (S2),Magister (S2),Ya,Industri pengolahan,Pekerja bebas,532100000101,1300 VA,Bebas Sewa,Ubin/Teraso,Tembok,Genteng,Layanan Perpipaan (PDAM),Listrik PLN,LPG 3 kg,Sendiri,Leher Angsa,Tangki Septik,Ya,Ya,Ya,Ya,Ya,Ya,Normal,Tidak Ada Gangguan,Tidak Ada Gangguan,Tidak Ada Gangguan
3201012284000303,3201012010180101,Ahmad Rahmawati,1962-03-18,64,Laki-laki,Anak,Belum Kawin,4734483.0,4734483.0,8,8,Banten,Kota Tangerang,Tangerang,Sukarasa,Jl. Merdeka No. 303,PBI APBN + PKH,Ya,Tidak,Tidak Sekolah Lagi,Diploma (D1-D4),Diploma (D1-D4),Tidak,Industri pengolahan,Berusaha sendiri,532100000101,450 VA,Bebas Sewa,Semen,Kayu,Asbes,Sumur Bor/Pompa,Listrik PLN,Listrik,Sendiri,Leher Angsa,Tangki Septik,Ya,Ya,Tidak,Ya,Ya,Ya,Normal,Tidak Ada Gangguan,Tidak Ada Gangguan,Tidak Ada Gangguan
3201012797000304,3201012010180102,Anisa Rahmawati,1985-05-16,41,Perempuan,Kepala Keluarga,Kawin/Nikah,8159196.0,8159196.0,6,6,Sumatera Utara,Kota Medan,Medan Baru,Petisah Tengah,Jl. Gajah Mada No. 304,PBI APBN (Kemenkes),Ya,Tidak,Tidak Sekolah Lagi,SMA/SMK/MA,SMA/SMK/MA,Ya,Konstruksi,Buruh/Karyawan/Pegawai,532100000102,900 VA,Kontrak/Sewa,Ubin/Teraso,Tembok,Asbes,Layanan Perpipaan (PDAM),Listrik PLN,LPG 5.5 kg / 12 kg,Sendiri,Leher Angsa,Tangki Septik,Ya,Tidak,Ya,Ya,Ya,Ya,Normal,Tidak Ada Gangguan,Tidak Ada Gangguan,Tidak Ada Gangguan
3201012183000305,3201012010180102,Bambang Rahmawati,2002-04-08,24,Laki-laki,Istri,Belum Kawin,2446019.0,2446019.0,2,2,Sumatera Utara,Kota Medan,Medan Baru,Petisah Tengah,Jl. Gajah Mada No. 305,PKH & BPNT,Tidak,Tidak,Tidak Sekolah Lagi,SMA/SMK/MA,SMA/SMK/MA,Ya,Jasa keuangan & asuransi,Buruh/Karyawan/Pegawai,532100000102,450 VA,Bebas Sewa,Ubin/Teraso,Tembok,Seng,Sumur Bor/Pompa,Listrik PLN,LPG 5.5 kg / 12 kg,Sendiri,Leher Angsa,Tangki Septik,Ya,Ya,Tidak,Ya,Ya,Ya,Normal,Tidak Ada Gangguan,Tidak Ada Gangguan,Tidak Ada Gangguan
3201011870000306,3201012010180102,Nur Santoso,1980-07-19,46,Perempuan,Anak,Belum Kawin,17280734.0,17280734.0,2,2,Sumatera Utara,Kota Medan,Medan Baru,Petisah Tengah,Jl. Gajah Mada No. 306,PBI APBD (Pemda),Tidak,Ya,Tidak Sekolah Lagi,Sarjana (S1),Sarjana (S1),Ya,Administrasi pemerintahan,Berusaha sendiri,532100000102,900 VA,Bebas Sewa,Ubin/Teraso,Kayu,Seng,Air Kemasan/Isi Ulang,Listrik PLN,LPG 5.5 kg / 12 kg,Sendiri,Leher Angsa,Tangki Septik,Ya,Ya,Ya,Ya,Ya,Ya,Normal,Tidak Ada Gangguan,Tidak Ada Gangguan,Tidak Ada Gangguan
3201011296000307,3201012010180103,Tri Wibowo,1978-05-02,48,Laki-laki,Kepala Keluarga,Kawin/Nikah,4302760.0,4302760.0,10,10,Bali,Kota Denpasar,Denpasar Selatan,Sidakarya,Jl. Raya Puputan No. 307,PBI APBN (Kemenkes),Ya,Tidak,Tidak Sekolah Lagi,SMA/SMK/MA,SMA/SMK/MA,Ya,Konstruksi,Berusaha sendiri,532100000103,1300 VA,Milik Sendiri,Semen,Kayu,Seng,Air Kemasan/Isi Ulang,Listrik PLN,LPG 5.5 kg / 12 kg,Sendiri,Leher Angsa,Tangki Septik,Ya,Ya,Tidak,Ya,Ya,Ya,Normal,Tidak Ada Gangguan,Tidak Ada Gangguan,Tidak Ada Gangguan
3201011986000308,3201012010180103,Dedi Kurniawan,2002-09-11,24,Laki-laki,Istri,Belum Kawin,12607761.0,12607761.0,9,9,Bali,Kota Denpasar,Denpasar Selatan,Sidakarya,Jl. Raya Puputan No. 308,PBI APBD (Pemda),Tidak,Ya,Tidak Sekolah Lagi,SMA/SMK/MA,SMA/SMK/MA,Ya,Administrasi pemerintahan,Pekerja bebas,532100000103,900 VA,Bebas Sewa,Ubin/Teraso,Tembok,Asbes,Sumur Bor/Pompa,Listrik PLN,LPG 5.5 kg / 12 kg,Sendiri,Leher Angsa,Tangki Septik,Ya,Tidak,Ya,Ya,Ya,Ya,Normal,Tidak Ada Gangguan,Tidak Ada Gangguan,Tidak Ada Gangguan
3201012399000309,3201012010180103,Eko Rahmawati,1993-04-12,33,Laki-laki,Anak,Belum Kawin,7216402.0,7216402.0,7,7,Bali,Kota Denpasar,Denpasar Selatan,Sidakarya,Jl. Raya Puputan No. 309,PBI APBN + PKH,Ya,Tidak,Tidak Sekolah Lagi,Sarjana (S1),Sarjana (S1),Ya,Perdagangan besar dan eceran,Pekerja bebas,532100000103,900 VA,Kontrak/Sewa,Ubin/Teraso,Kayu,Asbes,Air Kemasan/Isi Ulang,Listrik PLN,LPG 5.5 kg / 12 kg,Sendiri,Leher Angsa,Tangki Septik,Ya,Ya,Tidak,Ya,Ya,Ya,Normal,Tidak Ada Gangguan,Tidak Ada Gangguan,Tidak Ada Gangguan
3201011773000310,3201012010180104,Wawan Wibowo,1961-04-26,65,Laki-laki,Kepala Keluarga,Kawin/Nikah,15196152.0,15196152.0,7,7,DKI Jakarta,Jakarta Selatan,Cilandak,Cilandak Barat,Jl. Mawar No. 310,PBI APBN (Kemenkes),Ya,Tidak,Tidak Sekolah Lagi,Diploma (D1-D4),Diploma (D1-D4),Ya,"Pertanian, kehutanan, dan perikanan",Berusaha sendiri,532100000104,900 VA,Milik Sendiri,Ubin/Teraso,Kayu,Asbes,Sumur Bor/Pompa,Listrik PLN,LPG 3 kg,Sendiri,Leher Angsa,Tangki Septik,Ya,Ya,Ya,Ya,Ya,Tidak,Normal,Tidak Ada Gangguan,Tidak Ada Gangguan,Tidak Ada Gangguan
3201012595000311,3201012010180104,Budi Rahmawati,1965-06-20,61,Laki-laki,Istri,Kawin/Nikah,8614220.0,8614220.0,2,2,DKI Jakarta,Jakarta Selatan,Cilandak,Cilandak Barat,Jl. Mawar No. 311,PBI APBN + PKH,Ya,Tidak,Tidak Sekolah Lagi,Diploma (D1-D4),Diploma (D1-D4),Ya,"Pertanian, kehutanan, dan perikanan",Buruh/Karyawan/Pegawai,532100000104,450 VA,Bebas Sewa,Semen,Kayu,Seng,Air Kemasan/Isi Ulang,Listrik PLN,LPG 3 kg,Sendiri,Leher Angsa,Tangki Septik,Ya,Ya,Ya,Ya,Ya,Ya,Normal,Tidak Ada Gangguan,Tidak Ada Gangguan,Tidak Ada Gangguan
3201012080000312,3201012010180104,Eko Wijaya,1975-07-07,51,Laki-laki,Anak,Belum Kawin,6669300.0,6669300.0,8,8,DKI Jakarta,Jakarta Selatan,Cilandak,Cilandak Barat,Jl. Mawar No. 312,PBI APBN + PKH,Ya,Tidak,Tidak Sekolah Lagi,Sarjana (S1),Sarjana (S1),Ya,Perdagangan besar dan eceran,Berusaha sendiri,532100000104,1300 VA,Bebas Sewa,Keramik,Kayu,Asbes,Layanan Perpipaan (PDAM),Listrik PLN,LPG 5.5 kg / 12 kg,Sendiri,Leher Angsa,Tangki Septik,Ya,Ya,Tidak,Ya,Ya,Ya,Normal,Tidak Ada Gangguan,Tidak Ada Gangguan,Tidak Ada Gangguan
3201011481000313,3201012010180105,Nur Hidayat,1979-01-21,47,Perempuan,Kepala Keluarga,Kawin/Nikah,3173000.0,3173000.0,5,5,Jawa Barat,Kota Bogor,Bogor Tengah,Paledang,Jl. Pajajaran No. 313,Bukan Penerima Bantuan,Tidak,Tidak,Tidak Sekolah Lagi,Magister (S2),Magister (S2),Ya,Jasa keuangan & asuransi,Pekerja bebas,532100000105,1300 VA,Bebas Sewa,Keramik,Tembok,Seng,Layanan Perpipaan (PDAM),Listrik PLN,LPG 3 kg,Sendiri,Leher Angsa,Tangki Septik,Ya,Ya,Tidak,Ya,Ya,Ya,Normal,Tidak Ada Gangguan,Tidak Ada Gangguan,Tidak Ada Gangguan
3201011879000314,3201012010180105,Teuku Kusuma,1979-04-28,47,Laki-laki,Istri,Kawin/Nikah,17877505.0,17877505.0,1,1,Jawa Barat,Kota Bogor,Bogor Tengah,Paledang,Jl. Pajajaran No. 314,PKH & BPNT,Tidak,Tidak,Tidak Sekolah Lagi,SMA/SMK/MA,SMA/SMK/MA,Ya,Industri pengolahan,Berusaha sendiri,532100000105,2200 VA,Kontrak/Sewa,Semen,Kayu,Genteng,Air Kemasan/Isi Ulang,Listrik PLN,Listrik,Sendiri,Leher Angsa,Tangki Septik,Ya,Tidak,Ya,Ya,Ya,Tidak,Normal,Tidak Ada Gangguan,Tidak Ada Gangguan,Tidak Ada Gangguan
3201012389000315,3201012010180105,Tri Putri,1989-12-01,37,Laki-laki,Anak,Belum Kawin,15786134.0,15786134.0,3,3,Jawa Barat,Kota Bogor,Bogor Tengah,Paledang,Jl. Pajajaran No. 315,PBI APBN (Kemenkes),Ya,Tidak,Tidak Sekolah Lagi,Magister (S2),Magister (S2),Tidak,Jasa keuangan & asuransi,Berusaha sendiri,532100000105,450 VA,Milik Sendiri,Keramik,Tembok,Asbes,Sumur Bor/Pompa,Listrik PLN,Listrik,Sendiri,Leher Angsa,Tangki Septik,Ya,Ya,Ya,Ya,Ya,Ya,Normal,Tidak Ada Gangguan,Tidak Ada Gangguan,Tidak Ada Gangguan
3201012395000316,3201012010180106,Cut Suryani,1990-12-05,36,Perempuan,Kepala Keluarga,Kawin/Nikah,7947943.0,7947943.0,4,4,Jawa Barat,Kota Bandung,Coblong,Dago,Jl. Ganesha No. 316,PBI APBN (Kemenkes),Ya,Tidak,Tidak Sekolah Lagi,Magister (S2),Magister (S2),Ya,Jasa keuangan & asuransi,Buruh/Karyawan/Pegawai,532100000106,2200 VA,Kontrak/Sewa,Semen,Tembok,Genteng,Air Kemasan/Isi Ulang,Listrik PLN,Listrik,Sendiri,Leher Angsa,Tangki Septik,Ya,Ya,Tidak,Ya,Ya,Ya,Normal,Tidak Ada Gangguan,Tidak Ada Gangguan,Tidak Ada Gangguan
3201011284000317,3201012010180106,Rahmat Setiawan,2004-03-02,22,Laki-laki,Istri,Belum Kawin,8797902.0,8797902.0,3,3,Jawa Barat,Kota Bandung,Coblong,Dago,Jl. Ganesha No. 317,PBI APBN (Kemenkes),Ya,Tidak,Tidak Sekolah Lagi,SMA/SMK/MA,SMA/SMK/MA,Ya,"Pertanian, kehutanan, dan perikanan",Pekerja bebas,532100000106,450 VA,Milik Sendiri,Semen,Kayu,Seng,Sumur Bor/Pompa,Listrik PLN,LPG 5.5 kg / 12 kg,Sendiri,Leher Angsa,Tangki Septik,Ya,Tidak,Ya,Ya,Ya,Ya,Normal,Tidak Ada Gangguan,Tidak Ada Gangguan,Tidak Ada Gangguan
3201011697000318,3201012010180106,Hendra Nurbaya,1991-07-05,35,Laki-laki,Anak,Belum Kawin,7008303.0,7008303.0,4,4,Jawa Barat,Kota Bandung,Coblong,Dago,Jl. Ganesha No. 318,PBI APBN + PKH,Ya,Tidak,Tidak Sekolah Lagi,Diploma (D1-D4),Diploma (D1-D4),Ya,"Pertanian, kehutanan, dan perikanan",Buruh/Karyawan/Pegawai,532100000106,1300 VA,Kontrak/Sewa,Keramik,Kayu,Genteng,Layanan Perpipaan (PDAM),Listrik PLN,Listrik,Sendiri,Leher Angsa,Tangki Septik,Ya,Ya,Tidak,Ya,Ya,Ya,Normal,Tidak Ada Gangguan,Tidak Ada Gangguan,Tidak Ada Gangguan
3201011085000319,3201012010180107,Wawan Putri,2004-07-22,22,Laki-laki,Kepala Keluarga,Belum Kawin,16442935.0,16442935.0,10,10,Jawa Tengah,Kota Semarang,Semarang Selatan,Randusari,Jl. Pandanaran No. 319,PKH & BPNT,Tidak,Tidak,Tidak Sekolah Lagi,SMP/MTs,SMP/MTs,Ya,Perdagangan besar dan eceran,Pekerja bebas,532100000107,450 VA,Milik Sendiri,Ubin/Teraso,Tembok,Seng,Layanan Perpipaan (PDAM),Listrik PLN,Listrik,Sendiri,Leher Angsa,Tangki Septik,Ya,Ya,Ya,Ya,Ya,Ya,Normal,Tidak Ada Gangguan,Tidak Ada Gangguan,Tidak Ada Gangguan
3201011170000320,3201012010180107,Hendra Wijaya,1979-07-22,47,Laki-laki,Istri,Kawin/Nikah,3377323.0,3377323.0,5,5,Jawa Tengah,Kota Semarang,Semarang Selatan,Randusari,Jl. Pandanaran No. 320,PBI APBD (Pemda),Tidak,Ya,Tidak Sekolah Lagi,Magister (S2),Magister (S2),Ya,Jasa keuangan & asuransi,Berusaha sendiri,532100000107,900 VA,Milik Sendiri,Ubin/Teraso,Kayu,Genteng,Layanan Perpipaan (PDAM),Listrik PLN,LPG 3 kg,Sendiri,Leher Angsa,Tangki Septik,Ya,Ya,Tidak,Ya,Ya,Ya,Normal,Tidak Ada Gangguan,Tidak Ada Gangguan,Tidak Ada Gangguan
3201012597000321,3201012010180107,Hendra Hidayat,1987-05-09,39,Laki-laki,Anak,Belum Kawin,7412561.0,7412561.0,7,7,Jawa Tengah,Kota Semarang,Semarang Selatan,Randusari,Jl. Pandanaran No. 321,PBI APBD (Pemda),Tidak,Ya,Tidak Sekolah Lagi,Sarjana (S1),Sarjana (S1),Ya,Industri pengolahan,Buruh/Karyawan/Pegawai,532100000107,2200 VA,Milik Sendiri,Keramik,Tembok,Genteng,Air Kemasan/Isi Ulang,Listrik PLN,LPG 3 kg,Sendiri,Leher Angsa,Tangki Septik,Ya,Tidak,Tidak,Ya,Ya,Ya,Normal,Tidak Ada Gangguan,Tidak Ada Gangguan,Tidak Ada Gangguan
3201012483000322,3201012010180108,Dewi Lestari,1962-08-12,64,Perempuan,Kepala Keluarga,Kawin/Nikah,2788098.0,2788098.0,3,3,Jawa Timur,Kota Surabaya,Tegalsari,Kedungdoro,Jl. Basuki Rahmat No. 322,PBI APBN (Kemenkes),Ya,Tidak,Tidak Sekolah Lagi,Sarjana (S1),Sarjana (S1),Ya,Perdagangan besar dan eceran,Buruh/Karyawan/Pegawai,532100000108,1300 VA,Milik Sendiri,Keramik,Kayu,Asbes,Sumur Bor/Pompa,Listrik PLN,Listrik,Sendiri,Leher Angsa,Tangki Septik,Ya,Tidak,Tidak,Ya,Ya,Ya,Normal,Tidak Ada Gangguan,Tidak Ada Gangguan,Tidak Ada Gangguan
3201011086000323,3201012010180108,Eko Sartika,1986-02-08,40,Laki-laki,Istri,Kawin/Nikah,5991089.0,5991089.0,1,1,Jawa Timur,Kota Surabaya,Tegalsari,Kedungdoro,Jl. Basuki Rahmat No. 323,PKH & BPNT,Tidak,Tidak,Tidak Sekolah Lagi,SMA/SMK/MA,SMA/SMK/MA,Ya,Industri pengolahan,Berusaha sendiri,532100000108,450 VA,Kontrak/Sewa,Keramik,Tembok,Genteng,Layanan Perpipaan (PDAM),Listrik PLN,Listrik,Sendiri,Leher Angsa,Tangki Septik,Ya,Ya,Tidak,Ya,Ya,Ya,Normal,Tidak Ada Gangguan,Tidak Ada Gangguan,Tidak Ada Gangguan
3201011889000324,3201012010180108,Budi Putri,1962-11-20,64,Laki-laki,Anak,Belum Kawin,2675111.0,2675111.0,5,5,Jawa Timur,Kota Surabaya,Tegalsari,Kedungdoro,Jl. Basuki Rahmat No. 324,PKH & BPNT,Tidak,Tidak,Tidak Sekolah Lagi,SMA/SMK/MA,SMA/SMK/MA,Ya,Konstruksi,Pekerja bebas,532100000108,2200 VA,Milik Sendiri,Ubin/Teraso,Kayu,Genteng,Air Kemasan/Isi Ulang,Listrik PLN,LPG 5.5 kg / 12 kg,Sendiri,Leher Angsa,Tangki Septik,Ya,Tidak,Tidak,Ya,Ya,Ya,Normal,Tidak Ada Gangguan,Tidak Ada Gangguan,Tidak Ada Gangguan
3201011582000325,3201012010180109,Yuni Nurbaya,2001-11-05,25,Perempuan,Kepala Keluarga,Kawin/Nikah,17220117.0,17220117.0,5,5,Banten,Kota Tangerang,Tangerang,Sukarasa,Jl. Merdeka No. 325,Bukan Penerima Bantuan,Tidak,Tidak,Tidak Sekolah Lagi,Diploma (D1-D4),Diploma (D1-D4),Ya,Jasa keuangan & asuransi,Pekerja bebas,532100000109,450 VA,Kontrak/Sewa,Semen,Tembok,Seng,Layanan Perpipaan (PDAM),Listrik PLN,LPG 5.5 kg / 12 kg,Sendiri,Leher Angsa,Tangki Septik,Ya,Ya,Ya,Ya,Ya,Ya,Normal,Tidak Ada Gangguan,Tidak Ada Gangguan,Tidak Ada Gangguan
3201012372000326,3201012010180109,Irfan Hidayat,1999-03-14,27,Laki-laki,Istri,Kawin/Nikah,5979699.0,5979699.0,8,8,Banten,Kota Tangerang,Tangerang,Sukarasa,Jl. Merdeka No. 326,PBI APBD (Pemda),Tidak,Ya,Tidak Sekolah Lagi,Diploma (D1-D4),Diploma (D1-D4),Ya,Industri pengolahan,Pekerja bebas,532100000109,450 VA,Kontrak/Sewa,Ubin/Teraso,Kayu,Genteng,Layanan Perpipaan (PDAM),Listrik PLN,LPG 5.5 kg / 12 kg,Sendiri,Leher Angsa,Tangki Septik,Ya,Tidak,Tidak,Ya,Ya,Tidak,Normal,Tidak Ada Gangguan,Tidak Ada Gangguan,Tidak Ada Gangguan
3201011996000327,3201012010180109,Rina Kurniawan,1978-10-02,48,Perempuan,Anak,Belum Kawin,2777759.0,2777759.0,9,9,Banten,Kota Tangerang,Tangerang,Sukarasa,Jl. Merdeka No. 327,PBI APBN + PKH,Ya,Tidak,Tidak Sekolah Lagi,Magister (S2),Magister (S2),Tidak,Administrasi pemerintahan,Pekerja bebas,532100000109,1300 VA,Kontrak/Sewa,Ubin/Teraso,Tembok,Asbes,Air Kemasan/Isi Ulang,Listrik PLN,LPG 3 kg,Sendiri,Leher Angsa,Tangki Septik,Ya,Ya,Tidak,Ya,Ya,Ya,Normal,Tidak Ada Gangguan,Tidak Ada Gangguan,Tidak Ada Gangguan
3201011596000328,3201012010180110,Yuni Rahmawati,1965-07-23,61,Perempuan,Kepala Keluarga,Kawin/Nikah,16853148.0,16853148.0,10,10,Sumatera Utara,Kota Medan,Medan Baru,Petisah Tengah,Jl. Gajah Mada No. 328,PKH & BPNT,Tidak,Tidak,Tidak Sekolah Lagi,Sarjana (S1),Sarjana (S1),Ya,"Pertanian, kehutanan, dan perikanan",Buruh/Karyawan/Pegawai,532100000110,900 VA,Milik Sendiri,Semen,Kayu,Asbes,Air Kemasan/Isi Ulang,Listrik PLN,LPG 5.5 kg / 12 kg,Sendiri,Leher Angsa,Tangki Septik,Ya,Ya,Ya,Ya,Ya,Tidak,Normal,Tidak Ada Gangguan,Tidak Ada Gangguan,Tidak Ada Gangguan
3201011370000329,3201012010180110,Anisa Lestari,1989-12-13,37,Perempuan,Istri,Kawin/Nikah,9282924.0,9282924.0,7,7,Sumatera Utara,Kota Medan,Medan Baru,Petisah Tengah,Jl. Gajah Mada No. 329,PKH & BPNT,Tidak,Tidak,Tidak Sekolah Lagi,SMA/SMK/MA,SMA/SMK/MA,Ya,"Pertanian, kehutanan, dan perikanan",Buruh/Karyawan/Pegawai,532100000110,450 VA,Milik Sendiri,Keramik,Tembok,Asbes,Air Kemasan/Isi Ulang,Listrik PLN,LPG 3 kg,Sendiri,Leher Angsa,Tangki Septik,Ya,Tidak,Ya,Ya,Ya,Ya,Normal,Tidak Ada Gangguan,Tidak Ada Gangguan,Tidak Ada Gangguan
3201011783000330,3201012010180110,Tri Wibowo,1965-05-25,61,Laki-laki,Anak,Belum Kawin,2685936.0,2685936.0,2,2,Sumatera Utara,Kota Medan,Medan Baru,Petisah Tengah,Jl. Gajah Mada No. 330,PBI APBD (Pemda),Tidak,Ya,Tidak Sekolah Lagi,Diploma (D1-D4),Diploma (D1-D4),Ya,Industri pengolahan,Berusaha sendiri,532100000110,2200 VA,Milik Sendiri,Ubin/Teraso,Tembok,Genteng,Layanan Perpipaan (PDAM),Listrik PLN,Listrik,Sendiri,Leher Angsa,Tangki Septik,Ya,Ya,Tidak,Ya,Ya,Ya,Normal,Tidak Ada Gangguan,Tidak Ada Gangguan,Tidak Ada Gangguan
3201012070000331,3201012010180111,Dewi Kurniawan,1986-08-24,40,Perempuan,Kepala Keluarga,Kawin/Nikah,10810522.0,10810522.0,7,7,Bali,Kota Denpasar,Denpasar Selatan,Sidakarya,Jl. Raya Puputan No. 331,PBI APBN + PKH,Ya,Tidak,Tidak Sekolah Lagi,Magister (S2),Magister (S2),Ya,"Pertanian, kehutanan, dan perikanan",Pekerja bebas,532100000111,450 VA,Bebas Sewa,Keramik,Kayu,Asbes,Layanan Perpipaan (PDAM),Listrik PLN,Listrik,Sendiri,Leher Angsa,Tangki Septik,Ya,Tidak,Ya,Ya,Ya,Ya,Normal,Tidak Ada Gangguan,Tidak Ada Gangguan,Tidak Ada Gangguan
3201012398000332,3201012010180111,Nur Pratama,1991-10-21,35,Perempuan,Istri,Kawin/Nikah,4040206.0,4040206.0,5,5,Bali,Kota Denpasar,Denpasar Selatan,Sidakarya,Jl. Raya Puputan No. 332,PBI APBD (Pemda),Tidak,Ya,Tidak Sekolah Lagi,Magister (S2),Magister (S2),Ya,Jasa keuangan & asuransi,Berusaha sendiri,532100000111,900 VA,Bebas Sewa,Keramik,Kayu,Asbes,Sumur Bor/Pompa,Listrik PLN,Listrik,Sendiri,Leher Angsa,Tangki Septik,Ya,Ya,Tidak,Ya,Ya,Ya,Normal,Tidak Ada Gangguan,Tidak Ada Gangguan,Tidak Ada Gangguan
3201012283000333,3201012010180111,Bambang Lestari,1970-10-07,56,Laki-laki,Anak,Belum Kawin,16095675.0,16095675.0,3,3,Bali,Kota Denpasar,Denpasar Selatan,Sidakarya,Jl. Raya Puputan No. 333,PBI APBD (Pemda),Tidak,Ya,Tidak Sekolah Lagi,Diploma (D1-D4),Diploma (D1-D4),Tidak,Industri pengolahan,Buruh/Karyawan/Pegawai,532100000111,2200 VA,Kontrak/Sewa,Ubin/Teraso,Tembok,Genteng,Sumur Bor/Pompa,Listrik PLN,LPG 3 kg,Sendiri,Leher Angsa,Tangki Septik,Ya,Ya,Ya,Ya,Ya,Ya,Normal,Tidak Ada Gangguan,Tidak Ada Gangguan,Tidak Ada Gangguan
3201011881000334,3201012010180112,Anisa Sartika,1992-01-26,34,Perempuan,Kepala Keluarga,Kawin/Nikah,3808281.0,3808281.0,2,2,DKI Jakarta,Jakarta Selatan,Cilandak,Cilandak Barat,Jl. Mawar No. 334,Bukan Penerima Bantuan,Tidak,Tidak,Tidak Sekolah Lagi,Diploma (D1-D4),Diploma (D1-D4),Ya,Industri pengolahan,Berusaha sendiri,532100000112,1300 VA,Kontrak/Sewa,Keramik,Kayu,Genteng,Sumur Bor/Pompa,Listrik PLN,Listrik,Sendiri,Leher Angsa,Tangki Septik,Ya,Ya,Tidak,Ya,Ya,Tidak,Normal,Tidak Ada Gangguan,Tidak Ada Gangguan,Tidak Ada Gangguan
3201011199000335,3201012010180112,Ahmad Suryani,1967-02-26,59,Laki-laki,Istri,Kawin/Nikah,2840231.0,2840231.0,9,9,DKI Jakarta,Jakarta Selatan,Cilandak,Cilandak Barat,Jl. Mawar No. 335,PBI APBN (Kemenkes),Ya,Tidak,Tidak Sekolah Lagi,Diploma (D1-D4),Diploma (D1-D4),Ya,Administrasi pemerintahan,Buruh/Karyawan/Pegawai,532100000112,900 VA,Kontrak/Sewa,Keramik,Kayu,Asbes,Layanan Perpipaan (PDAM),Listrik PLN,Listrik,Sendiri,Leher Angsa,Tangki Septik,Ya,Ya,Tidak,Ya,Ya,Ya,Normal,Tidak Ada Gangguan,Tidak Ada Gangguan,Tidak Ada Gangguan
3201011490000336,3201012010180112,Bambang Putri,1968-02-28,58,Laki-laki,Anak,Belum Kawin,2411697.0,2411697.0,4,4,DKI Jakarta,Jakarta Selatan,Cilandak,Cilandak Barat,Jl. Mawar No. 336,PBI APBN + PKH,Ya,Tidak,Tidak Sekolah Lagi,Sarjana (S1),Sarjana (S1),Tidak,"Pertanian, kehutanan, dan perikanan",Buruh/Karyawan/Pegawai,532100000112,1300 VA,Kontrak/Sewa,Semen,Kayu,Seng,Sumur Bor/Pompa,Listrik PLN,Listrik,Sendiri,Leher Angsa,Tangki Septik,Ya,Tidak,Tidak,Ya,Ya,Ya,Normal,Tidak Ada Gangguan,Tidak Ada Gangguan,Tidak Ada Gangguan
3201012683000337,3201012010180113,Rina Nyak Dien,1987-07-14,39,Perempuan,Kepala Keluarga,Kawin/Nikah,2681037.0,2681037.0,8,8,Jawa Barat,Kota Bogor,Bogor Tengah,Paledang,Jl. Pajajaran No. 337,PBI APBD (Pemda),Tidak,Ya,Tidak Sekolah Lagi,SMA/SMK/MA,SMA/SMK/MA,Ya,Administrasi pemerintahan,Pekerja bebas,532100000113,450 VA,Milik Sendiri,Ubin/Teraso,Kayu,Seng,Air Kemasan/Isi Ulang,Listrik PLN,LPG 5.5 kg / 12 kg,Sendiri,Leher Angsa,Tangki Septik,Ya,Tidak,Tidak,Ya,Ya,Ya,Normal,Tidak Ada Gangguan,Tidak Ada Gangguan,Tidak Ada Gangguan
3201011498000338,3201012010180113,Eko Rahmawati,2000-12-26,26,Laki-laki,Istri,Kawin/Nikah,14017387.0,14017387.0,9,9,Jawa Barat,Kota Bogor,Bogor Tengah,Paledang,Jl. Pajajaran No. 338,PKH & BPNT,Tidak,Tidak,Tidak Sekolah Lagi,Sarjana (S1),Sarjana (S1),Ya,Jasa keuangan & asuransi,Buruh/Karyawan/Pegawai,532100000113,1300 VA,Bebas Sewa,Semen,Tembok,Asbes,Layanan Perpipaan (PDAM),Listrik PLN,LPG 5.5 kg / 12 kg,Sendiri,Leher Angsa,Tangki Septik,Ya,Ya,Ya,Ya,Ya,Ya,Normal,Tidak Ada Gangguan,Tidak Ada Gangguan,Tidak Ada Gangguan
3201012492000339,3201012010180113,Bambang Wijaya,1972-05-03,54,Laki-laki,Anak,Belum Kawin,4227079.0,4227079.0,9,9,Jawa Barat,Kota Bogor,Bogor Tengah,Paledang,Jl. Pajajaran No. 339,Bukan Penerima Bantuan,Tidak,Tidak,Tidak Sekolah Lagi,Sarjana (S1),Sarjana (S1),Tidak,Konstruksi,Pekerja bebas,532100000113,1300 VA,Bebas Sewa,Ubin/Teraso,Tembok,Genteng,Air Kemasan/Isi Ulang,Listrik PLN,Listrik,Sendiri,Leher Angsa,Tangki Septik,Ya,Ya,Tidak,Ya,Ya,Ya,Normal,Tidak Ada Gangguan,Tidak Ada Gangguan,Tidak Ada Gangguan
3201011993000340,3201012010180114,Irfan Pratama,1963-06-09,63,Laki-laki,Kepala Keluarga,Kawin/Nikah,2857446.0,2857446.0,2,2,Jawa Barat,Kota Bandung,Coblong,Dago,Jl. Ganesha No. 340,PBI APBN + PKH,Ya,Tidak,Tidak Sekolah Lagi,Sarjana (S1),Sarjana (S1),Ya,Konstruksi,Pekerja bebas,532100000114,450 VA,Kontrak/Sewa,Ubin/Teraso,Tembok,Asbes,Sumur Bor/Pompa,Listrik PLN,Listrik,Sendiri,Leher Angsa,Tangki Septik,Ya,Ya,Tidak,Ya,Ya,Ya,Normal,Tidak Ada Gangguan,Tidak Ada Gangguan,Tidak Ada Gangguan
3201012797000341,3201012010180114,Sri Kusuma,1982-05-10,44,Perempuan,Istri,Kawin/Nikah,16492410.0,16492410.0,9,9,Jawa Barat,Kota Bandung,Coblong,Dago,Jl. Ganesha No. 341,PBI APBD (Pemda),Tidak,Ya,Tidak Sekolah Lagi,SMA/SMK/MA,SMA/SMK/MA,Ya,Jasa keuangan & asuransi,Pekerja bebas,532100000114,900 VA,Kontrak/Sewa,Ubin/Teraso,Tembok,Genteng,Sumur Bor/Pompa,Listrik PLN,LPG 5.5 kg / 12 kg,Sendiri,Leher Angsa,Tangki Septik,Ya,Ya,Ya,Ya,Ya,Tidak,Normal,Tidak Ada Gangguan,Tidak Ada Gangguan,Tidak Ada Gangguan
3201011183000342,3201012010180114,Wawan Lestari,1973-08-03,53,Laki-laki,Anak,Belum Kawin,13878542.0,13878542.0,5,5,Jawa Barat,Kota Bandung,Coblong,Dago,Jl. Ganesha No. 342,Bukan Penerima Bantuan,Tidak,Tidak,Tidak Sekolah Lagi,Magister (S2),Magister (S2),Ya,Industri pengolahan,Pekerja bebas,532100000114,2200 VA,Bebas Sewa,Ubin/Teraso,Tembok,Genteng,Sumur Bor/Pompa,Listrik PLN,LPG 3 kg,Sendiri,Leher Angsa,Tangki Septik,Ya,Ya,Ya,Ya,Ya,Ya,Normal,Tidak Ada Gangguan,Tidak Ada Gangguan,Tidak Ada Gangguan
3201012697000343,3201012010180115,Agus Pratama,2004-04-15,22,Laki-laki,Kepala Keluarga,Belum Kawin,6515666.0,6515666.0,2,2,Jawa Tengah,Kota Semarang,Semarang Selatan,Randusari,Jl. Pandanaran No. 343,Bukan Penerima Bantuan,Tidak,Tidak,Tidak Sekolah Lagi,SMA/SMK/MA,SMA/SMK/MA,Ya,Perdagangan besar dan eceran,Buruh/Karyawan/Pegawai,532100000115,1300 VA,Bebas Sewa,Ubin/Teraso,Tembok,Asbes,Air Kemasan/Isi Ulang,Listrik PLN,LPG 3 kg,Sendiri,Leher Angsa,Tangki Septik,Ya,Ya,Tidak,Ya,Ya,Ya,Normal,Tidak Ada Gangguan,Tidak Ada Gangguan,Tidak Ada Gangguan
3201011979000344,3201012010180115,Nur Santoso,1969-03-26,57,Perempuan,Istri,Kawin/Nikah,5608114.0,5608114.0,5,5,Jawa Tengah,Kota Semarang,Semarang Selatan,Randusari,Jl. Pandanaran No. 344,PBI APBD (Pemda),Tidak,Ya,Tidak Sekolah Lagi,Diploma (D1-D4),Diploma (D1-D4),Ya,Administrasi pemerintahan,Berusaha sendiri,532100000115,450 VA,Milik Sendiri,Semen,Kayu,Genteng,Air Kemasan/Isi Ulang,Listrik PLN,LPG 5.5 kg / 12 kg,Sendiri,Leher Angsa,Tangki Septik,Ya,Ya,Tidak,Ya,Ya,Ya,Normal,Tidak Ada Gangguan,Tidak Ada Gangguan,Tidak Ada Gangguan
3201012498000345,3201012010180115,Cut Wijaya,1990-12-27,36,Perempuan,Anak,Belum Kawin,14734266.0,14734266.0,8,8,Jawa Tengah,Kota Semarang,Semarang Selatan,Randusari,Jl. Pandanaran No. 345,PBI APBN + PKH,Ya,Tidak,Tidak Sekolah Lagi,Diploma (D1-D4),Diploma (D1-D4),Ya,Jasa keuangan & asuransi,Buruh/Karyawan/Pegawai,532100000115,2200 VA,Kontrak/Sewa,Keramik,Kayu,Seng,Sumur Bor/Pompa,Listrik PLN,LPG 3 kg,Sendiri,Leher Angsa,Tangki Septik,Ya,Ya,Ya,Ya,Ya,Ya,Normal,Tidak Ada Gangguan,Tidak Ada Gangguan,Tidak Ada Gangguan
3201011890000346,3201012010180116,Teuku Sartika,2005-01-19,21,Laki-laki,Kepala Keluarga,Belum Kawin,2860717.0,2860717.0,9,9,Jawa Timur,Kota Surabaya,Tegalsari,Kedungdoro,Jl. Basuki Rahmat No. 346,PBI APBN (Kemenkes),Ya,Tidak,Masih Sekolah,SMP/MTs,SMP/MTs,Ya,Konstruksi,Pekerja bebas,532100000116,450 VA,Bebas Sewa,Semen,Tembok,Seng,Sumur Bor/Pompa,Listrik PLN,LPG 3 kg,Sendiri,Leher Angsa,Tangki Septik,Ya,Tidak,Tidak,Ya,Ya,Ya,Normal,Tidak Ada Gangguan,Tidak Ada Gangguan,Tidak Ada Gangguan
3201011570000347,3201012010180116,Hendra Wibowo,1975-12-27,51,Laki-laki,Istri,Kawin/Nikah,5910078.0,5910078.0,7,7,Jawa Timur,Kota Surabaya,Tegalsari,Kedungdoro,Jl. Basuki Rahmat No. 347,Bukan Penerima Bantuan,Tidak,Tidak,Tidak Sekolah Lagi,SMA/SMK/MA,SMA/SMK/MA,Ya,Industri pengolahan,Buruh/Karyawan/Pegawai,532100000116,1300 VA,Kontrak/Sewa,Keramik,Kayu,Genteng,Sumur Bor/Pompa,Listrik PLN,LPG 5.5 kg / 12 kg,Sendiri,Leher Angsa,Tangki Septik,Ya,Ya,Tidak,Ya,Ya,Tidak,Normal,Tidak Ada Gangguan,Tidak Ada Gangguan,Tidak Ada Gangguan
3201011387000348,3201012010180116,Anisa Nurbaya,1969-03-09,57,Perempuan,Anak,Belum Kawin,18487336.0,18487336.0,3,3,Jawa Timur,Kota Surabaya,Tegalsari,Kedungdoro,Jl. Basuki Rahmat No. 348,PBI APBN (Kemenkes),Ya,Tidak,Tidak Sekolah Lagi,Sarjana (S1),Sarjana (S1),Tidak,Administrasi pemerintahan,Buruh/Karyawan/Pegawai,532100000116,1300 VA,Kontrak/Sewa,Keramik,Kayu,Genteng,Layanan Perpipaan (PDAM),Listrik PLN,LPG 5.5 kg / 12 kg,Sendiri,Leher Angsa,Tangki Septik,Ya,Tidak,Ya,Ya,Ya,Ya,Normal,Tidak Ada Gangguan,Tidak Ada Gangguan,Tidak Ada Gangguan
3201011371000349,3201012010180117,Rahmat Kusuma,1998-10-08,28,Laki-laki,Kepala Keluarga,Kawin/Nikah,2716926.0,2716926.0,5,5,Banten,Kota Tangerang,Tangerang,Sukarasa,Jl. Merdeka No. 349,PBI APBN (Kemenkes),Ya,Tidak,Tidak Sekolah Lagi,Sarjana (S1),Sarjana (S1),Ya,Industri pengolahan,Pekerja bebas,532100000117,2200 VA,Milik Sendiri,Ubin/Teraso,Tembok,Seng,Sumur Bor/Pompa,Listrik PLN,LPG 3 kg,Sendiri,Leher Angsa,Tangki Septik,Ya,Ya,Tidak,Ya,Ya,Tidak,Normal,Tidak Ada Gangguan,Tidak Ada Gangguan,Tidak Ada Gangguan
3201012788000350,3201012010180117,Dewi Kusuma,1995-11-26,31,Perempuan,Istri,Kawin/Nikah,2331671.0,2331671.0,9,9,Banten,Kota Tangerang,Tangerang,Sukarasa,Jl. Merdeka No. 350,PBI APBD (Pemda),Tidak,Ya,Tidak Sekolah Lagi,Diploma (D1-D4),Diploma (D1-D4),Ya,Jasa keuangan & asuransi,Pekerja bebas,532100000117,900 VA,Milik Sendiri,Semen,Kayu,Asbes,Layanan Perpipaan (PDAM),Listrik PLN,LPG 3 kg,Sendiri,Leher Angsa,Tangki Septik,Ya,Tidak,Tidak,Ya,Ya,Ya,Normal,Tidak Ada Gangguan,Tidak Ada Gangguan,Tidak Ada Gangguan
3201011990000351,3201012010180117,Anisa Santoso,1963-08-09,63,Perempuan,Anak,Belum Kawin,3626152.0,3626152.0,10,10,Banten,Kota Tangerang,Tangerang,Sukarasa,Jl. Merdeka No. 351,Bukan Penerima Bantuan,Tidak,Tidak,Tidak Sekolah Lagi,Sarjana (S1),Sarjana (S1),Tidak,Administrasi pemerintahan,Pekerja bebas,532100000117,450 VA,Kontrak/Sewa,Keramik,Kayu,Asbes,Air Kemasan/Isi Ulang,Listrik PLN,LPG 3 kg,Sendiri,Leher Angsa,Tangki Septik,Ya,Ya,Tidak,Ya,Ya,Ya,Normal,Tidak Ada Gangguan,Tidak Ada Gangguan,Tidak Ada Gangguan
3201012376000352,3201012010180118,Sri Putri,2003-06-21,23,Perempuan,Kepala Keluarga,Belum Kawin,4678513.0,4678513.0,6,6,Sumatera Utara,Kota Medan,Medan Baru,Petisah Tengah,Jl. Gajah Mada No. 352,PKH & BPNT,Tidak,Tidak,Tidak Sekolah Lagi,SMP/MTs,SMP/MTs,Ya,Industri pengolahan,Pekerja bebas,532100000118,1300 VA,Milik Sendiri,Semen,Tembok,Asbes,Air Kemasan/Isi Ulang,Listrik PLN,Listrik,Sendiri,Leher Angsa,Tangki Septik,Ya,Ya,Tidak,Ya,Ya,Ya,Normal,Tidak Ada Gangguan,Tidak Ada Gangguan,Tidak Ada Gangguan
3201011583000353,3201012010180118,Tri Lestari,1985-09-03,41,Laki-laki,Istri,Kawin/Nikah,2880627.0,2880627.0,8,8,Sumatera Utara,Kota Medan,Medan Baru,Petisah Tengah,Jl. Gajah Mada No. 353,PBI APBN (Kemenkes),Ya,Tidak,Tidak Sekolah Lagi,Sarjana (S1),Sarjana (S1),Ya,Industri pengolahan,Pekerja bebas,532100000118,1300 VA,Kontrak/Sewa,Keramik,Tembok,Genteng,Layanan Perpipaan (PDAM),Listrik PLN,LPG 5.5 kg / 12 kg,Sendiri,Leher Angsa,Tangki Septik,Ya,Ya,Tidak,Ya,Ya,Ya,Normal,Tidak Ada Gangguan,Tidak Ada Gangguan,Tidak Ada Gangguan
3201011793000354,3201012010180118,Budi Setiawan,2003-12-12,23,Laki-laki,Anak,Belum Kawin,3288673.0,3288673.0,4,4,Sumatera Utara,Kota Medan,Medan Baru,Petisah Tengah,Jl. Gajah Mada No. 354,PBI APBN + PKH,Ya,Tidak,Tidak Sekolah Lagi,SMA/SMK/MA,SMA/SMK/MA,Tidak,Industri pengolahan,Pekerja bebas,532100000118,900 VA,Milik Sendiri,Keramik,Kayu,Genteng,Layanan Perpipaan (PDAM),Listrik PLN,Listrik,Sendiri,Leher Angsa,Tangki Septik,Ya,Ya,Tidak,Ya,Ya,Tidak,Normal,Tidak Ada Gangguan,Tidak Ada Gangguan,Tidak Ada Gangguan
3201011691000355,3201012010180119,Eko Sartika,1964-10-05,62,Laki-laki,Kepala Keluarga,Kawin/Nikah,3367241.0,3367241.0,9,9,Bali,Kota Denpasar,Denpasar Selatan,Sidakarya,Jl. Raya Puputan No. 355,PKH & BPNT,Tidak,Tidak,Tidak Sekolah Lagi,Diploma (D1-D4),Diploma (D1-D4),Ya,Administrasi pemerintahan,Buruh/Karyawan/Pegawai,532100000119,1300 VA,Bebas Sewa,Semen,Kayu,Genteng,Layanan Perpipaan (PDAM),Listrik PLN,Listrik,Sendiri,Leher Angsa,Tangki Septik,Ya,Ya,Tidak,Ya,Ya,Ya,Normal,Tidak Ada Gangguan,Tidak Ada Gangguan,Tidak Ada Gangguan
3201012083000356,3201012010180119,Irfan Setiawan,1967-11-17,59,Laki-laki,Istri,Kawin/Nikah,2689251.0,2689251.0,4,4,Bali,Kota Denpasar,Denpasar Selatan,Sidakarya,Jl. Raya Puputan No. 356,PBI APBN (Kemenkes),Ya,Tidak,Tidak Sekolah Lagi,Sarjana (S1),Sarjana (S1),Ya,Industri pengolahan,Pekerja bebas,532100000119,2200 VA,Kontrak/Sewa,Keramik,Kayu,Genteng,Layanan Perpipaan (PDAM),Listrik PLN,LPG 3 kg,Sendiri,Leher Angsa,Tangki Septik,Ya,Ya,Tidak,Ya,Ya,Ya,Normal,Tidak Ada Gangguan,Tidak Ada Gangguan,Tidak Ada Gangguan
3201011792000357,3201012010180119,Irfan Umar,1975-04-06,51,Laki-laki,Anak,Belum Kawin,2545217.0,2545217.0,1,1,Bali,Kota Denpasar,Denpasar Selatan,Sidakarya,Jl. Raya Puputan No. 357,PBI APBN + PKH,Ya,Tidak,Tidak Sekolah Lagi,Magister (S2),Magister (S2),Ya,Konstruksi,Pekerja bebas,532100000119,1300 VA,Kontrak/Sewa,Keramik,Tembok,Seng,Air Kemasan/Isi Ulang,Listrik PLN,LPG 5.5 kg / 12 kg,Sendiri,Leher Angsa,Tangki Septik,Ya,Ya,Tidak,Ya,Ya,Ya,Normal,Tidak Ada Gangguan,Tidak Ada Gangguan,Tidak Ada Gangguan
3201012695000358,3201012010180120,Rina Umar,1998-10-15,28,Perempuan,Kepala Keluarga,Kawin/Nikah,2300318.0,2300318.0,2,2,DKI Jakarta,Jakarta Selatan,Cilandak,Cilandak Barat,Jl. Mawar No. 358,PBI APBN (Kemenkes),Ya,Tidak,Tidak Sekolah Lagi,SMA/SMK/MA,SMA/SMK/MA,Ya,Industri pengolahan,Berusaha sendiri,532100000120,450 VA,Milik Sendiri,Keramik,Kayu,Genteng,Layanan Perpipaan (PDAM),Listrik PLN,Listrik,Sendiri,Leher Angsa,Tangki Septik,Ya,Ya,Tidak,Ya,Ya,Tidak,Normal,Tidak Ada Gangguan,Tidak Ada Gangguan,Tidak Ada Gangguan
3201011187000359,3201012010180120,Siti Nurbaya,1984-07-04,42,Perempuan,Istri,Kawin/Nikah,2847288.0,2847288.0,8,8,DKI Jakarta,Jakarta Selatan,Cilandak,Cilandak Barat,Jl. Mawar No. 359,PBI APBN + PKH,Ya,Tidak,Tidak Sekolah Lagi,Magister (S2),Magister (S2),Ya,Industri pengolahan,Pekerja bebas,532100000120,450 VA,Kontrak/Sewa,Semen,Tembok,Seng,Sumur Bor/Pompa,Listrik PLN,LPG 5.5 kg / 12 kg,Sendiri,Leher Angsa,Tangki Septik,Ya,Ya,Tidak,Ya,Ya,Tidak,Normal,Tidak Ada Gangguan,Tidak Ada Gangguan,Tidak Ada Gangguan
3201011089000360,3201012010180120,Teuku Wibowo,1996-03-21,30,Laki-laki,Anak,Belum Kawin,14031662.0,14031662.0,10,10,DKI Jakarta,Jakarta Selatan,Cilandak,Cilandak Barat,Jl. Mawar No. 360,PBI APBN + PKH,Ya,Tidak,Tidak Sekolah Lagi,Diploma (D1-D4),Diploma (D1-D4),Tidak,Perdagangan besar dan eceran,Buruh/Karyawan/Pegawai,532100000120,900 VA,Kontrak/Sewa,Semen,Kayu,Asbes,Sumur Bor/Pompa,Listrik PLN,LPG 5.5 kg / 12 kg,Sendiri,Leher Angsa,Tangki Septik,Ya,Ya,Ya,Ya,Ya,Ya,Normal,Tidak Ada Gangguan,Tidak Ada Gangguan,Tidak Ada Gangguan
3201011474000361,3201012010180121,Nur Nurbaya,1998-06-10,28,Perempuan,Kepala Keluarga,Kawin/Nikah,3116948.0,3116948.0,1,1,Jawa Barat,Kota Bogor,Bogor Tengah,Paledang,Jl. Pajajaran No. 361,PBI APBD (Pemda),Tidak,Ya,Tidak Sekolah Lagi,SMA/SMK/MA,SMA/SMK/MA,Ya,Industri pengolahan,Berusaha sendiri,532100000121,900 VA,Milik Sendiri,Semen,Tembok,Genteng,Layanan Perpipaan (PDAM),Listrik PLN,LPG 3 kg,Sendiri,Leher Angsa,Tangki Septik,Ya,Ya,Tidak,Ya,Ya,Ya,Normal,Tidak Ada Gangguan,Tidak Ada Gangguan,Tidak Ada Gangguan
3201012489000362,3201012010180121,Cut Putri,1999-05-14,27,Perempuan,Istri,Kawin/Nikah,2544582.0,2544582.0,8,8,Jawa Barat,Kota Bogor,Bogor Tengah,Paledang,Jl. Pajajaran No. 362,PBI APBD (Pemda),Tidak,Ya,Tidak Sekolah Lagi,SMA/SMK/MA,SMA/SMK/MA,Ya,Administrasi pemerintahan,Buruh/Karyawan/Pegawai,532100000121,900 VA,Kontrak/Sewa,Semen,Tembok,Genteng,Layanan Perpipaan (PDAM),Listrik PLN,Listrik,Sendiri,Leher Angsa,Tangki Septik,Ya,Ya,Tidak,Ya,Ya,Ya,Normal,Tidak Ada Gangguan,Tidak Ada Gangguan,Tidak Ada Gangguan
3201012276000363,3201012010180121,Yuni Sartika,1960-06-01,66,Perempuan,Anak,Belum Kawin,2277312.0,2277312.0,3,3,Jawa Barat,Kota Bogor,Bogor Tengah,Paledang,Jl. Pajajaran No. 363,PKH & BPNT,Tidak,Tidak,Tidak Sekolah Lagi,Magister (S2),Magister (S2),Tidak,Konstruksi,Berusaha sendiri,532100000121,450 VA,Milik Sendiri,Keramik,Tembok,Seng,Air Kemasan/Isi Ulang,Listrik PLN,LPG 3 kg,Sendiri,Leher Angsa,Tangki Septik,Ya,Ya,Tidak,Ya,Ya,Ya,Normal,Tidak Ada Gangguan,Tidak Ada Gangguan,Tidak Ada Gangguan
3201012097000364,3201012010180122,Tri Kusuma,1971-04-01,55,Laki-laki,Kepala Keluarga,Kawin/Nikah,3649010.0,3649010.0,7,7,Jawa Barat,Kota Bandung,Coblong,Dago,Jl. Ganesha No. 364,PBI APBN (Kemenkes),Ya,Tidak,Tidak Sekolah Lagi,Sarjana (S1),Sarjana (S1),Ya,"Pertanian, kehutanan, dan perikanan",Berusaha sendiri,532100000122,2200 VA,Milik Sendiri,Ubin/Teraso,Kayu,Asbes,Air Kemasan/Isi Ulang,Listrik PLN,Listrik,Sendiri,Leher Angsa,Tangki Septik,Ya,Ya,Tidak,Ya,Ya,Ya,Normal,Tidak Ada Gangguan,Tidak Ada Gangguan,Tidak Ada Gangguan
3201012398000365,3201012010180122,Teuku Pratama,1969-03-26,57,Laki-laki,Istri,Kawin/Nikah,9667392.0,9667392.0,6,6,Jawa Barat,Kota Bandung,Coblong,Dago,Jl. Ganesha No. 365,Bukan Penerima Bantuan,Tidak,Tidak,Tidak Sekolah Lagi,Magister (S2),Magister (S2),Ya,Administrasi pemerintahan,Buruh/Karyawan/Pegawai,532100000122,450 VA,Bebas Sewa,Semen,Tembok,Asbes,Layanan Perpipaan (PDAM),Listrik PLN,LPG 3 kg,Sendiri,Leher Angsa,Tangki Septik,Ya,Ya,Ya,Ya,Ya,Tidak,Normal,Tidak Ada Gangguan,Tidak Ada Gangguan,Tidak Ada Gangguan
3201011897000366,3201012010180122,Wawan Lestari,1973-12-03,53,Laki-laki,Anak,Belum Kawin,11904534.0,11904534.0,9,9,Jawa Barat,Kota Bandung,Coblong,Dago,Jl. Ganesha No. 366,PKH & BPNT,Tidak,Tidak,Tidak Sekolah Lagi,Magister (S2),Magister (S2),Ya,"Pertanian, kehutanan, dan perikanan",Berusaha sendiri,532100000122,1300 VA,Bebas Sewa,Semen,Kayu,Asbes,Layanan Perpipaan (PDAM),Listrik PLN,LPG 5.5 kg / 12 kg,Sendiri,Leher Angsa,Tangki Septik,Ya,Tidak,Ya,Ya,Ya,Ya,Normal,Tidak Ada Gangguan,Tidak Ada Gangguan,Tidak Ada Gangguan
3201012890000367,3201012010180123,Siti Wibowo,1974-04-15,52,Perempuan,Kepala Keluarga,Kawin/Nikah,13066905.0,13066905.0,7,7,Jawa Tengah,Kota Semarang,Semarang Selatan,Randusari,Jl. Pandanaran No. 367,Bukan Penerima Bantuan,Tidak,Tidak,Tidak Sekolah Lagi,Diploma (D1-D4),Diploma (D1-D4),Ya,Jasa keuangan & asuransi,Berusaha sendiri,532100000123,450 VA,Milik Sendiri,Keramik,Kayu,Seng,Sumur Bor/Pompa,Listrik PLN,LPG 5.5 kg / 12 kg,Sendiri,Leher Angsa,Tangki Septik,Ya,Tidak,Ya,Ya,Ya,Tidak,Normal,Tidak Ada Gangguan,Tidak Ada Gangguan,Tidak Ada Gangguan
3201012689000368,3201012010180123,Cut Kurniawan,1988-08-14,38,Perempuan,Istri,Kawin/Nikah,9373693.0,9373693.0,7,7,Jawa Tengah,Kota Semarang,Semarang Selatan,Randusari,Jl. Pandanaran No. 368,PBI APBN (Kemenkes),Ya,Tidak,Tidak Sekolah Lagi,Diploma (D1-D4),Diploma (D1-D4),Ya,Industri pengolahan,Buruh/Karyawan/Pegawai,532100000123,1300 VA,Bebas Sewa,Keramik,Kayu,Genteng,Layanan Perpipaan (PDAM),Listrik PLN,Listrik,Sendiri,Leher Angsa,Tangki Septik,Ya,Ya,Ya,Ya,Ya,Ya,Normal,Tidak Ada Gangguan,Tidak Ada Gangguan,Tidak Ada Gangguan
3201011899000369,3201012010180123,Rina Pratama,1967-02-12,59,Perempuan,Anak,Belum Kawin,4245099.0,4245099.0,6,6,Jawa Tengah,Kota Semarang,Semarang Selatan,Randusari,Jl. Pandanaran No. 369,PKH & BPNT,Tidak,Tidak,Tidak Sekolah Lagi,Sarjana (S1),Sarjana (S1),Ya,Administrasi pemerintahan,Berusaha sendiri,532100000123,900 VA,Bebas Sewa,Semen,Tembok,Asbes,Sumur Bor/Pompa,Listrik PLN,Listrik,Sendiri,Leher Angsa,Tangki Septik,Ya,Ya,Tidak,Ya,Ya,Tidak,Normal,Tidak Ada Gangguan,Tidak Ada Gangguan,Tidak Ada Gangguan
3201011979000370,3201012010180124,Bambang Wijaya,1985-10-25,41,Laki-laki,Kepala Keluarga,Kawin/Nikah,3124936.0,3124936.0,7,7,Jawa Timur,Kota Surabaya,Tegalsari,Kedungdoro,Jl. Basuki Rahmat No. 370,PBI APBD (Pemda),Tidak,Ya,Tidak Sekolah Lagi,Diploma (D1-D4),Diploma (D1-D4),Ya,Administrasi pemerintahan,Pekerja bebas,532100000124,900 VA,Kontrak/Sewa,Keramik,Kayu,Asbes,Layanan Perpipaan (PDAM),Listrik PLN,LPG 5.5 kg / 12 kg,Sendiri,Leher Angsa,Tangki Septik,Ya,Ya,Tidak,Ya,Ya,Ya,Normal,Tidak Ada Gangguan,Tidak Ada Gangguan,Tidak Ada Gangguan
3201011683000371,3201012010180124,Irfan Wibowo,1988-08-28,38,Laki-laki,Istri,Kawin/Nikah,3163132.0,3163132.0,5,5,Jawa Timur,Kota Surabaya,Tegalsari,Kedungdoro,Jl. Basuki Rahmat No. 371,PBI APBN (Kemenkes),Ya,Tidak,Tidak Sekolah Lagi,Magister (S2),Magister (S2),Ya,Administrasi pemerintahan,Berusaha sendiri,532100000124,1300 VA,Milik Sendiri,Ubin/Teraso,Kayu,Asbes,Layanan Perpipaan (PDAM),Listrik PLN,Listrik,Sendiri,Leher Angsa,Tangki Septik,Ya,Ya,Tidak,Ya,Ya,Ya,Normal,Tidak Ada Gangguan,Tidak Ada Gangguan,Tidak Ada Gangguan
3201011088000372,3201012010180124,Siti Nyak Dien,1969-06-19,57,Perempuan,Anak,Belum Kawin,4775930.0,4775930.0,7,7,Jawa Timur,Kota Surabaya,Tegalsari,Kedungdoro,Jl. Basuki Rahmat No. 372,PBI APBN (Kemenkes),Ya,Tidak,Tidak Sekolah Lagi,Magister (S2),Magister (S2),Tidak,Perdagangan besar dan eceran,Berusaha sendiri,532100000124,2200 VA,Bebas Sewa,Ubin/Teraso,Tembok,Genteng,Air Kemasan/Isi Ulang,Listrik PLN,Listrik,Sendiri,Leher Angsa,Tangki Septik,Ya,Ya,Tidak,Ya,Ya,Tidak,Normal,Tidak Ada Gangguan,Tidak Ada Gangguan,Tidak Ada Gangguan
3201012570000373,3201012010180125,Anisa Wibowo,1964-07-10,62,Perempuan,Kepala Keluarga,Kawin/Nikah,2415893.0,2415893.0,8,8,Banten,Kota Tangerang,Tangerang,Sukarasa,Jl. Merdeka No. 373,PBI APBN (Kemenkes),Ya,Tidak,Tidak Sekolah Lagi,Sarjana (S1),Sarjana (S1),Ya,Konstruksi,Buruh/Karyawan/Pegawai,532100000125,900 VA,Kontrak/Sewa,Ubin/Teraso,Kayu,Genteng,Air Kemasan/Isi Ulang,Listrik PLN,LPG 3 kg,Sendiri,Leher Angsa,Tangki Septik,Ya,Ya,Tidak,Ya,Ya,Ya,Normal,Tidak Ada Gangguan,Tidak Ada Gangguan,Tidak Ada Gangguan
3201011282000374,3201012010180125,Rahmat Nyak Dien,1973-05-14,53,Laki-laki,Istri,Kawin/Nikah,6531953.0,6531953.0,10,10,Banten,Kota Tangerang,Tangerang,Sukarasa,Jl. Merdeka No. 374,PBI APBD (Pemda),Tidak,Ya,Tidak Sekolah Lagi,Magister (S2),Magister (S2),Ya,Jasa keuangan & asuransi,Buruh/Karyawan/Pegawai,532100000125,450 VA,Milik Sendiri,Ubin/Teraso,Tembok,Seng,Sumur Bor/Pompa,Listrik PLN,LPG 3 kg,Sendiri,Leher Angsa,Tangki Septik,Ya,Ya,Tidak,Ya,Ya,Ya,Normal,Tidak Ada Gangguan,Tidak Ada Gangguan,Tidak Ada Gangguan
3201012584000375,3201012010180125,Ahmad Rahmawati,1965-05-21,61,Laki-laki,Anak,Belum Kawin,3827254.0,3827254.0,7,7,Banten,Kota Tangerang,Tangerang,Sukarasa,Jl. Merdeka No. 375,PBI APBD (Pemda),Tidak,Ya,Tidak Sekolah Lagi,Diploma (D1-D4),Diploma (D1-D4),Ya,Administrasi pemerintahan,Berusaha sendiri,532100000125,2200 VA,Kontrak/Sewa,Semen,Tembok,Asbes,Sumur Bor/Pompa,Listrik PLN,LPG 3 kg,Sendiri,Leher Angsa,Tangki Septik,Ya,Ya,Tidak,Ya,Ya,Ya,Normal,Tidak Ada Gangguan,Tidak Ada Gangguan,Tidak Ada Gangguan
3201011798000376,3201012010180126,Anisa Setiawan,2000-09-10,26,Perempuan,Kepala Keluarga,Kawin/Nikah,18123034.0,18123034.0,7,7,Sumatera Utara,Kota Medan,Medan Baru,Petisah Tengah,Jl. Gajah Mada No. 376,Bukan Penerima Bantuan,Tidak,Tidak,Tidak Sekolah Lagi,SMA/SMK/MA,SMA/SMK/MA,Ya,Jasa keuangan & asuransi,Buruh/Karyawan/Pegawai,532100000126,450 VA,Bebas Sewa,Ubin/Teraso,Kayu,Seng,Air Kemasan/Isi Ulang,Listrik PLN,LPG 5.5 kg / 12 kg,Sendiri,Leher Angsa,Tangki Septik,Ya,Tidak,Ya,Ya,Ya,Tidak,Normal,Tidak Ada Gangguan,Tidak Ada Gangguan,Tidak Ada Gangguan
3201011072000377,3201012010180126,Ahmad Wijaya,1981-12-13,45,Laki-laki,Istri,Kawin/Nikah,5516876.0,5516876.0,2,2,Sumatera Utara,Kota Medan,Medan Baru,Petisah Tengah,Jl. Gajah Mada No. 377,PBI APBD (Pemda),Tidak,Ya,Tidak Sekolah Lagi,Sarjana (S1),Sarjana (S1),Ya,Administrasi pemerintahan,Pekerja bebas,532100000126,2200 VA,Kontrak/Sewa,Ubin/Teraso,Tembok,Genteng,Sumur Bor/Pompa,Listrik PLN,Listrik,Sendiri,Leher Angsa,Tangki Septik,Ya,Tidak,Tidak,Ya,Ya,Ya,Normal,Tidak Ada Gangguan,Tidak Ada Gangguan,Tidak Ada Gangguan
3201011485000378,3201012010180126,Hendra Sartika,1970-01-20,56,Laki-laki,Anak,Belum Kawin,11541457.0,11541457.0,3,3,Sumatera Utara,Kota Medan,Medan Baru,Petisah Tengah,Jl. Gajah Mada No. 378,PBI APBN (Kemenkes),Ya,Tidak,Tidak Sekolah Lagi,SMA/SMK/MA,SMA/SMK/MA,Ya,"Pertanian, kehutanan, dan perikanan",Berusaha sendiri,532100000126,1300 VA,Milik Sendiri,Keramik,Tembok,Asbes,Sumur Bor/Pompa,Listrik PLN,LPG 3 kg,Sendiri,Leher Angsa,Tangki Septik,Ya,Ya,Ya,Ya,Ya,Tidak,Normal,Tidak Ada Gangguan,Tidak Ada Gangguan,Tidak Ada Gangguan
3201012690000379,3201012010180127,Dewi Wijaya,2004-05-15,22,Perempuan,Kepala Keluarga,Belum Kawin,10908229.0,10908229.0,4,4,Bali,Kota Denpasar,Denpasar Selatan,Sidakarya,Jl. Raya Puputan No. 379,PBI APBD (Pemda),Tidak,Ya,Tidak Sekolah Lagi,SMA/SMK/MA,SMA/SMK/MA,Ya,"Pertanian, kehutanan, dan perikanan",Buruh/Karyawan/Pegawai,532100000127,450 VA,Milik Sendiri,Ubin/Teraso,Tembok,Genteng,Layanan Perpipaan (PDAM),Listrik PLN,LPG 3 kg,Sendiri,Leher Angsa,Tangki Septik,Ya,Ya,Ya,Ya,Ya,Tidak,Normal,Tidak Ada Gangguan,Tidak Ada Gangguan,Tidak Ada Gangguan
3201011395000380,3201012010180127,Anisa Sartika,1962-07-17,64,Perempuan,Istri,Kawin/Nikah,3786065.0,3786065.0,10,10,Bali,Kota Denpasar,Denpasar Selatan,Sidakarya,Jl. Raya Puputan No. 380,PBI APBD (Pemda),Tidak,Ya,Tidak Sekolah Lagi,Magister (S2),Magister (S2),Ya,Industri pengolahan,Buruh/Karyawan/Pegawai,532100000127,900 VA,Milik Sendiri,Keramik,Kayu,Seng,Air Kemasan/Isi Ulang,Listrik PLN,LPG 3 kg,Sendiri,Leher Angsa,Tangki Septik,Ya,Ya,Tidak,Ya,Ya,Ya,Normal,Tidak Ada Gangguan,Tidak Ada Gangguan,Tidak Ada Gangguan
3201012276000381,3201012010180127,Ahmad Kusuma,1964-11-27,62,Laki-laki,Anak,Belum Kawin,2491983.0,2491983.0,4,4,Bali,Kota Denpasar,Denpasar Selatan,Sidakarya,Jl. Raya Puputan No. 381,PBI APBN + PKH,Ya,Tidak,Tidak Sekolah Lagi,Sarjana (S1),Sarjana (S1),Ya,Industri pengolahan,Buruh/Karyawan/Pegawai,532100000127,900 VA,Kontrak/Sewa,Keramik,Kayu,Asbes,Sumur Bor/Pompa,Listrik PLN,LPG 5.5 kg / 12 kg,Sendiri,Leher Angsa,Tangki Septik,Ya,Ya,Tidak,Ya,Ya,Ya,Normal,Tidak Ada Gangguan,Tidak Ada Gangguan,Tidak Ada Gangguan
3201011480000382,3201012010180128,Anisa Putri,2002-08-03,24,Perempuan,Kepala Keluarga,Belum Kawin,3137012.0,3137012.0,9,9,DKI Jakarta,Jakarta Selatan,Cilandak,Cilandak Barat,Jl. Mawar No. 382,Bukan Penerima Bantuan,Tidak,Tidak,Tidak Sekolah Lagi,SMA/SMK/MA,SMA/SMK/MA,Ya,"Pertanian, kehutanan, dan perikanan",Buruh/Karyawan/Pegawai,532100000128,450 VA,Kontrak/Sewa,Keramik,Kayu,Genteng,Sumur Bor/Pompa,Listrik PLN,LPG 3 kg,Sendiri,Leher Angsa,Tangki Septik,Ya,Tidak,Tidak,Ya,Ya,Ya,Normal,Tidak Ada Gangguan,Tidak Ada Gangguan,Tidak Ada Gangguan
3201011976000383,3201012010180128,Wawan Wijaya,1973-11-02,53,Laki-laki,Istri,Kawin/Nikah,8922245.0,8922245.0,3,3,DKI Jakarta,Jakarta Selatan,Cilandak,Cilandak Barat,Jl. Mawar No. 383,PKH & BPNT,Tidak,Tidak,Tidak Sekolah Lagi,Sarjana (S1),Sarjana (S1),Ya,Administrasi pemerintahan,Buruh/Karyawan/Pegawai,532100000128,2200 VA,Bebas Sewa,Ubin/Teraso,Tembok,Genteng,Sumur Bor/Pompa,Listrik PLN,LPG 5.5 kg / 12 kg,Sendiri,Leher Angsa,Tangki Septik,Ya,Ya,Ya,Ya,Ya,Ya,Normal,Tidak Ada Gangguan,Tidak Ada Gangguan,Tidak Ada Gangguan
3201011199000384,3201012010180128,Rina Kusuma,1998-07-17,28,Perempuan,Anak,Belum Kawin,2537260.0,2537260.0,2,2,DKI Jakarta,Jakarta Selatan,Cilandak,Cilandak Barat,Jl. Mawar No. 384,PBI APBN + PKH,Ya,Tidak,Tidak Sekolah Lagi,SMA/SMK/MA,SMA/SMK/MA,Ya,Perdagangan besar dan eceran,Pekerja bebas,532100000128,900 VA,Milik Sendiri,Keramik,Tembok,Genteng,Sumur Bor/Pompa,Listrik PLN,Listrik,Sendiri,Leher Angsa,Tangki Septik,Ya,Ya,Tidak,Ya,Ya,Ya,Normal,Tidak Ada Gangguan,Tidak Ada Gangguan,Tidak Ada Gangguan
3201011786000385,3201012010180129,Teuku Kurniawan,1989-05-06,37,Laki-laki,Kepala Keluarga,Kawin/Nikah,3613644.0,3613644.0,5,5,Jawa Barat,Kota Bogor,Bogor Tengah,Paledang,Jl. Pajajaran No. 385,PKH & BPNT,Tidak,Tidak,Tidak Sekolah Lagi,Magister (S2),Magister (S2),Ya,Administrasi pemerintahan,Buruh/Karyawan/Pegawai,532100000129,1300 VA,Kontrak/Sewa,Keramik,Kayu,Seng,Layanan Perpipaan (PDAM),Listrik PLN,LPG 3 kg,Sendiri,Leher Angsa,Tangki Septik,Ya,Ya,Tidak,Ya,Ya,Ya,Normal,Tidak Ada Gangguan,Tidak Ada Gangguan,Tidak Ada Gangguan
3201012394000386,3201012010180129,Wawan Lestari,1961-07-14,65,Laki-laki,Istri,Kawin/Nikah,4691441.0,4691441.0,9,9,Jawa Barat,Kota Bogor,Bogor Tengah,Paledang,Jl. Pajajaran No. 386,PBI APBD (Pemda),Tidak,Ya,Tidak Sekolah Lagi,Sarjana (S1),Sarjana (S1),Ya,Industri pengolahan,Berusaha sendiri,532100000129,1300 VA,Kontrak/Sewa,Ubin/Teraso,Kayu,Asbes,Sumur Bor/Pompa,Listrik PLN,LPG 5.5 kg / 12 kg,Sendiri,Leher Angsa,Tangki Septik,Ya,Tidak,Tidak,Ya,Ya,Tidak,Normal,Tidak Ada Gangguan,Tidak Ada Gangguan,Tidak Ada Gangguan
3201012576000387,3201012010180129,Wawan Wibowo,1960-01-28,66,Laki-laki,Anak,Belum Kawin,14622612.0,14622612.0,7,7,Jawa Barat,Kota Bogor,Bogor Tengah,Paledang,Jl. Pajajaran No. 387,PBI APBN + PKH,Ya,Tidak,Tidak Sekolah Lagi,Sarjana (S1),Sarjana (S1),Tidak,Jasa keuangan & asuransi,Pekerja bebas,532100000129,450 VA,Kontrak/Sewa,Keramik,Tembok,Seng,Sumur Bor/Pompa,Listrik PLN,LPG 3 kg,Sendiri,Leher Angsa,Tangki Septik,Ya,Tidak,Ya,Ya,Ya,Ya,Normal,Tidak Ada Gangguan,Tidak Ada Gangguan,Tidak Ada Gangguan
3201011894000388,3201012010180130,Bambang Lestari,2000-12-12,26,Laki-laki,Kepala Keluarga,Kawin/Nikah,18272202.0,18272202.0,4,4,Jawa Barat,Kota Bandung,Coblong,Dago,Jl. Ganesha No. 388,PBI APBD (Pemda),Tidak,Ya,Tidak Sekolah Lagi,Magister (S2),Magister (S2),Ya,Perdagangan besar dan eceran,Berusaha sendiri,532100000130,450 VA,Bebas Sewa,Semen,Tembok,Seng,Sumur Bor/Pompa,Listrik PLN,LPG 5.5 kg / 12 kg,Sendiri,Leher Angsa,Tangki Septik,Ya,Ya,Ya,Ya,Ya,Tidak,Normal,Tidak Ada Gangguan,Tidak Ada Gangguan,Tidak Ada Gangguan
3201011789000389,3201012010180130,Eko Sartika,1960-02-25,66,Laki-laki,Istri,Kawin/Nikah,2296789.0,2296789.0,9,9,Jawa Barat,Kota Bandung,Coblong,Dago,Jl. Ganesha No. 389,PBI APBD (Pemda),Tidak,Ya,Tidak Sekolah Lagi,Magister (S2),Magister (S2),Ya,"Pertanian, kehutanan, dan perikanan",Berusaha sendiri,532100000130,1300 VA,Bebas Sewa,Ubin/Teraso,Kayu,Asbes,Layanan Perpipaan (PDAM),Listrik PLN,Listrik,Sendiri,Leher Angsa,Tangki Septik,Ya,Ya,Tidak,Ya,Ya,Ya,Normal,Tidak Ada Gangguan,Tidak Ada Gangguan,Tidak Ada Gangguan
3201011273000390,3201012010180130,Eko Hidayat,1969-05-24,57,Laki-laki,Anak,Belum Kawin,8538416.0,8538416.0,1,1,Jawa Barat,Kota Bandung,Coblong,Dago,Jl. Ganesha No. 390,PBI APBD (Pemda),Tidak,Ya,Tidak Sekolah Lagi,Magister (S2),Magister (S2),Tidak,Perdagangan besar dan eceran,Pekerja bebas,532100000130,2200 VA,Bebas Sewa,Ubin/Teraso,Kayu,Asbes,Layanan Perpipaan (PDAM),Listrik PLN,LPG 3 kg,Sendiri,Leher Angsa,Tangki Septik,Ya,Tidak,Ya,Ya,Ya,Tidak,Normal,Tidak Ada Gangguan,Tidak Ada Gangguan,Tidak Ada Gangguan
3201011476000391,3201012010180131,Nur Sartika,1992-02-15,34,Perempuan,Kepala Keluarga,Kawin/Nikah,2794639.0,2794639.0,3,3,Jawa Tengah,Kota Semarang,Semarang Selatan,Randusari,Jl. Pandanaran No. 391,PBI APBD (Pemda),Tidak,Ya,Tidak Sekolah Lagi,Sarjana (S1),Sarjana (S1),Ya,Industri pengolahan,Berusaha sendiri,532100000131,450 VA,Bebas Sewa,Keramik,Tembok,Seng,Air Kemasan/Isi Ulang,Listrik PLN,LPG 5.5 kg / 12 kg,Sendiri,Leher Angsa,Tangki Septik,Ya,Tidak,Tidak,Ya,Ya,Tidak,Normal,Tidak Ada Gangguan,Tidak Ada Gangguan,Tidak Ada Gangguan
3201011088000392,3201012010180131,Rina Lestari,1991-11-25,35,Perempuan,Istri,Kawin/Nikah,2305706.0,2305706.0,10,10,Jawa Tengah,Kota Semarang,Semarang Selatan,Randusari,Jl. Pandanaran No. 392,PBI APBN (Kemenkes),Ya,Tidak,Tidak Sekolah Lagi,SMA/SMK/MA,SMA/SMK/MA,Ya,"Pertanian, kehutanan, dan perikanan",Pekerja bebas,532100000131,450 VA,Kontrak/Sewa,Semen,Kayu,Seng,Layanan Perpipaan (PDAM),Listrik PLN,LPG 5.5 kg / 12 kg,Sendiri,Leher Angsa,Tangki Septik,Ya,Ya,Tidak,Ya,Ya,Ya,Normal,Tidak Ada Gangguan,Tidak Ada Gangguan,Tidak Ada Gangguan
3201012080000393,3201012010180131,Rina Hidayat,2002-07-13,24,Perempuan,Anak,Belum Kawin,8186589.0,8186589.0,2,2,Jawa Tengah,Kota Semarang,Semarang Selatan,Randusari,Jl. Pandanaran No. 393,PBI APBN (Kemenkes),Ya,Tidak,Tidak Sekolah Lagi,Magister (S2),Magister (S2),Ya,Industri pengolahan,Pekerja bebas,532100000131,900 VA,Milik Sendiri,Semen,Tembok,Asbes,Layanan Perpipaan (PDAM),Listrik PLN,Listrik,Sendiri,Leher Angsa,Tangki Septik,Ya,Ya,Ya,Ya,Ya,Ya,Normal,Tidak Ada Gangguan,Tidak Ada Gangguan,Tidak Ada Gangguan
3201012489000394,3201012010180132,Nur Kurniawan,2002-04-01,24,Perempuan,Kepala Keluarga,Belum Kawin,5339505.0,5339505.0,1,1,Jawa Timur,Kota Surabaya,Tegalsari,Kedungdoro,Jl. Basuki Rahmat No. 394,PKH & BPNT,Tidak,Tidak,Tidak Sekolah Lagi,Magister (S2),Magister (S2),Ya,"Pertanian, kehutanan, dan perikanan",Pekerja bebas,532100000132,2200 VA,Kontrak/Sewa,Semen,Tembok,Seng,Layanan Perpipaan (PDAM),Listrik PLN,LPG 5.5 kg / 12 kg,Sendiri,Leher Angsa,Tangki Septik,Ya,Ya,Tidak,Ya,Ya,Ya,Normal,Tidak Ada Gangguan,Tidak Ada Gangguan,Tidak Ada Gangguan
3201011393000395,3201012010180132,Yuni Nurbaya,1998-04-23,28,Perempuan,Istri,Kawin/Nikah,4190633.0,4190633.0,8,8,Jawa Timur,Kota Surabaya,Tegalsari,Kedungdoro,Jl. Basuki Rahmat No. 395,PBI APBN (Kemenkes),Ya,Tidak,Tidak Sekolah Lagi,Sarjana (S1),Sarjana (S1),Ya,Administrasi pemerintahan,Pekerja bebas,532100000132,2200 VA,Milik Sendiri,Ubin/Teraso,Tembok,Seng,Sumur Bor/Pompa,Listrik PLN,Listrik,Sendiri,Leher Angsa,Tangki Septik,Ya,Tidak,Tidak,Ya,Ya,Ya,Normal,Tidak Ada Gangguan,Tidak Ada Gangguan,Tidak Ada Gangguan
3201011273000396,3201012010180132,Irfan Santoso,1970-06-13,56,Laki-laki,Anak,Belum Kawin,16086248.0,16086248.0,2,2,Jawa Timur,Kota Surabaya,Tegalsari,Kedungdoro,Jl. Basuki Rahmat No. 396,PBI APBD (Pemda),Tidak,Ya,Tidak Sekolah Lagi,Magister (S2),Magister (S2),Tidak,Administrasi pemerintahan,Berusaha sendiri,532100000132,900 VA,Bebas Sewa,Semen,Tembok,Asbes,Layanan Perpipaan (PDAM),Listrik PLN,LPG 5.5 kg / 12 kg,Sendiri,Leher Angsa,Tangki Septik,Ya,Ya,Ya,Ya,Ya,Ya,Normal,Tidak Ada Gangguan,Tidak Ada Gangguan,Tidak Ada Gangguan
3201012290000397,3201012010180133,Tri Kurniawan,1974-04-09,52,Laki-laki,Kepala Keluarga,Kawin/Nikah,2321309.0,2321309.0,6,6,Banten,Kota Tangerang,Tangerang,Sukarasa,Jl. Merdeka No. 397,Bukan Penerima Bantuan,Tidak,Tidak,Tidak Sekolah Lagi,Diploma (D1-D4),Diploma (D1-D4),Ya,Administrasi pemerintahan,Buruh/Karyawan/Pegawai,532100000133,1300 VA,Milik Sendiri,Ubin/Teraso,Kayu,Asbes,Sumur Bor/Pompa,Listrik PLN,LPG 3 kg,Sendiri,Leher Angsa,Tangki Septik,Ya,Ya,Tidak,Ya,Ya,Ya,Normal,Tidak Ada Gangguan,Tidak Ada Gangguan,Tidak Ada Gangguan
3201011697000398,3201012010180133,Yuni Kurniawan,1980-06-26,46,Perempuan,Istri,Kawin/Nikah,11394107.0,11394107.0,1,1,Banten,Kota Tangerang,Tangerang,Sukarasa,Jl. Merdeka No. 398,Bukan Penerima Bantuan,Tidak,Tidak,Tidak Sekolah Lagi,Magister (S2),Magister (S2),Ya,Jasa keuangan & asuransi,Buruh/Karyawan/Pegawai,532100000133,1300 VA,Milik Sendiri,Ubin/Teraso,Kayu,Genteng,Sumur Bor/Pompa,Listrik PLN,LPG 5.5 kg / 12 kg,Sendiri,Leher Angsa,Tangki Septik,Ya,Tidak,Ya,Ya,Ya,Ya,Normal,Tidak Ada Gangguan,Tidak Ada Gangguan,Tidak Ada Gangguan
3201011189000399,3201012010180133,Cut Nurbaya,1992-12-04,34,Perempuan,Anak,Belum Kawin,4581684.0,4581684.0,8,8,Banten,Kota Tangerang,Tangerang,Sukarasa,Jl. Merdeka No. 399,PKH & BPNT,Tidak,Tidak,Tidak Sekolah Lagi,Magister (S2),Magister (S2),Tidak,Jasa keuangan & asuransi,Buruh/Karyawan/Pegawai,532100000133,900 VA,Bebas Sewa,Keramik,Tembok,Genteng,Layanan Perpipaan (PDAM),Listrik PLN,Listrik,Sendiri,Leher Angsa,Tangki Septik,Ya,Ya,Tidak,Ya,Ya,Ya,Normal,Tidak Ada Gangguan,Tidak Ada Gangguan,Tidak Ada Gangguan
3201011570000400,3201012010180134,Tri Wijaya,1981-07-22,45,Laki-laki,Kepala Keluarga,Kawin/Nikah,2696418.0,2696418.0,9,9,Sumatera Utara,Kota Medan,Medan Baru,Petisah Tengah,Jl. Gajah Mada No. 400,PKH & BPNT,Tidak,Tidak,Tidak Sekolah Lagi,Sarjana (S1),Sarjana (S1),Ya,Administrasi pemerintahan,Buruh/Karyawan/Pegawai,532100000134,2200 VA,Milik Sendiri,Keramik,Kayu,Asbes,Air Kemasan/Isi Ulang,Listrik PLN,Listrik,Sendiri,Leher Angsa,Tangki Septik,Ya,Ya,Tidak,Ya,Ya,Ya,Normal,Tidak Ada Gangguan,Tidak Ada Gangguan,Tidak Ada Gangguan
3201012874000401,3201012010180134,Ahmad Lestari,1978-03-07,48,Laki-laki,Istri,Kawin/Nikah,2428732.0,2428732.0,6,6,Sumatera Utara,Kota Medan,Medan Baru,Petisah Tengah,Jl. Gajah Mada No. 401,Bukan Penerima Bantuan,Tidak,Tidak,Tidak Sekolah Lagi,SMA/SMK/MA,SMA/SMK/MA,Ya,Administrasi pemerintahan,Buruh/Karyawan/Pegawai,532100000134,2200 VA,Kontrak/Sewa,Semen,Tembok,Genteng,Air Kemasan/Isi Ulang,Listrik PLN,LPG 5.5 kg / 12 kg,Sendiri,Leher Angsa,Tangki Septik,Ya,Ya,Tidak,Ya,Ya,Tidak,Normal,Tidak Ada Gangguan,Tidak Ada Gangguan,Tidak Ada Gangguan
3201011173000402,3201012010180134,Agus Putri,1997-07-05,29,Laki-laki,Anak,Belum Kawin,2857428.0,2857428.0,2,2,Sumatera Utara,Kota Medan,Medan Baru,Petisah Tengah,Jl. Gajah Mada No. 402,PBI APBD (Pemda),Tidak,Ya,Tidak Sekolah Lagi,Magister (S2),Magister (S2),Ya,Administrasi pemerintahan,Pekerja bebas,532100000134,900 VA,Bebas Sewa,Semen,Kayu,Asbes,Sumur Bor/Pompa,Listrik PLN,Listrik,Sendiri,Leher Angsa,Tangki Septik,Ya,Tidak,Tidak,Ya,Ya,Ya,Normal,Tidak Ada Gangguan,Tidak Ada Gangguan,Tidak Ada Gangguan
3201012278000403,3201012010180135,Ahmad Hidayat,1960-02-04,66,Laki-laki,Kepala Keluarga,Kawin/Nikah,3355960.0,3355960.0,1,1,Bali,Kota Denpasar,Denpasar Selatan,Sidakarya,Jl. Raya Puputan No. 403,Bukan Penerima Bantuan,Tidak,Tidak,Tidak Sekolah Lagi,Magister (S2),Magister (S2),Ya,Jasa keuangan & asuransi,Pekerja bebas,532100000135,450 VA,Bebas Sewa,Keramik,Kayu,Seng,Sumur Bor/Pompa,Listrik PLN,Listrik,Sendiri,Leher Angsa,Tangki Septik,Ya,Ya,Tidak,Ya,Ya,Ya,Normal,Tidak Ada Gangguan,Tidak Ada Gangguan,Tidak Ada Gangguan
3201011380000404,3201012010180135,Teuku Sartika,1985-12-01,41,Laki-laki,Istri,Kawin/Nikah,17072260.0,17072260.0,2,2,Bali,Kota Denpasar,Denpasar Selatan,Sidakarya,Jl. Raya Puputan No. 404,Bukan Penerima Bantuan,Tidak,Tidak,Tidak Sekolah Lagi,SMA/SMK/MA,SMA/SMK/MA,Ya,"Pertanian, kehutanan, dan perikanan",Pekerja bebas,532100000135,450 VA,Milik Sendiri,Semen,Tembok,Genteng,Sumur Bor/Pompa,Listrik PLN,LPG 5.5 kg / 12 kg,Sendiri,Leher Angsa,Tangki Septik,Ya,Ya,Ya,Ya,Ya,Tidak,Normal,Tidak Ada Gangguan,Tidak Ada Gangguan,Tidak Ada Gangguan
3201011488000405,3201012010180135,Rahmat Sartika,1965-09-09,61,Laki-laki,Anak,Belum Kawin,6246203.0,6246203.0,6,6,Bali,Kota Denpasar,Denpasar Selatan,Sidakarya,Jl. Raya Puputan No. 405,Bukan Penerima Bantuan,Tidak,Tidak,Tidak Sekolah Lagi,Diploma (D1-D4),Diploma (D1-D4),Ya,Administrasi pemerintahan,Buruh/Karyawan/Pegawai,532100000135,900 VA,Kontrak/Sewa,Keramik,Kayu,Asbes,Sumur Bor/Pompa,Listrik PLN,LPG 5.5 kg / 12 kg,Sendiri,Leher Angsa,Tangki Septik,Ya,Tidak,Tidak,Ya,Ya,Ya,Normal,Tidak Ada Gangguan,Tidak Ada Gangguan,Tidak Ada Gangguan
3201012086000406,3201012010180136,Bambang Wibowo,2004-02-22,22,Laki-laki,Kepala Keluarga,Belum Kawin,3597235.0,3597235.0,5,5,DKI Jakarta,Jakarta Selatan,Cilandak,Cilandak Barat,Jl. Mawar No. 406,PBI APBD (Pemda),Tidak,Ya,Tidak Sekolah Lagi,SMP/MTs,SMP/MTs,Ya,Konstruksi,Pekerja bebas,532100000136,900 VA,Bebas Sewa,Ubin/Teraso,Kayu,Genteng,Sumur Bor/Pompa,Listrik PLN,Listrik,Sendiri,Leher Angsa,Tangki Septik,Ya,Ya,Tidak,Ya,Ya,Ya,Normal,Tidak Ada Gangguan,Tidak Ada Gangguan,Tidak Ada Gangguan
3201011882000407,3201012010180136,Anisa Wijaya,1989-02-09,37,Perempuan,Istri,Kawin/Nikah,4556504.0,4556504.0,2,2,DKI Jakarta,Jakarta Selatan,Cilandak,Cilandak Barat,Jl. Mawar No. 407,PKH & BPNT,Tidak,Tidak,Tidak Sekolah Lagi,Diploma (D1-D4),Diploma (D1-D4),Ya,Administrasi pemerintahan,Berusaha sendiri,532100000136,900 VA,Kontrak/Sewa,Keramik,Kayu,Seng,Layanan Perpipaan (PDAM),Listrik PLN,LPG 3 kg,Sendiri,Leher Angsa,Tangki Septik,Ya,Ya,Tidak,Ya,Ya,Ya,Normal,Tidak Ada Gangguan,Tidak Ada Gangguan,Tidak Ada Gangguan
3201011873000408,3201012010180136,Tri Pratama,2003-09-14,23,Laki-laki,Anak,Belum Kawin,5946369.0,5946369.0,5,5,DKI Jakarta,Jakarta Selatan,Cilandak,Cilandak Barat,Jl. Mawar No. 408,PBI APBD (Pemda),Tidak,Ya,Tidak Sekolah Lagi,SMP/MTs,SMP/MTs,Tidak,Perdagangan besar dan eceran,Berusaha sendiri,532100000136,900 VA,Kontrak/Sewa,Keramik,Tembok,Genteng,Sumur Bor/Pompa,Listrik PLN,Listrik,Sendiri,Leher Angsa,Tangki Septik,Ya,Ya,Tidak,Ya,Ya,Ya,Normal,Tidak Ada Gangguan,Tidak Ada Gangguan,Tidak Ada Gangguan
3201012573000409,3201012010180137,Agus Hidayat,2004-10-28,22,Laki-laki,Kepala Keluarga,Belum Kawin,2495694.0,2495694.0,1,1,Jawa Barat,Kota Bogor,Bogor Tengah,Paledang,Jl. Pajajaran No. 409,PBI APBD (Pemda),Tidak,Ya,Tidak Sekolah Lagi,SMA/SMK/MA,SMA/SMK/MA,Ya,Industri pengolahan,Buruh/Karyawan/Pegawai,532100000137,1300 VA,Bebas Sewa,Semen,Kayu,Seng,Sumur Bor/Pompa,Listrik PLN,LPG 3 kg,Sendiri,Leher Angsa,Tangki Septik,Ya,Tidak,Tidak,Ya,Ya,Ya,Normal,Tidak Ada Gangguan,Tidak Ada Gangguan,Tidak Ada Gangguan
3201011491000410,3201012010180137,Wawan Nyak Dien,1984-10-24,42,Laki-laki,Istri,Kawin/Nikah,3210865.0,3210865.0,10,10,Jawa Barat,Kota Bogor,Bogor Tengah,Paledang,Jl. Pajajaran No. 410,PBI APBN + PKH,Ya,Tidak,Tidak Sekolah Lagi,Magister (S2),Magister (S2),Ya,"Pertanian, kehutanan, dan perikanan",Berusaha sendiri,532100000137,1300 VA,Kontrak/Sewa,Semen,Kayu,Seng,Layanan Perpipaan (PDAM),Listrik PLN,Listrik,Sendiri,Leher Angsa,Tangki Septik,Ya,Ya,Tidak,Ya,Ya,Ya,Normal,Tidak Ada Gangguan,Tidak Ada Gangguan,Tidak Ada Gangguan
3201011779000411,3201012010180137,Teuku Nurbaya,1986-06-28,40,Laki-laki,Anak,Belum Kawin,4431013.0,4431013.0,2,2,Jawa Barat,Kota Bogor,Bogor Tengah,Paledang,Jl. Pajajaran No. 411,PBI APBD (Pemda),Tidak,Ya,Tidak Sekolah Lagi,SMA/SMK/MA,SMA/SMK/MA,Tidak,Jasa keuangan & asuransi,Pekerja bebas,532100000137,2200 VA,Milik Sendiri,Ubin/Teraso,Tembok,Seng,Layanan Perpipaan (PDAM),Listrik PLN,Listrik,Sendiri,Leher Angsa,Tangki Septik,Ya,Ya,Tidak,Ya,Ya,Ya,Normal,Tidak Ada Gangguan,Tidak Ada Gangguan,Tidak Ada Gangguan
3201012792000412,3201012010180138,Dewi Wijaya,1960-10-07,66,Perempuan,Kepala Keluarga,Kawin/Nikah,8764981.0,8764981.0,4,4,Jawa Barat,Kota Bandung,Coblong,Dago,Jl. Ganesha No. 412,Bukan Penerima Bantuan,Tidak,Tidak,Tidak Sekolah Lagi,SMA/SMK/MA,SMA/SMK/MA,Ya,Konstruksi,Berusaha sendiri,532100000138,900 VA,Bebas Sewa,Semen,Tembok,Genteng,Air Kemasan/Isi Ulang,Listrik PLN,LPG 5.5 kg / 12 kg,Sendiri,Leher Angsa,Tangki Septik,Ya,Ya,Ya,Ya,Ya,Ya,Normal,Tidak Ada Gangguan,Tidak Ada Gangguan,Tidak Ada Gangguan
3201011183000413,3201012010180138,Nur Wijaya,1970-06-04,56,Perempuan,Istri,Kawin/Nikah,2554375.0,2554375.0,5,5,Jawa Barat,Kota Bandung,Coblong,Dago,Jl. Ganesha No. 413,PKH & BPNT,Tidak,Tidak,Tidak Sekolah Lagi,Magister (S2),Magister (S2),Ya,Jasa keuangan & asuransi,Berusaha sendiri,532100000138,900 VA,Milik Sendiri,Semen,Kayu,Genteng,Layanan Perpipaan (PDAM),Listrik PLN,Listrik,Sendiri,Leher Angsa,Tangki Septik,Ya,Ya,Tidak,Ya,Ya,Ya,Normal,Tidak Ada Gangguan,Tidak Ada Gangguan,Tidak Ada Gangguan
3201012498000414,3201012010180138,Sri Lestari,1963-06-01,63,Perempuan,Anak,Belum Kawin,7956092.0,7956092.0,2,2,Jawa Barat,Kota Bandung,Coblong,Dago,Jl. Ganesha No. 414,PBI APBN (Kemenkes),Ya,Tidak,Tidak Sekolah Lagi,Sarjana (S1),Sarjana (S1),Ya,"Pertanian, kehutanan, dan perikanan",Berusaha sendiri,532100000138,1300 VA,Milik Sendiri,Keramik,Kayu,Seng,Air Kemasan/Isi Ulang,Listrik PLN,LPG 3 kg,Sendiri,Leher Angsa,Tangki Septik,Ya,Ya,Tidak,Ya,Ya,Ya,Normal,Tidak Ada Gangguan,Tidak Ada Gangguan,Tidak Ada Gangguan
3201012373000415,3201012010180139,Nur Santoso,1969-11-09,57,Perempuan,Kepala Keluarga,Kawin/Nikah,8516510.0,8516510.0,6,6,Jawa Tengah,Kota Semarang,Semarang Selatan,Randusari,Jl. Pandanaran No. 415,PBI APBN + PKH,Ya,Tidak,Tidak Sekolah Lagi,Diploma (D1-D4),Diploma (D1-D4),Ya,Konstruksi,Berusaha sendiri,532100000139,450 VA,Kontrak/Sewa,Semen,Kayu,Genteng,Air Kemasan/Isi Ulang,Listrik PLN,LPG 5.5 kg / 12 kg,Sendiri,Leher Angsa,Tangki Septik,Ya,Ya,Ya,Ya,Ya,Tidak,Normal,Tidak Ada Gangguan,Tidak Ada Gangguan,Tidak Ada Gangguan
3201011673000416,3201012010180139,Rahmat Nurbaya,1962-03-13,64,Laki-laki,Istri,Kawin/Nikah,2641508.0,2641508.0,3,3,Jawa Tengah,Kota Semarang,Semarang Selatan,Randusari,Jl. Pandanaran No. 416,PBI APBD (Pemda),Tidak,Ya,Tidak Sekolah Lagi,Magister (S2),Magister (S2),Ya,Administrasi pemerintahan,Berusaha sendiri,532100000139,450 VA,Kontrak/Sewa,Ubin/Teraso,Kayu,Asbes,Sumur Bor/Pompa,Listrik PLN,LPG 3 kg,Sendiri,Leher Angsa,Tangki Septik,Ya,Ya,Tidak,Ya,Ya,Ya,Normal,Tidak Ada Gangguan,Tidak Ada Gangguan,Tidak Ada Gangguan
3201012286000417,3201012010180139,Yuni Nyak Dien,1967-02-26,59,Perempuan,Anak,Belum Kawin,2222179.0,2222179.0,4,4,Jawa Tengah,Kota Semarang,Semarang Selatan,Randusari,Jl. Pandanaran No. 417,PBI APBN (Kemenkes),Ya,Tidak,Tidak Sekolah Lagi,Sarjana (S1),Sarjana (S1),Ya,Konstruksi,Pekerja bebas,532100000139,450 VA,Kontrak/Sewa,Ubin/Teraso,Kayu,Seng,Layanan Perpipaan (PDAM),Listrik PLN,LPG 3 kg,Sendiri,Leher Angsa,Tangki Septik,Ya,Ya,Tidak,Ya,Ya,Ya,Normal,Tidak Ada Gangguan,Tidak Ada Gangguan,Tidak Ada Gangguan
3201011493000418,3201012010180140,Agus Sartika,1975-05-25,51,Laki-laki,Kepala Keluarga,Kawin/Nikah,16089584.0,16089584.0,4,4,Jawa Timur,Kota Surabaya,Tegalsari,Kedungdoro,Jl. Basuki Rahmat No. 418,PBI APBN + PKH,Ya,Tidak,Tidak Sekolah Lagi,SMA/SMK/MA,SMA/SMK/MA,Ya,Administrasi pemerintahan,Pekerja bebas,532100000140,900 VA,Milik Sendiri,Semen,Tembok,Genteng,Air Kemasan/Isi Ulang,Listrik PLN,LPG 3 kg,Sendiri,Leher Angsa,Tangki Septik,Ya,Ya,Ya,Ya,Ya,Ya,Normal,Tidak Ada Gangguan,Tidak Ada Gangguan,Tidak Ada Gangguan
3201011699000419,3201012010180140,Wawan Kurniawan,1961-10-07,65,Laki-laki,Istri,Kawin/Nikah,8390629.0,8390629.0,4,4,Jawa Timur,Kota Surabaya,Tegalsari,Kedungdoro,Jl. Basuki Rahmat No. 419,PBI APBD (Pemda),Tidak,Ya,Tidak Sekolah Lagi,Sarjana (S1),Sarjana (S1),Ya,Industri pengolahan,Berusaha sendiri,532100000140,450 VA,Bebas Sewa,Ubin/Teraso,Tembok,Seng,Air Kemasan/Isi Ulang,Listrik PLN,LPG 5.5 kg / 12 kg,Sendiri,Leher Angsa,Tangki Septik,Ya,Ya,Ya,Ya,Ya,Ya,Normal,Tidak Ada Gangguan,Tidak Ada Gangguan,Tidak Ada Gangguan
3201012377000420,3201012010180140,Cut Rahmawati,1971-01-01,55,Perempuan,Anak,Belum Kawin,7898108.0,7898108.0,8,8,Jawa Timur,Kota Surabaya,Tegalsari,Kedungdoro,Jl. Basuki Rahmat No. 420,PKH & BPNT,Tidak,Tidak,Tidak Sekolah Lagi,SMA/SMK/MA,SMA/SMK/MA,Ya,Jasa keuangan & asuransi,Berusaha sendiri,532100000140,1300 VA,Kontrak/Sewa,Ubin/Teraso,Tembok,Genteng,Sumur Bor/Pompa,Listrik PLN,LPG 3 kg,Sendiri,Leher Angsa,Tangki Septik,Ya,Ya,Tidak,Ya,Ya,Ya,Normal,Tidak Ada Gangguan,Tidak Ada Gangguan,Tidak Ada Gangguan
3201011480000421,3201012010180141,Bambang Hidayat,1997-09-20,29,Laki-laki,Kepala Keluarga,Kawin/Nikah,12261887.0,12261887.0,2,2,Banten,Kota Tangerang,Tangerang,Sukarasa,Jl. Merdeka No. 421,PBI APBN (Kemenkes),Ya,Tidak,Tidak Sekolah Lagi,Diploma (D1-D4),Diploma (D1-D4),Ya,Administrasi pemerintahan,Pekerja bebas,532100000141,450 VA,Milik Sendiri,Semen,Tembok,Genteng,Sumur Bor/Pompa,Listrik PLN,LPG 5.5 kg / 12 kg,Sendiri,Leher Angsa,Tangki Septik,Ya,Ya,Ya,Ya,Ya,Tidak,Normal,Tidak Ada Gangguan,Tidak Ada Gangguan,Tidak Ada Gangguan
3201012789000422,3201012010180141,Cut Nurbaya,1990-04-18,36,Perempuan,Istri,Kawin/Nikah,12108152.0,12108152.0,9,9,Banten,Kota Tangerang,Tangerang,Sukarasa,Jl. Merdeka No. 422,PKH & BPNT,Tidak,Tidak,Tidak Sekolah Lagi,Sarjana (S1),Sarjana (S1),Ya,Jasa keuangan & asuransi,Berusaha sendiri,532100000141,450 VA,Kontrak/Sewa,Keramik,Kayu,Seng,Sumur Bor/Pompa,Listrik PLN,Listrik,Sendiri,Leher Angsa,Tangki Septik,Ya,Ya,Ya,Ya,Ya,Tidak,Normal,Tidak Ada Gangguan,Tidak Ada Gangguan,Tidak Ada Gangguan
3201011892000423,3201012010180141,Wawan Nurbaya,1962-10-02,64,Laki-laki,Anak,Belum Kawin,2399429.0,2399429.0,3,3,Banten,Kota Tangerang,Tangerang,Sukarasa,Jl. Merdeka No. 423,PBI APBN + PKH,Ya,Tidak,Tidak Sekolah Lagi,Magister (S2),Magister (S2),Ya,Industri pengolahan,Berusaha sendiri,532100000141,1300 VA,Milik Sendiri,Keramik,Tembok,Genteng,Sumur Bor/Pompa,Listrik PLN,LPG 3 kg,Sendiri,Leher Angsa,Tangki Septik,Ya,Ya,Tidak,Ya,Ya,Tidak,Normal,Tidak Ada Gangguan,Tidak Ada Gangguan,Tidak Ada Gangguan
3201012684000424,3201012010180142,Agus Setiawan,1979-04-10,47,Laki-laki,Kepala Keluarga,Kawin/Nikah,4257944.0,4257944.0,1,1,Sumatera Utara,Kota Medan,Medan Baru,Petisah Tengah,Jl. Gajah Mada No. 424,Bukan Penerima Bantuan,Tidak,Tidak,Tidak Sekolah Lagi,Diploma (D1-D4),Diploma (D1-D4),Ya,Jasa keuangan & asuransi,Buruh/Karyawan/Pegawai,532100000142,900 VA,Kontrak/Sewa,Keramik,Kayu,Genteng,Sumur Bor/Pompa,Listrik PLN,LPG 3 kg,Sendiri,Leher Angsa,Tangki Septik,Ya,Ya,Tidak,Ya,Ya,Ya,Normal,Tidak Ada Gangguan,Tidak Ada Gangguan,Tidak Ada Gangguan
3201011370000425,3201012010180142,Bambang Hidayat,1980-02-23,46,Laki-laki,Istri,Kawin/Nikah,6320815.0,6320815.0,6,6,Sumatera Utara,Kota Medan,Medan Baru,Petisah Tengah,Jl. Gajah Mada No. 425,PBI APBN (Kemenkes),Ya,Tidak,Tidak Sekolah Lagi,SMA/SMK/MA,SMA/SMK/MA,Ya,Jasa keuangan & asuransi,Buruh/Karyawan/Pegawai,532100000142,1300 VA,Milik Sendiri,Ubin/Teraso,Tembok,Asbes,Sumur Bor/Pompa,Listrik PLN,Listrik,Sendiri,Leher Angsa,Tangki Septik,Ya,Tidak,Tidak,Ya,Ya,Ya,Normal,Tidak Ada Gangguan,Tidak Ada Gangguan,Tidak Ada Gangguan
3201012290000426,3201012010180142,Hendra Wibowo,1988-04-11,38,Laki-laki,Anak,Belum Kawin,11805615.0,11805615.0,4,4,Sumatera Utara,Kota Medan,Medan Baru,Petisah Tengah,Jl. Gajah Mada No. 426,PBI APBN + PKH,Ya,Tidak,Tidak Sekolah Lagi,Sarjana (S1),Sarjana (S1),Tidak,Industri pengolahan,Buruh/Karyawan/Pegawai,532100000142,2200 VA,Milik Sendiri,Ubin/Teraso,Tembok,Genteng,Air Kemasan/Isi Ulang,Listrik PLN,Listrik,Sendiri,Leher Angsa,Tangki Septik,Ya,Ya,Ya,Ya,Ya,Ya,Normal,Tidak Ada Gangguan,Tidak Ada Gangguan,Tidak Ada Gangguan
3201011970000427,3201012010180143,Dedi Sartika,1971-07-22,55,Laki-laki,Kepala Keluarga,Kawin/Nikah,2837347.0,2837347.0,7,7,Bali,Kota Denpasar,Denpasar Selatan,Sidakarya,Jl. Raya Puputan No. 427,PBI APBD (Pemda),Tidak,Ya,Tidak Sekolah Lagi,Magister (S2),Magister (S2),Ya,Administrasi pemerintahan,Berusaha sendiri,532100000143,450 VA,Bebas Sewa,Semen,Tembok,Asbes,Air Kemasan/Isi Ulang,Listrik PLN,Listrik,Sendiri,Leher Angsa,Tangki Septik,Ya,Tidak,Tidak,Ya,Ya,Ya,Normal,Tidak Ada Gangguan,Tidak Ada Gangguan,Tidak Ada Gangguan
3201011396000428,3201012010180143,Budi Rahmawati,1968-04-25,58,Laki-laki,Istri,Kawin/Nikah,2287656.0,2287656.0,1,1,Bali,Kota Denpasar,Denpasar Selatan,Sidakarya,Jl. Raya Puputan No. 428,PBI APBN (Kemenkes),Ya,Tidak,Tidak Sekolah Lagi,Sarjana (S1),Sarjana (S1),Ya,Administrasi pemerintahan,Buruh/Karyawan/Pegawai,532100000143,900 VA,Milik Sendiri,Ubin/Teraso,Kayu,Genteng,Layanan Perpipaan (PDAM),Listrik PLN,LPG 5.5 kg / 12 kg,Sendiri,Leher Angsa,Tangki Septik,Ya,Ya,Tidak,Ya,Ya,Ya,Normal,Tidak Ada Gangguan,Tidak Ada Gangguan,Tidak Ada Gangguan
3201012792000429,3201012010180143,Hendra Pratama,1961-01-04,65,Laki-laki,Anak,Belum Kawin,14791128.0,14791128.0,3,3,Bali,Kota Denpasar,Denpasar Selatan,Sidakarya,Jl. Raya Puputan No. 429,PBI APBN (Kemenkes),Ya,Tidak,Tidak Sekolah Lagi,Diploma (D1-D4),Diploma (D1-D4),Tidak,Industri pengolahan,Berusaha sendiri,532100000143,900 VA,Kontrak/Sewa,Semen,Kayu,Genteng,Sumur Bor/Pompa,Listrik PLN,LPG 5.5 kg / 12 kg,Sendiri,Leher Angsa,Tangki Septik,Ya,Ya,Ya,Ya,Ya,Ya,Normal,Tidak Ada Gangguan,Tidak Ada Gangguan,Tidak Ada Gangguan
3201011385000430,3201012010180144,Anisa Pratama,1974-02-10,52,Perempuan,Kepala Keluarga,Kawin/Nikah,7999486.0,7999486.0,2,2,DKI Jakarta,Jakarta Selatan,Cilandak,Cilandak Barat,Jl. Mawar No. 430,PBI APBN (Kemenkes),Ya,Tidak,Tidak Sekolah Lagi,Diploma (D1-D4),Diploma (D1-D4),Ya,"Pertanian, kehutanan, dan perikanan",Berusaha sendiri,532100000144,1300 VA,Bebas Sewa,Keramik,Kayu,Genteng,Sumur Bor/Pompa,Listrik PLN,Listrik,Sendiri,Leher Angsa,Tangki Septik,Ya,Ya,Tidak,Ya,Ya,Ya,Normal,Tidak Ada Gangguan,Tidak Ada Gangguan,Tidak Ada Gangguan
3201012198000431,3201012010180144,Dewi Setiawan,1991-11-12,35,Perempuan,Istri,Kawin/Nikah,2478293.0,2478293.0,3,3,DKI Jakarta,Jakarta Selatan,Cilandak,Cilandak Barat,Jl. Mawar No. 431,PBI APBD (Pemda),Tidak,Ya,Tidak Sekolah Lagi,Sarjana (S1),Sarjana (S1),Ya,"Pertanian, kehutanan, dan perikanan",Berusaha sendiri,532100000144,2200 VA,Bebas Sewa,Ubin/Teraso,Tembok,Genteng,Sumur Bor/Pompa,Listrik PLN,LPG 5.5 kg / 12 kg,Sendiri,Leher Angsa,Tangki Septik,Ya,Ya,Tidak,Ya,Ya,Ya,Normal,Tidak Ada Gangguan,Tidak Ada Gangguan,Tidak Ada Gangguan
3201011280000432,3201012010180144,Wawan Sartika,1984-06-11,42,Laki-laki,Anak,Belum Kawin,16316835.0,16316835.0,10,10,DKI Jakarta,Jakarta Selatan,Cilandak,Cilandak Barat,Jl. Mawar No. 432,PKH & BPNT,Tidak,Tidak,Tidak Sekolah Lagi,Diploma (D1-D4),Diploma (D1-D4),Ya,Administrasi pemerintahan,Buruh/Karyawan/Pegawai,532100000144,2200 VA,Kontrak/Sewa,Semen,Kayu,Asbes,Sumur Bor/Pompa,Listrik PLN,LPG 5.5 kg / 12 kg,Sendiri,Leher Angsa,Tangki Septik,Ya,Ya,Ya,Ya,Ya,Ya,Normal,Tidak Ada Gangguan,Tidak Ada Gangguan,Tidak Ada Gangguan
3201012272000433,3201012010180145,Eko Kurniawan,1993-10-25,33,Laki-laki,Kepala Keluarga,Kawin/Nikah,5931907.0,5931907.0,1,1,Jawa Barat,Kota Bogor,Bogor Tengah,Paledang,Jl. Pajajaran No. 433,PBI APBD (Pemda),Tidak,Ya,Tidak Sekolah Lagi,SMA/SMK/MA,SMA/SMK/MA,Ya,Jasa keuangan & asuransi,Pekerja bebas,532100000145,2200 VA,Milik Sendiri,Keramik,Tembok,Seng,Layanan Perpipaan (PDAM),Listrik PLN,LPG 3 kg,Sendiri,Leher Angsa,Tangki Septik,Ya,Tidak,Tidak,Ya,Ya,Tidak,Normal,Tidak Ada Gangguan,Tidak Ada Gangguan,Tidak Ada Gangguan
3201012799000434,3201012010180145,Irfan Kusuma,1973-04-02,53,Laki-laki,Istri,Kawin/Nikah,2344495.0,2344495.0,7,7,Jawa Barat,Kota Bogor,Bogor Tengah,Paledang,Jl. Pajajaran No. 434,PKH & BPNT,Tidak,Tidak,Tidak Sekolah Lagi,SMA/SMK/MA,SMA/SMK/MA,Ya,Administrasi pemerintahan,Buruh/Karyawan/Pegawai,532100000145,450 VA,Kontrak/Sewa,Semen,Tembok,Genteng,Air Kemasan/Isi Ulang,Listrik PLN,LPG 5.5 kg / 12 kg,Sendiri,Leher Angsa,Tangki Septik,Ya,Tidak,Tidak,Ya,Ya,Ya,Normal,Tidak Ada Gangguan,Tidak Ada Gangguan,Tidak Ada Gangguan
3201011088000435,3201012010180145,Irfan Nyak Dien,1971-08-24,55,Laki-laki,Anak,Belum Kawin,9624571.0,9624571.0,8,8,Jawa Barat,Kota Bogor,Bogor Tengah,Paledang,Jl. Pajajaran No. 435,PBI APBN + PKH,Ya,Tidak,Tidak Sekolah Lagi,Sarjana (S1),Sarjana (S1),Ya,Administrasi pemerintahan,Pekerja bebas,532100000145,450 VA,Kontrak/Sewa,Keramik,Tembok,Genteng,Sumur Bor/Pompa,Listrik PLN,LPG 3 kg,Sendiri,Leher Angsa,Tangki Septik,Ya,Ya,Ya,Ya,Ya,Tidak,Normal,Tidak Ada Gangguan,Tidak Ada Gangguan,Tidak Ada Gangguan
3201011570000436,3201012010180146,Yuni Kurniawan,2003-08-18,23,Perempuan,Kepala Keluarga,Belum Kawin,4299707.0,4299707.0,7,7,Jawa Barat,Kota Bandung,Coblong,Dago,Jl. Ganesha No. 436,PBI APBD (Pemda),Tidak,Ya,Tidak Sekolah Lagi,SMA/SMK/MA,SMA/SMK/MA,Ya,Perdagangan besar dan eceran,Pekerja bebas,532100000146,2200 VA,Milik Sendiri,Semen,Tembok,Seng,Sumur Bor/Pompa,Listrik PLN,LPG 3 kg,Sendiri,Leher Angsa,Tangki Septik,Ya,Tidak,Tidak,Ya,Ya,Tidak,Normal,Tidak Ada Gangguan,Tidak Ada Gangguan,Tidak Ada Gangguan
3201012789000437,3201012010180146,Teuku Suryani,1990-06-21,36,Laki-laki,Istri,Kawin/Nikah,2873071.0,2873071.0,6,6,Jawa Barat,Kota Bandung,Coblong,Dago,Jl. Ganesha No. 437,PBI APBN + PKH,Ya,Tidak,Tidak Sekolah Lagi,Diploma (D1-D4),Diploma (D1-D4),Ya,Jasa keuangan & asuransi,Buruh/Karyawan/Pegawai,532100000146,450 VA,Milik Sendiri,Ubin/Teraso,Kayu,Genteng,Air Kemasan/Isi Ulang,Listrik PLN,LPG 5.5 kg / 12 kg,Sendiri,Leher Angsa,Tangki Septik,Ya,Tidak,Tidak,Ya,Ya,Tidak,Normal,Tidak Ada Gangguan,Tidak Ada Gangguan,Tidak Ada Gangguan
3201011689000438,3201012010180146,Budi Nurbaya,1972-09-07,54,Laki-laki,Anak,Belum Kawin,2869399.0,2869399.0,10,10,Jawa Barat,Kota Bandung,Coblong,Dago,Jl. Ganesha No. 438,Bukan Penerima Bantuan,Tidak,Tidak,Tidak Sekolah Lagi,SMA/SMK/MA,SMA/SMK/MA,Ya,Industri pengolahan,Buruh/Karyawan/Pegawai,532100000146,450 VA,Kontrak/Sewa,Keramik,Kayu,Genteng,Layanan Perpipaan (PDAM),Listrik PLN,LPG 5.5 kg / 12 kg,Sendiri,Leher Angsa,Tangki Septik,Ya,Ya,Tidak,Ya,Ya,Ya,Normal,Tidak Ada Gangguan,Tidak Ada Gangguan,Tidak Ada Gangguan
3201012094000439,3201012010180147,Yuni Hidayat,1968-12-22,58,Perempuan,Kepala Keluarga,Kawin/Nikah,2302110.0,2302110.0,9,9,Jawa Tengah,Kota Semarang,Semarang Selatan,Randusari,Jl. Pandanaran No. 439,PBI APBD (Pemda),Tidak,Ya,Tidak Sekolah Lagi,SMA/SMK/MA,SMA/SMK/MA,Ya,Konstruksi,Berusaha sendiri,532100000147,2200 VA,Bebas Sewa,Keramik,Kayu,Genteng,Air Kemasan/Isi Ulang,Listrik PLN,Listrik,Sendiri,Leher Angsa,Tangki Septik,Ya,Ya,Tidak,Ya,Ya,Ya,Normal,Tidak Ada Gangguan,Tidak Ada Gangguan,Tidak Ada Gangguan
3201011292000440,3201012010180147,Rina Wibowo,2003-11-05,23,Perempuan,Istri,Belum Kawin,9531044.0,9531044.0,8,8,Jawa Tengah,Kota Semarang,Semarang Selatan,Randusari,Jl. Pandanaran No. 440,PBI APBD (Pemda),Tidak,Ya,Tidak Sekolah Lagi,SMA/SMK/MA,SMA/SMK/MA,Ya,Jasa keuangan & asuransi,Berusaha sendiri,532100000147,2200 VA,Milik Sendiri,Semen,Kayu,Genteng,Air Kemasan/Isi Ulang,Listrik PLN,Listrik,Sendiri,Leher Angsa,Tangki Septik,Ya,Ya,Ya,Ya,Ya,Ya,Normal,Tidak Ada Gangguan,Tidak Ada Gangguan,Tidak Ada Gangguan
3201012890000441,3201012010180147,Nur Pratama,1960-03-25,66,Perempuan,Anak,Belum Kawin,2524578.0,2524578.0,8,8,Jawa Tengah,Kota Semarang,Semarang Selatan,Randusari,Jl. Pandanaran No. 441,PKH & BPNT,Tidak,Tidak,Tidak Sekolah Lagi,Diploma (D1-D4),Diploma (D1-D4),Ya,"Pertanian, kehutanan, dan perikanan",Buruh/Karyawan/Pegawai,532100000147,1300 VA,Bebas Sewa,Ubin/Teraso,Kayu,Genteng,Air Kemasan/Isi Ulang,Listrik PLN,LPG 3 kg,Sendiri,Leher Angsa,Tangki Septik,Ya,Ya,Tidak,Ya,Ya,Ya,Normal,Tidak Ada Gangguan,Tidak Ada Gangguan,Tidak Ada Gangguan
3201012578000442,3201012010180148,Ahmad Nyak Dien,1967-10-16,59,Laki-laki,Kepala Keluarga,Kawin/Nikah,13863321.0,13863321.0,10,10,Jawa Timur,Kota Surabaya,Tegalsari,Kedungdoro,Jl. Basuki Rahmat No. 442,PBI APBD (Pemda),Tidak,Ya,Tidak Sekolah Lagi,Magister (S2),Magister (S2),Ya,Jasa keuangan & asuransi,Pekerja bebas,532100000148,1300 VA,Kontrak/Sewa,Keramik,Kayu,Asbes,Layanan Perpipaan (PDAM),Listrik PLN,LPG 5.5 kg / 12 kg,Sendiri,Leher Angsa,Tangki Septik,Ya,Ya,Ya,Ya,Ya,Ya,Normal,Tidak Ada Gangguan,Tidak Ada Gangguan,Tidak Ada Gangguan
3201011189000443,3201012010180148,Siti Kusuma,2004-09-01,22,Perempuan,Istri,Belum Kawin,3320825.0,3320825.0,10,10,Jawa Timur,Kota Surabaya,Tegalsari,Kedungdoro,Jl. Basuki Rahmat No. 443,PBI APBN + PKH,Ya,Tidak,Tidak Sekolah Lagi,SMP/MTs,SMP/MTs,Ya,"Pertanian, kehutanan, dan perikanan",Berusaha sendiri,532100000148,2200 VA,Bebas Sewa,Keramik,Kayu,Seng,Layanan Perpipaan (PDAM),Listrik PLN,Listrik,Sendiri,Leher Angsa,Tangki Septik,Ya,Ya,Tidak,Ya,Ya,Ya,Normal,Tidak Ada Gangguan,Tidak Ada Gangguan,Tidak Ada Gangguan
3201011372000444,3201012010180148,Anisa Pratama,1985-07-07,41,Perempuan,Anak,Belum Kawin,5740826.0,5740826.0,10,10,Jawa Timur,Kota Surabaya,Tegalsari,Kedungdoro,Jl. Basuki Rahmat No. 444,PBI APBN + PKH,Ya,Tidak,Tidak Sekolah Lagi,Diploma (D1-D4),Diploma (D1-D4),Ya,Industri pengolahan,Buruh/Karyawan/Pegawai,532100000148,1300 VA,Kontrak/Sewa,Keramik,Tembok,Seng,Air Kemasan/Isi Ulang,Listrik PLN,Listrik,Sendiri,Leher Angsa,Tangki Septik,Ya,Tidak,Tidak,Ya,Ya,Ya,Normal,Tidak Ada Gangguan,Tidak Ada Gangguan,Tidak Ada Gangguan
3201012271000445,3201012010180149,Bambang Kurniawan,1990-04-02,36,Laki-laki,Kepala Keluarga,Kawin/Nikah,8747713.0,8747713.0,3,3,Banten,Kota Tangerang,Tangerang,Sukarasa,Jl. Merdeka No. 445,PBI APBN (Kemenkes),Ya,Tidak,Tidak Sekolah Lagi,Diploma (D1-D4),Diploma (D1-D4),Ya,Perdagangan besar dan eceran,Berusaha sendiri,532100000149,2200 VA,Milik Sendiri,Ubin/Teraso,Kayu,Seng,Sumur Bor/Pompa,Listrik PLN,LPG 3 kg,Sendiri,Leher Angsa,Tangki Septik,Ya,Ya,Ya,Ya,Ya,Ya,Normal,Tidak Ada Gangguan,Tidak Ada Gangguan,Tidak Ada Gangguan
3201011172000446,3201012010180149,Irfan Putri,1979-03-07,47,Laki-laki,Istri,Kawin/Nikah,3978918.0,3978918.0,7,7,Banten,Kota Tangerang,Tangerang,Sukarasa,Jl. Merdeka No. 446,PKH & BPNT,Tidak,Tidak,Tidak Sekolah Lagi,Magister (S2),Magister (S2),Ya,Perdagangan besar dan eceran,Pekerja bebas,532100000149,900 VA,Milik Sendiri,Semen,Tembok,Seng,Sumur Bor/Pompa,Listrik PLN,Listrik,Sendiri,Leher Angsa,Tangki Septik,Ya,Ya,Tidak,Ya,Ya,Ya,Normal,Tidak Ada Gangguan,Tidak Ada Gangguan,Tidak Ada Gangguan
3201012070000447,3201012010180149,Wawan Suryani,1969-08-28,57,Laki-laki,Anak,Belum Kawin,2531777.0,2531777.0,8,8,Banten,Kota Tangerang,Tangerang,Sukarasa,Jl. Merdeka No. 447,PBI APBD (Pemda),Tidak,Ya,Tidak Sekolah Lagi,Magister (S2),Magister (S2),Ya,Konstruksi,Buruh/Karyawan/Pegawai,532100000149,450 VA,Milik Sendiri,Semen,Tembok,Seng,Sumur Bor/Pompa,Listrik PLN,Listrik,Sendiri,Leher Angsa,Tangki Septik,Ya,Ya,Tidak,Ya,Ya,Ya,Normal,Tidak Ada Gangguan,Tidak Ada Gangguan,Tidak Ada Gangguan
3201011681000448,3201012010180150,Rahmat Wibowo,2003-10-01,23,Laki-laki,Kepala Keluarga,Belum Kawin,5335822.0,5335822.0,9,9,Sumatera Utara,Kota Medan,Medan Baru,Petisah Tengah,Jl. Gajah Mada No. 448,PBI APBN (Kemenkes),Ya,Tidak,Tidak Sekolah Lagi,SMA/SMK/MA,SMA/SMK/MA,Ya,Administrasi pemerintahan,Berusaha sendiri,532100000150,2200 VA,Kontrak/Sewa,Ubin/Teraso,Kayu,Asbes,Layanan Perpipaan (PDAM),Listrik PLN,Listrik,Sendiri,Leher Angsa,Tangki Septik,Ya,Ya,Tidak,Ya,Ya,Ya,Normal,Tidak Ada Gangguan,Tidak Ada Gangguan,Tidak Ada Gangguan
3201011584000449,3201012010180150,Irfan Hidayat,1971-09-20,55,Laki-laki,Istri,Kawin/Nikah,8856394.0,8856394.0,7,7,Sumatera Utara,Kota Medan,Medan Baru,Petisah Tengah,Jl. Gajah Mada No. 449,PKH & BPNT,Tidak,Tidak,Tidak Sekolah Lagi,SMA/SMK/MA,SMA/SMK/MA,Ya,Perdagangan besar dan eceran,Buruh/Karyawan/Pegawai,532100000150,450 VA,Bebas Sewa,Keramik,Kayu,Genteng,Layanan Perpipaan (PDAM),Listrik PLN,Listrik,Sendiri,Leher Angsa,Tangki Septik,Ya,Ya,Ya,Ya,Ya,Ya,Normal,Tidak Ada Gangguan,Tidak Ada Gangguan,Tidak Ada Gangguan
3201011390000450,3201012010180150,Ahmad Rahmawati,2002-05-28,24,Laki-laki,Anak,Belum Kawin,17016943.0,17016943.0,9,9,Sumatera Utara,Kota Medan,Medan Baru,Petisah Tengah,Jl. Gajah Mada No. 450,PBI APBN + PKH,Ya,Tidak,Tidak Sekolah Lagi,SMA/SMK/MA,SMA/SMK/MA,Tidak,Industri pengolahan,Buruh/Karyawan/Pegawai,532100000150,1300 VA,Kontrak/Sewa,Ubin/Teraso,Kayu,Genteng,Layanan Perpipaan (PDAM),Listrik PLN,LPG 3 kg,Sendiri,Leher Angsa,Tangki Septik,Ya,Ya,Ya,Ya,Ya,Ya,Normal,Tidak Ada Gangguan,Tidak Ada Gangguan,Tidak Ada Gangguan
3201011879000451,3201012010180151,Irfan Kusuma,1960-07-02,66,Laki-laki,Kepala Keluarga,Kawin/Nikah,6486605.0,6486605.0,9,9,Bali,Kota Denpasar,Denpasar Selatan,Sidakarya,Jl. Raya Puputan No. 451,Bukan Penerima Bantuan,Tidak,Tidak,Tidak Sekolah Lagi,Sarjana (S1),Sarjana (S1),Ya,Jasa keuangan & asuransi,Buruh/Karyawan/Pegawai,532100000151,2200 VA,Milik Sendiri,Semen,Kayu,Genteng,Sumur Bor/Pompa,Listrik PLN,Listrik,Sendiri,Leher Angsa,Tangki Septik,Ya,Ya,Tidak,Ya,Ya,Tidak,Normal,Tidak Ada Gangguan,Tidak Ada Gangguan,Tidak Ada Gangguan
3201012883000452,3201012010180151,Wawan Wijaya,1971-07-11,55,Laki-laki,Istri,Kawin/Nikah,2742404.0,2742404.0,3,3,Bali,Kota Denpasar,Denpasar Selatan,Sidakarya,Jl. Raya Puputan No. 452,Bukan Penerima Bantuan,Tidak,Tidak,Tidak Sekolah Lagi,SMA/SMK/MA,SMA/SMK/MA,Ya,Administrasi pemerintahan,Pekerja bebas,532100000151,2200 VA,Bebas Sewa,Ubin/Teraso,Tembok,Seng,Air Kemasan/Isi Ulang,Listrik PLN,LPG 3 kg,Sendiri,Leher Angsa,Tangki Septik,Ya,Tidak,Tidak,Ya,Ya,Ya,Normal,Tidak Ada Gangguan,Tidak Ada Gangguan,Tidak Ada Gangguan
3201012874000453,3201012010180151,Budi Umar,1996-07-01,30,Laki-laki,Anak,Belum Kawin,4051490.0,4051490.0,4,4,Bali,Kota Denpasar,Denpasar Selatan,Sidakarya,Jl. Raya Puputan No. 453,PKH & BPNT,Tidak,Tidak,Tidak Sekolah Lagi,Diploma (D1-D4),Diploma (D1-D4),Ya,"Pertanian, kehutanan, dan perikanan",Pekerja bebas,532100000151,2200 VA,Kontrak/Sewa,Semen,Tembok,Seng,Air Kemasan/Isi Ulang,Listrik PLN,LPG 3 kg,Sendiri,Leher Angsa,Tangki Septik,Ya,Ya,Tidak,Ya,Ya,Ya,Normal,Tidak Ada Gangguan,Tidak Ada Gangguan,Tidak Ada Gangguan
3201012897000454,3201012010180152,Dewi Pratama,1989-10-04,37,Perempuan,Kepala Keluarga,Kawin/Nikah,3397450.0,3397450.0,2,2,DKI Jakarta,Jakarta Selatan,Cilandak,Cilandak Barat,Jl. Mawar No. 454,PBI APBN (Kemenkes),Ya,Tidak,Tidak Sekolah Lagi,Magister (S2),Magister (S2),Ya,Jasa keuangan & asuransi,Buruh/Karyawan/Pegawai,532100000152,2200 VA,Milik Sendiri,Ubin/Teraso,Tembok,Seng,Air Kemasan/Isi Ulang,Listrik PLN,LPG 5.5 kg / 12 kg,Sendiri,Leher Angsa,Tangki Septik,Ya,Ya,Tidak,Ya,Ya,Tidak,Normal,Tidak Ada Gangguan,Tidak Ada Gangguan,Tidak Ada Gangguan
3201012382000455,3201012010180152,Cut Suryani,1970-03-10,56,Perempuan,Istri,Kawin/Nikah,5463825.0,5463825.0,6,6,DKI Jakarta,Jakarta Selatan,Cilandak,Cilandak Barat,Jl. Mawar No. 455,PBI APBN + PKH,Ya,Tidak,Tidak Sekolah Lagi,SMA/SMK/MA,SMA/SMK/MA,Ya,"Pertanian, kehutanan, dan perikanan",Pekerja bebas,532100000152,1300 VA,Milik Sendiri,Keramik,Tembok,Asbes,Air Kemasan/Isi Ulang,Listrik PLN,Listrik,Sendiri,Leher Angsa,Tangki Septik,Ya,Ya,Tidak,Ya,Ya,Tidak,Normal,Tidak Ada Gangguan,Tidak Ada Gangguan,Tidak Ada Gangguan
3201012173000456,3201012010180152,Rahmat Santoso,1980-03-08,46,Laki-laki,Anak,Belum Kawin,6261832.0,6261832.0,8,8,DKI Jakarta,Jakarta Selatan,Cilandak,Cilandak Barat,Jl. Mawar No. 456,PBI APBD (Pemda),Tidak,Ya,Tidak Sekolah Lagi,SMA/SMK/MA,SMA/SMK/MA,Tidak,Konstruksi,Pekerja bebas,532100000152,1300 VA,Kontrak/Sewa,Semen,Kayu,Seng,Sumur Bor/Pompa,Listrik PLN,LPG 5.5 kg / 12 kg,Sendiri,Leher Angsa,Tangki Septik,Ya,Ya,Tidak,Ya,Ya,Ya,Normal,Tidak Ada Gangguan,Tidak Ada Gangguan,Tidak Ada Gangguan
3201011691000457,3201012010180153,Hendra Wijaya,1966-10-26,60,Laki-laki,Kepala Keluarga,Kawin/Nikah,3753441.0,3753441.0,8,8,Jawa Barat,Kota Bogor,Bogor Tengah,Paledang,Jl. Pajajaran No. 457,PBI APBN + PKH,Ya,Tidak,Tidak Sekolah Lagi,Magister (S2),Magister (S2),Ya,Industri pengolahan,Pekerja bebas,532100000153,1300 VA,Kontrak/Sewa,Semen,Tembok,Asbes,Layanan Perpipaan (PDAM),Listrik PLN,LPG 5.5 kg / 12 kg,Sendiri,Leher Angsa,Tangki Septik,Ya,Tidak,Tidak,Ya,Ya,Ya,Normal,Tidak Ada Gangguan,Tidak Ada Gangguan,Tidak Ada Gangguan
3201011284000458,3201012010180153,Anisa Rahmawati,1992-05-19,34,Perempuan,Istri,Kawin/Nikah,13454915.0,13454915.0,1,1,Jawa Barat,Kota Bogor,Bogor Tengah,Paledang,Jl. Pajajaran No. 458,PBI APBN (Kemenkes),Ya,Tidak,Tidak Sekolah Lagi,Diploma (D1-D4),Diploma (D1-D4),Ya,Jasa keuangan & asuransi,Berusaha sendiri,532100000153,900 VA,Kontrak/Sewa,Keramik,Tembok,Genteng,Sumur Bor/Pompa,Listrik PLN,LPG 5.5 kg / 12 kg,Sendiri,Leher Angsa,Tangki Septik,Ya,Ya,Ya,Ya,Ya,Ya,Normal,Tidak Ada Gangguan,Tidak Ada Gangguan,Tidak Ada Gangguan
3201011370000459,3201012010180153,Cut Santoso,2005-06-07,21,Perempuan,Anak,Belum Kawin,4290069.0,4290069.0,9,9,Jawa Barat,Kota Bogor,Bogor Tengah,Paledang,Jl. Pajajaran No. 459,PBI APBN (Kemenkes),Ya,Tidak,Masih Sekolah,SMA/SMK/MA,SMA/SMK/MA,Tidak,"Pertanian, kehutanan, dan perikanan",Pekerja bebas,532100000153,900 VA,Milik Sendiri,Semen,Kayu,Asbes,Sumur Bor/Pompa,Listrik PLN,Listrik,Sendiri,Leher Angsa,Tangki Septik,Ya,Tidak,Tidak,Ya,Ya,Ya,Normal,Tidak Ada Gangguan,Tidak Ada Gangguan,Tidak Ada Gangguan
3201012391000460,3201012010180154,Irfan Putri,1980-04-07,46,Laki-laki,Kepala Keluarga,Kawin/Nikah,2252072.0,2252072.0,5,5,Jawa Barat,Kota Bandung,Coblong,Dago,Jl. Ganesha No. 460,PBI APBN + PKH,Ya,Tidak,Tidak Sekolah Lagi,SMA/SMK/MA,SMA/SMK/MA,Ya,Perdagangan besar dan eceran,Berusaha sendiri,532100000154,900 VA,Bebas Sewa,Ubin/Teraso,Kayu,Genteng,Sumur Bor/Pompa,Listrik PLN,LPG 3 kg,Sendiri,Leher Angsa,Tangki Septik,Ya,Tidak,Tidak,Ya,Ya,Ya,Normal,Tidak Ada Gangguan,Tidak Ada Gangguan,Tidak Ada Gangguan
3201012870000461,3201012010180154,Ahmad Nurbaya,1968-07-02,58,Laki-laki,Istri,Kawin/Nikah,2759380.0,2759380.0,2,2,Jawa Barat,Kota Bandung,Coblong,Dago,Jl. Ganesha No. 461,PBI APBN + PKH,Ya,Tidak,Tidak Sekolah Lagi,SMA/SMK/MA,SMA/SMK/MA,Ya,Industri pengolahan,Pekerja bebas,532100000154,1300 VA,Kontrak/Sewa,Ubin/Teraso,Kayu,Seng,Air Kemasan/Isi Ulang,Listrik PLN,Listrik,Sendiri,Leher Angsa,Tangki Septik,Ya,Ya,Tidak,Ya,Ya,Ya,Normal,Tidak Ada Gangguan,Tidak Ada Gangguan,Tidak Ada Gangguan
3201011182000462,3201012010180154,Dedi Suryani,1991-11-04,35,Laki-laki,Anak,Belum Kawin,4395991.0,4395991.0,1,1,Jawa Barat,Kota Bandung,Coblong,Dago,Jl. Ganesha No. 462,PBI APBN (Kemenkes),Ya,Tidak,Tidak Sekolah Lagi,Diploma (D1-D4),Diploma (D1-D4),Tidak,Jasa keuangan & asuransi,Pekerja bebas,532100000154,2200 VA,Milik Sendiri,Keramik,Tembok,Genteng,Sumur Bor/Pompa,Listrik PLN,LPG 5.5 kg / 12 kg,Sendiri,Leher Angsa,Tangki Septik,Ya,Ya,Tidak,Ya,Ya,Ya,Normal,Tidak Ada Gangguan,Tidak Ada Gangguan,Tidak Ada Gangguan
3201011099000463,3201012010180155,Siti Setiawan,1962-02-02,64,Perempuan,Kepala Keluarga,Kawin/Nikah,13262611.0,13262611.0,5,5,Jawa Tengah,Kota Semarang,Semarang Selatan,Randusari,Jl. Pandanaran No. 463,PBI APBD (Pemda),Tidak,Ya,Tidak Sekolah Lagi,Diploma (D1-D4),Diploma (D1-D4),Ya,Konstruksi,Berusaha sendiri,532100000155,450 VA,Milik Sendiri,Ubin/Teraso,Tembok,Asbes,Layanan Perpipaan (PDAM),Listrik PLN,Listrik,Sendiri,Leher Angsa,Tangki Septik,Ya,Ya,Ya,Ya,Ya,Tidak,Normal,Tidak Ada Gangguan,Tidak Ada Gangguan,Tidak Ada Gangguan
3201012677000464,3201012010180155,Eko Lestari,2002-08-09,24,Laki-laki,Istri,Belum Kawin,2537548.0,2537548.0,5,5,Jawa Tengah,Kota Semarang,Semarang Selatan,Randusari,Jl. Pandanaran No. 464,PKH & BPNT,Tidak,Tidak,Tidak Sekolah Lagi,SMA/SMK/MA,SMA/SMK/MA,Ya,Jasa keuangan & asuransi,Pekerja bebas,532100000155,900 VA,Bebas Sewa,Semen,Tembok,Asbes,Air Kemasan/Isi Ulang,Listrik PLN,LPG 3 kg,Sendiri,Leher Angsa,Tangki Septik,Ya,Ya,Tidak,Ya,Ya,Tidak,Normal,Tidak Ada Gangguan,Tidak Ada Gangguan,Tidak Ada Gangguan
3201011091000465,3201012010180155,Rahmat Suryani,1984-04-16,42,Laki-laki,Anak,Belum Kawin,6950379.0,6950379.0,5,5,Jawa Tengah,Kota Semarang,Semarang Selatan,Randusari,Jl. Pandanaran No. 465,PBI APBN + PKH,Ya,Tidak,Tidak Sekolah Lagi,Diploma (D1-D4),Diploma (D1-D4),Ya,Perdagangan besar dan eceran,Buruh/Karyawan/Pegawai,532100000155,900 VA,Kontrak/Sewa,Ubin/Teraso,Kayu,Asbes,Sumur Bor/Pompa,Listrik PLN,LPG 3 kg,Sendiri,Leher Angsa,Tangki Septik,Ya,Ya,Tidak,Ya,Ya,Tidak,Normal,Tidak Ada Gangguan,Tidak Ada Gangguan,Tidak Ada Gangguan
3201011883000466,3201012010180156,Anisa Nurbaya,1996-11-04,30,Perempuan,Kepala Keluarga,Kawin/Nikah,2354444.0,2354444.0,4,4,Jawa Timur,Kota Surabaya,Tegalsari,Kedungdoro,Jl. Basuki Rahmat No. 466,PBI APBN (Kemenkes),Ya,Tidak,Tidak Sekolah Lagi,Magister (S2),Magister (S2),Ya,"Pertanian, kehutanan, dan perikanan",Berusaha sendiri,532100000156,450 VA,Kontrak/Sewa,Semen,Kayu,Seng,Layanan Perpipaan (PDAM),Listrik PLN,LPG 3 kg,Sendiri,Leher Angsa,Tangki Septik,Ya,Ya,Tidak,Ya,Ya,Tidak,Normal,Tidak Ada Gangguan,Tidak Ada Gangguan,Tidak Ada Gangguan
3201012376000467,3201012010180156,Wawan Wijaya,1992-07-17,34,Laki-laki,Istri,Kawin/Nikah,8902233.0,8902233.0,2,2,Jawa Timur,Kota Surabaya,Tegalsari,Kedungdoro,Jl. Basuki Rahmat No. 467,PBI APBN (Kemenkes),Ya,Tidak,Tidak Sekolah Lagi,Magister (S2),Magister (S2),Ya,Administrasi pemerintahan,Berusaha sendiri,532100000156,900 VA,Kontrak/Sewa,Keramik,Kayu,Genteng,Sumur Bor/Pompa,Listrik PLN,LPG 5.5 kg / 12 kg,Sendiri,Leher Angsa,Tangki Septik,Ya,Ya,Ya,Ya,Ya,Ya,Normal,Tidak Ada Gangguan,Tidak Ada Gangguan,Tidak Ada Gangguan
3201012373000468,3201012010180156,Siti Kusuma,1967-04-04,59,Perempuan,Anak,Belum Kawin,2255718.0,2255718.0,9,9,Jawa Timur,Kota Surabaya,Tegalsari,Kedungdoro,Jl. Basuki Rahmat No. 468,PBI APBN (Kemenkes),Ya,Tidak,Tidak Sekolah Lagi,Sarjana (S1),Sarjana (S1),Tidak,Konstruksi,Pekerja bebas,532100000156,2200 VA,Kontrak/Sewa,Ubin/Teraso,Tembok,Genteng,Sumur Bor/Pompa,Listrik PLN,Listrik,Sendiri,Leher Angsa,Tangki Septik,Ya,Tidak,Tidak,Ya,Ya,Ya,Normal,Tidak Ada Gangguan,Tidak Ada Gangguan,Tidak Ada Gangguan
3201011681000469,3201012010180157,Dedi Nurbaya,1960-02-06,66,Laki-laki,Kepala Keluarga,Kawin/Nikah,9199338.0,9199338.0,4,4,Banten,Kota Tangerang,Tangerang,Sukarasa,Jl. Merdeka No. 469,PBI APBD (Pemda),Tidak,Ya,Tidak Sekolah Lagi,Sarjana (S1),Sarjana (S1),Ya,Administrasi pemerintahan,Buruh/Karyawan/Pegawai,532100000157,900 VA,Milik Sendiri,Ubin/Teraso,Kayu,Genteng,Air Kemasan/Isi Ulang,Listrik PLN,Listrik,Sendiri,Leher Angsa,Tangki Septik,Ya,Ya,Ya,Ya,Ya,Ya,Normal,Tidak Ada Gangguan,Tidak Ada Gangguan,Tidak Ada Gangguan
3201011578000470,3201012010180157,Teuku Sartika,2003-01-20,23,Laki-laki,Istri,Belum Kawin,4093693.0,4093693.0,8,8,Banten,Kota Tangerang,Tangerang,Sukarasa,Jl. Merdeka No. 470,PBI APBN (Kemenkes),Ya,Tidak,Tidak Sekolah Lagi,SMP/MTs,SMP/MTs,Ya,Perdagangan besar dan eceran,Pekerja bebas,532100000157,1300 VA,Milik Sendiri,Semen,Tembok,Genteng,Air Kemasan/Isi Ulang,Listrik PLN,LPG 3 kg,Sendiri,Leher Angsa,Tangki Septik,Ya,Ya,Tidak,Ya,Ya,Ya,Normal,Tidak Ada Gangguan,Tidak Ada Gangguan,Tidak Ada Gangguan
3201012485000471,3201012010180157,Bambang Setiawan,2002-08-09,24,Laki-laki,Anak,Belum Kawin,5313758.0,5313758.0,5,5,Banten,Kota Tangerang,Tangerang,Sukarasa,Jl. Merdeka No. 471,PKH & BPNT,Tidak,Tidak,Tidak Sekolah Lagi,Magister (S2),Magister (S2),Tidak,Administrasi pemerintahan,Pekerja bebas,532100000157,450 VA,Milik Sendiri,Ubin/Teraso,Tembok,Asbes,Air Kemasan/Isi Ulang,Listrik PLN,LPG 5.5 kg / 12 kg,Sendiri,Leher Angsa,Tangki Septik,Ya,Ya,Tidak,Ya,Ya,Ya,Normal,Tidak Ada Gangguan,Tidak Ada Gangguan,Tidak Ada Gangguan
3201012381000472,3201012010180158,Rahmat Umar,1972-07-21,54,Laki-laki,Kepala Keluarga,Kawin/Nikah,18043215.0,18043215.0,9,9,Sumatera Utara,Kota Medan,Medan Baru,Petisah Tengah,Jl. Gajah Mada No. 472,PBI APBD (Pemda),Tidak,Ya,Tidak Sekolah Lagi,Sarjana (S1),Sarjana (S1),Ya,Administrasi pemerintahan,Berusaha sendiri,532100000158,1300 VA,Kontrak/Sewa,Semen,Kayu,Seng,Layanan Perpipaan (PDAM),Listrik PLN,LPG 3 kg,Sendiri,Leher Angsa,Tangki Septik,Ya,Tidak,Ya,Ya,Ya,Ya,Normal,Tidak Ada Gangguan,Tidak Ada Gangguan,Tidak Ada Gangguan
3201012096000473,3201012010180158,Sri Pratama,1987-08-19,39,Perempuan,Istri,Kawin/Nikah,10569918.0,10569918.0,3,3,Sumatera Utara,Kota Medan,Medan Baru,Petisah Tengah,Jl. Gajah Mada No. 473,PBI APBN + PKH,Ya,Tidak,Tidak Sekolah Lagi,Diploma (D1-D4),Diploma (D1-D4),Ya,Konstruksi,Berusaha sendiri,532100000158,900 VA,Kontrak/Sewa,Ubin/Teraso,Kayu,Genteng,Layanan Perpipaan (PDAM),Listrik PLN,LPG 3 kg,Sendiri,Leher Angsa,Tangki Septik,Ya,Ya,Ya,Ya,Ya,Ya,Normal,Tidak Ada Gangguan,Tidak Ada Gangguan,Tidak Ada Gangguan
3201012873000474,3201012010180158,Siti Lestari,1979-01-14,47,Perempuan,Anak,Belum Kawin,5205383.0,5205383.0,3,3,Sumatera Utara,Kota Medan,Medan Baru,Petisah Tengah,Jl. Gajah Mada No. 474,PKH & BPNT,Tidak,Tidak,Tidak Sekolah Lagi,Sarjana (S1),Sarjana (S1),Ya,Konstruksi,Pekerja bebas,532100000158,900 VA,Milik Sendiri,Semen,Kayu,Genteng,Sumur Bor/Pompa,Listrik PLN,LPG 3 kg,Sendiri,Leher Angsa,Tangki Septik,Ya,Ya,Tidak,Ya,Ya,Ya,Normal,Tidak Ada Gangguan,Tidak Ada Gangguan,Tidak Ada Gangguan
3201011977000475,3201012010180159,Siti Lestari,1982-04-26,44,Perempuan,Kepala Keluarga,Kawin/Nikah,2867989.0,2867989.0,5,5,Bali,Kota Denpasar,Denpasar Selatan,Sidakarya,Jl. Raya Puputan No. 475,PKH & BPNT,Tidak,Tidak,Tidak Sekolah Lagi,Sarjana (S1),Sarjana (S1),Ya,"Pertanian, kehutanan, dan perikanan",Pekerja bebas,532100000159,2200 VA,Bebas Sewa,Ubin/Teraso,Tembok,Asbes,Air Kemasan/Isi Ulang,Listrik PLN,LPG 5.5 kg / 12 kg,Sendiri,Leher Angsa,Tangki Septik,Ya,Tidak,Tidak,Ya,Ya,Ya,Normal,Tidak Ada Gangguan,Tidak Ada Gangguan,Tidak Ada Gangguan
3201011979000476,3201012010180159,Teuku Nurbaya,1996-11-15,30,Laki-laki,Istri,Kawin/Nikah,17063294.0,17063294.0,2,2,Bali,Kota Denpasar,Denpasar Selatan,Sidakarya,Jl. Raya Puputan No. 476,PBI APBD (Pemda),Tidak,Ya,Tidak Sekolah Lagi,Magister (S2),Magister (S2),Ya,Administrasi pemerintahan,Berusaha sendiri,532100000159,1300 VA,Kontrak/Sewa,Ubin/Teraso,Kayu,Seng,Layanan Perpipaan (PDAM),Listrik PLN,LPG 5.5 kg / 12 kg,Sendiri,Leher Angsa,Tangki Septik,Ya,Ya,Ya,Ya,Ya,Ya,Normal,Tidak Ada Gangguan,Tidak Ada Gangguan,Tidak Ada Gangguan
3201011094000477,3201012010180159,Irfan Umar,1968-10-10,58,Laki-laki,Anak,Belum Kawin,4317024.0,4317024.0,10,10,Bali,Kota Denpasar,Denpasar Selatan,Sidakarya,Jl. Raya Puputan No. 477,Bukan Penerima Bantuan,Tidak,Tidak,Tidak Sekolah Lagi,Sarjana (S1),Sarjana (S1),Tidak,Industri pengolahan,Buruh/Karyawan/Pegawai,532100000159,2200 VA,Bebas Sewa,Keramik,Kayu,Asbes,Layanan Perpipaan (PDAM),Listrik PLN,LPG 3 kg,Sendiri,Leher Angsa,Tangki Septik,Ya,Tidak,Tidak,Ya,Ya,Ya,Normal,Tidak Ada Gangguan,Tidak Ada Gangguan,Tidak Ada Gangguan
3201011380000478,3201012010180160,Sri Pratama,1978-10-16,48,Perempuan,Kepala Keluarga,Kawin/Nikah,2547401.0,2547401.0,4,4,DKI Jakarta,Jakarta Selatan,Cilandak,Cilandak Barat,Jl. Mawar No. 478,Bukan Penerima Bantuan,Tidak,Tidak,Tidak Sekolah Lagi,Diploma (D1-D4),Diploma (D1-D4),Ya,Konstruksi,Pekerja bebas,532100000160,2200 VA,Milik Sendiri,Keramik,Tembok,Seng,Sumur Bor/Pompa,Listrik PLN,LPG 5.5 kg / 12 kg,Sendiri,Leher Angsa,Tangki Septik,Ya,Ya,Tidak,Ya,Ya,Ya,Normal,Tidak Ada Gangguan,Tidak Ada Gangguan,Tidak Ada Gangguan
3201012589000479,3201012010180160,Rahmat Pratama,1964-01-05,62,Laki-laki,Istri,Kawin/Nikah,3353827.0,3353827.0,4,4,DKI Jakarta,Jakarta Selatan,Cilandak,Cilandak Barat,Jl. Mawar No. 479,PBI APBN (Kemenkes),Ya,Tidak,Tidak Sekolah Lagi,Magister (S2),Magister (S2),Ya,Perdagangan besar dan eceran,Pekerja bebas,532100000160,2200 VA,Kontrak/Sewa,Keramik,Tembok,Seng,Layanan Perpipaan (PDAM),Listrik PLN,LPG 5.5 kg / 12 kg,Sendiri,Leher Angsa,Tangki Septik,Ya,Ya,Tidak,Ya,Ya,Ya,Normal,Tidak Ada Gangguan,Tidak Ada Gangguan,Tidak Ada Gangguan
3201012778000480,3201012010180160,Sri Suryani,2002-10-04,24,Perempuan,Anak,Belum Kawin,3406700.0,3406700.0,4,4,DKI Jakarta,Jakarta Selatan,Cilandak,Cilandak Barat,Jl. Mawar No. 480,PBI APBD (Pemda),Tidak,Ya,Tidak Sekolah Lagi,Diploma (D1-D4),Diploma (D1-D4),Ya,Jasa keuangan & asuransi,Berusaha sendiri,532100000160,450 VA,Bebas Sewa,Ubin/Teraso,Kayu,Asbes,Layanan Perpipaan (PDAM),Listrik PLN,LPG 5.5 kg / 12 kg,Sendiri,Leher Angsa,Tangki Septik,Ya,Ya,Tidak,Ya,Ya,Ya,Normal,Tidak Ada Gangguan,Tidak Ada Gangguan,Tidak Ada Gangguan
3201012483000481,3201012010180161,Irfan Nyak Dien,1961-05-15,65,Laki-laki,Kepala Keluarga,Kawin/Nikah,8466770.0,8466770.0,1,1,Jawa Barat,Kota Bogor,Bogor Tengah,Paledang,Jl. Pajajaran No. 481,Bukan Penerima Bantuan,Tidak,Tidak,Tidak Sekolah Lagi,Magister (S2),Magister (S2),Ya,Perdagangan besar dan eceran,Berusaha sendiri,532100000161,900 VA,Kontrak/Sewa,Semen,Kayu,Seng,Air Kemasan/Isi Ulang,Listrik PLN,LPG 3 kg,Sendiri,Leher Angsa,Tangki Septik,Ya,Ya,Ya,Ya,Ya,Ya,Normal,Tidak Ada Gangguan,Tidak Ada Gangguan,Tidak Ada Gangguan
3201012676000482,3201012010180161,Bambang Wijaya,1992-02-06,34,Laki-laki,Istri,Kawin/Nikah,8151674.0,8151674.0,8,8,Jawa Barat,Kota Bogor,Bogor Tengah,Paledang,Jl. Pajajaran No. 482,PBI APBD (Pemda),Tidak,Ya,Tidak Sekolah Lagi,Sarjana (S1),Sarjana (S1),Ya,Administrasi pemerintahan,Berusaha sendiri,532100000161,2200 VA,Milik Sendiri,Semen,Kayu,Seng,Layanan Perpipaan (PDAM),Listrik PLN,Listrik,Sendiri,Leher Angsa,Tangki Septik,Ya,Ya,Ya,Ya,Ya,Ya,Normal,Tidak Ada Gangguan,Tidak Ada Gangguan,Tidak Ada Gangguan
3201012694000483,3201012010180161,Agus Setiawan,1968-12-11,58,Laki-laki,Anak,Belum Kawin,15403084.0,15403084.0,2,2,Jawa Barat,Kota Bogor,Bogor Tengah,Paledang,Jl. Pajajaran No. 483,PBI APBN (Kemenkes),Ya,Tidak,Tidak Sekolah Lagi,SMA/SMK/MA,SMA/SMK/MA,Ya,"Pertanian, kehutanan, dan perikanan",Buruh/Karyawan/Pegawai,532100000161,450 VA,Bebas Sewa,Keramik,Kayu,Asbes,Layanan Perpipaan (PDAM),Listrik PLN,LPG 5.5 kg / 12 kg,Sendiri,Leher Angsa,Tangki Septik,Ya,Ya,Ya,Ya,Ya,Ya,Normal,Tidak Ada Gangguan,Tidak Ada Gangguan,Tidak Ada Gangguan
3201011773000484,3201012010180162,Anisa Wijaya,1986-02-02,40,Perempuan,Kepala Keluarga,Kawin/Nikah,2841627.0,2841627.0,8,8,Jawa Barat,Kota Bandung,Coblong,Dago,Jl. Ganesha No. 484,PKH & BPNT,Tidak,Tidak,Tidak Sekolah Lagi,SMA/SMK/MA,SMA/SMK/MA,Ya,"Pertanian, kehutanan, dan perikanan",Berusaha sendiri,532100000162,450 VA,Bebas Sewa,Ubin/Teraso,Kayu,Genteng,Sumur Bor/Pompa,Listrik PLN,Listrik,Sendiri,Leher Angsa,Tangki Septik,Ya,Ya,Tidak,Ya,Ya,Tidak,Normal,Tidak Ada Gangguan,Tidak Ada Gangguan,Tidak Ada Gangguan
3201012584000485,3201012010180162,Dedi Kusuma,1972-12-06,54,Laki-laki,Istri,Kawin/Nikah,2655148.0,2655148.0,2,2,Jawa Barat,Kota Bandung,Coblong,Dago,Jl. Ganesha No. 485,PBI APBD (Pemda),Tidak,Ya,Tidak Sekolah Lagi,SMA/SMK/MA,SMA/SMK/MA,Ya,"Pertanian, kehutanan, dan perikanan",Buruh/Karyawan/Pegawai,532100000162,1300 VA,Kontrak/Sewa,Semen,Tembok,Seng,Air Kemasan/Isi Ulang,Listrik PLN,Listrik,Sendiri,Leher Angsa,Tangki Septik,Ya,Ya,Tidak,Ya,Ya,Ya,Normal,Tidak Ada Gangguan,Tidak Ada Gangguan,Tidak Ada Gangguan
3201012685000486,3201012010180162,Rahmat Wibowo,1996-08-17,30,Laki-laki,Anak,Belum Kawin,2569209.0,2569209.0,8,8,Jawa Barat,Kota Bandung,Coblong,Dago,Jl. Ganesha No. 486,PBI APBN + PKH,Ya,Tidak,Tidak Sekolah Lagi,Magister (S2),Magister (S2),Ya,Konstruksi,Buruh/Karyawan/Pegawai,532100000162,900 VA,Bebas Sewa,Ubin/Teraso,Tembok,Genteng,Layanan Perpipaan (PDAM),Listrik PLN,LPG 3 kg,Sendiri,Leher Angsa,Tangki Septik,Ya,Tidak,Tidak,Ya,Ya,Ya,Normal,Tidak Ada Gangguan,Tidak Ada Gangguan,Tidak Ada Gangguan
3201011077000487,3201012010180163,Dedi Setiawan,1984-12-12,42,Laki-laki,Kepala Keluarga,Kawin/Nikah,3431062.0,3431062.0,9,9,Jawa Tengah,Kota Semarang,Semarang Selatan,Randusari,Jl. Pandanaran No. 487,Bukan Penerima Bantuan,Tidak,Tidak,Tidak Sekolah Lagi,Sarjana (S1),Sarjana (S1),Ya,Industri pengolahan,Pekerja bebas,532100000163,450 VA,Bebas Sewa,Semen,Tembok,Asbes,Layanan Perpipaan (PDAM),Listrik PLN,LPG 5.5 kg / 12 kg,Sendiri,Leher Angsa,Tangki Septik,Ya,Ya,Tidak,Ya,Ya,Tidak,Normal,Tidak Ada Gangguan,Tidak Ada Gangguan,Tidak Ada Gangguan
3201012378000488,3201012010180163,Rahmat Putri,1963-03-07,63,Laki-laki,Istri,Kawin/Nikah,2773662.0,2773662.0,4,4,Jawa Tengah,Kota Semarang,Semarang Selatan,Randusari,Jl. Pandanaran No. 488,PBI APBN + PKH,Ya,Tidak,Tidak Sekolah Lagi,SMA/SMK/MA,SMA/SMK/MA,Ya,Konstruksi,Pekerja bebas,532100000163,450 VA,Kontrak/Sewa,Keramik,Kayu,Asbes,Sumur Bor/Pompa,Listrik PLN,Listrik,Sendiri,Leher Angsa,Tangki Septik,Ya,Ya,Tidak,Ya,Ya,Ya,Normal,Tidak Ada Gangguan,Tidak Ada Gangguan,Tidak Ada Gangguan
3201012574000489,3201012010180163,Hendra Rahmawati,1966-01-16,60,Laki-laki,Anak,Belum Kawin,14119814.0,14119814.0,5,5,Jawa Tengah,Kota Semarang,Semarang Selatan,Randusari,Jl. Pandanaran No. 489,PBI APBD (Pemda),Tidak,Ya,Tidak Sekolah Lagi,SMA/SMK/MA,SMA/SMK/MA,Ya,Perdagangan besar dan eceran,Buruh/Karyawan/Pegawai,532100000163,2200 VA,Bebas Sewa,Semen,Tembok,Asbes,Layanan Perpipaan (PDAM),Listrik PLN,LPG 3 kg,Sendiri,Leher Angsa,Tangki Septik,Ya,Ya,Ya,Ya,Ya,Ya,Normal,Tidak Ada Gangguan,Tidak Ada Gangguan,Tidak Ada Gangguan
3201011483000490,3201012010180164,Irfan Nyak Dien,1967-08-04,59,Laki-laki,Kepala Keluarga,Kawin/Nikah,8151020.0,8151020.0,7,7,Jawa Timur,Kota Surabaya,Tegalsari,Kedungdoro,Jl. Basuki Rahmat No. 490,PBI APBN (Kemenkes),Ya,Tidak,Tidak Sekolah Lagi,Diploma (D1-D4),Diploma (D1-D4),Ya,"Pertanian, kehutanan, dan perikanan",Buruh/Karyawan/Pegawai,532100000164,450 VA,Milik Sendiri,Ubin/Teraso,Tembok,Genteng,Sumur Bor/Pompa,Listrik PLN,LPG 3 kg,Sendiri,Leher Angsa,Tangki Septik,Ya,Ya,Ya,Ya,Ya,Tidak,Normal,Tidak Ada Gangguan,Tidak Ada Gangguan,Tidak Ada Gangguan
3201011484000491,3201012010180164,Anisa Nurbaya,1962-06-12,64,Perempuan,Istri,Kawin/Nikah,4474072.0,4474072.0,10,10,Jawa Timur,Kota Surabaya,Tegalsari,Kedungdoro,Jl. Basuki Rahmat No. 491,PBI APBN + PKH,Ya,Tidak,Tidak Sekolah Lagi,Magister (S2),Magister (S2),Ya,Administrasi pemerintahan,Buruh/Karyawan/Pegawai,532100000164,450 VA,Milik Sendiri,Ubin/Teraso,Tembok,Seng,Sumur Bor/Pompa,Listrik PLN,Listrik,Sendiri,Leher Angsa,Tangki Septik,Ya,Ya,Tidak,Ya,Ya,Ya,Normal,Tidak Ada Gangguan,Tidak Ada Gangguan,Tidak Ada Gangguan
3201011784000492,3201012010180164,Dedi Hidayat,1995-05-28,31,Laki-laki,Anak,Belum Kawin,9619489.0,9619489.0,6,6,Jawa Timur,Kota Surabaya,Tegalsari,Kedungdoro,Jl. Basuki Rahmat No. 492,Bukan Penerima Bantuan,Tidak,Tidak,Tidak Sekolah Lagi,SMA/SMK/MA,SMA/SMK/MA,Tidak,Industri pengolahan,Pekerja bebas,532100000164,2200 VA,Kontrak/Sewa,Keramik,Tembok,Genteng,Sumur Bor/Pompa,Listrik PLN,LPG 3 kg,Sendiri,Leher Angsa,Tangki Septik,Ya,Ya,Ya,Ya,Ya,Ya,Normal,Tidak Ada Gangguan,Tidak Ada Gangguan,Tidak Ada Gangguan
3201011381000493,3201012010180165,Wawan Rahmawati,1975-12-15,51,Laki-laki,Kepala Keluarga,Kawin/Nikah,2881478.0,2881478.0,1,1,Banten,Kota Tangerang,Tangerang,Sukarasa,Jl. Merdeka No. 493,PBI APBN + PKH,Ya,Tidak,Tidak Sekolah Lagi,SMA/SMK/MA,SMA/SMK/MA,Ya,Jasa keuangan & asuransi,Berusaha sendiri,532100000165,2200 VA,Kontrak/Sewa,Keramik,Tembok,Seng,Sumur Bor/Pompa,Listrik PLN,LPG 5.5 kg / 12 kg,Sendiri,Leher Angsa,Tangki Septik,Ya,Ya,Tidak,Ya,Ya,Ya,Normal,Tidak Ada Gangguan,Tidak Ada Gangguan,Tidak Ada Gangguan
3201012284000494,3201012010180165,Siti Kusuma,1973-07-06,53,Perempuan,Istri,Kawin/Nikah,9666866.0,9666866.0,1,1,Banten,Kota Tangerang,Tangerang,Sukarasa,Jl. Merdeka No. 494,Bukan Penerima Bantuan,Tidak,Tidak,Tidak Sekolah Lagi,Sarjana (S1),Sarjana (S1),Ya,Perdagangan besar dan eceran,Pekerja bebas,532100000165,1300 VA,Kontrak/Sewa,Semen,Tembok,Genteng,Layanan Perpipaan (PDAM),Listrik PLN,Listrik,Sendiri,Leher Angsa,Tangki Septik,Ya,Ya,Ya,Ya,Ya,Ya,Normal,Tidak Ada Gangguan,Tidak Ada Gangguan,Tidak Ada Gangguan
3201012395000495,3201012010180165,Siti Pratama,1995-07-24,31,Perempuan,Anak,Belum Kawin,9088141.0,9088141.0,3,3,Banten,Kota Tangerang,Tangerang,Sukarasa,Jl. Merdeka No. 495,PBI APBN + PKH,Ya,Tidak,Tidak Sekolah Lagi,Magister (S2),Magister (S2),Ya,"Pertanian, kehutanan, dan perikanan",Buruh/Karyawan/Pegawai,532100000165,450 VA,Kontrak/Sewa,Semen,Kayu,Genteng,Air Kemasan/Isi Ulang,Listrik PLN,Listrik,Sendiri,Leher Angsa,Tangki Septik,Ya,Tidak,Ya,Ya,Ya,Ya,Normal,Tidak Ada Gangguan,Tidak Ada Gangguan,Tidak Ada Gangguan
3201011189000496,3201012010180166,Hendra Hidayat,1977-11-09,49,Laki-laki,Kepala Keluarga,Kawin/Nikah,5303508.0,5303508.0,10,10,Sumatera Utara,Kota Medan,Medan Baru,Petisah Tengah,Jl. Gajah Mada No. 496,PKH & BPNT,Tidak,Tidak,Tidak Sekolah Lagi,Sarjana (S1),Sarjana (S1),Ya,"Pertanian, kehutanan, dan perikanan",Berusaha sendiri,532100000166,2200 VA,Milik Sendiri,Ubin/Teraso,Tembok,Seng,Air Kemasan/Isi Ulang,Listrik PLN,LPG 5.5 kg / 12 kg,Sendiri,Leher Angsa,Tangki Septik,Ya,Ya,Tidak,Ya,Ya,Ya,Normal,Tidak Ada Gangguan,Tidak Ada Gangguan,Tidak Ada Gangguan
3201011683000497,3201012010180166,Siti Umar,1977-10-18,49,Perempuan,Istri,Kawin/Nikah,8894674.0,8894674.0,5,5,Sumatera Utara,Kota Medan,Medan Baru,Petisah Tengah,Jl. Gajah Mada No. 497,PKH & BPNT,Tidak,Tidak,Tidak Sekolah Lagi,Magister (S2),Magister (S2),Ya,"Pertanian, kehutanan, dan perikanan",Buruh/Karyawan/Pegawai,532100000166,900 VA,Milik Sendiri,Semen,Tembok,Genteng,Air Kemasan/Isi Ulang,Listrik PLN,Listrik,Sendiri,Leher Angsa,Tangki Septik,Ya,Tidak,Ya,Ya,Ya,Ya,Normal,Tidak Ada Gangguan,Tidak Ada Gangguan,Tidak Ada Gangguan
3201012488000498,3201012010180166,Cut Rahmawati,1995-12-08,31,Perempuan,Anak,Belum Kawin,2263766.0,2263766.0,6,6,Sumatera Utara,Kota Medan,Medan Baru,Petisah Tengah,Jl. Gajah Mada No. 498,Bukan Penerima Bantuan,Tidak,Tidak,Tidak Sekolah Lagi,SMA/SMK/MA,SMA/SMK/MA,Ya,Jasa keuangan & asuransi,Buruh/Karyawan/Pegawai,532100000166,450 VA,Bebas Sewa,Ubin/Teraso,Tembok,Asbes,Air Kemasan/Isi Ulang,Listrik PLN,LPG 3 kg,Sendiri,Leher Angsa,Tangki Septik,Ya,Tidak,Tidak,Ya,Ya,Ya,Normal,Tidak Ada Gangguan,Tidak Ada Gangguan,Tidak Ada Gangguan
3201012372000499,3201012010180167,Irfan Nurbaya,1969-01-11,57,Laki-laki,Kepala Keluarga,Kawin/Nikah,13310064.0,13310064.0,6,6,Bali,Kota Denpasar,Denpasar Selatan,Sidakarya,Jl. Raya Puputan No. 499,PBI APBN + PKH,Ya,Tidak,Tidak Sekolah Lagi,Sarjana (S1),Sarjana (S1),Ya,Konstruksi,Buruh/Karyawan/Pegawai,532100000167,900 VA,Kontrak/Sewa,Keramik,Kayu,Genteng,Sumur Bor/Pompa,Listrik PLN,LPG 3 kg,Sendiri,Leher Angsa,Tangki Septik,Ya,Tidak,Ya,Ya,Ya,Ya,Normal,Tidak Ada Gangguan,Tidak Ada Gangguan,Tidak Ada Gangguan
3201012086000500,3201012010180167,Agus Hidayat,1973-07-27,53,Laki-laki,Istri,Kawin/Nikah,2810990.0,2810990.0,2,2,Bali,Kota Denpasar,Denpasar Selatan,Sidakarya,Jl. Raya Puputan No. 500,PBI APBD (Pemda),Tidak,Ya,Tidak Sekolah Lagi,Magister (S2),Magister (S2),Ya,Konstruksi,Pekerja bebas,532100000167,450 VA,Bebas Sewa,Keramik,Kayu,Asbes,Sumur Bor/Pompa,Listrik PLN,Listrik,Sendiri,Leher Angsa,Tangki Septik,Ya,Ya,Tidak,Ya,Ya,Ya,Normal,Tidak Ada Gangguan,Tidak Ada Gangguan,Tidak Ada Gangguan
