nomor_induk_kependudukan,nomor_kartu_keluarga,nama,tanggal_lahir,usia,jenis_kelamin,status_hubungan_keluarga,status_kawin,gaji_bulanan,gaji,desil_nasional,desil,provinsi,kabupaten_kota,kecamatan,kelurahan_desa,alamat,status_bantuan,pbi_nasional,pbi_pemda,partisipasi_sekolah,jenjang_tertinggi_yang_diduduki,ijazah_tertinggi_yang_dimiliki,status_bekerja,lapangan_usaha_dari_pekerjaan_utama,status_dalam_pekerjaan_utama,id_pelanggan_pln,daya_terpasang,status_kepemilikan_rumah,jenis_lantai_terluas,jenis_dinding_terluas,jenis_atap_terluas,sumber_air_minum_utama,sumber_penerangan_utama,bahan_bakar_utama_memasak,fasilitas_bab,jenis_kloset,pembuangan_akhir_tinja,kepemilikan_aset,aset_bergerak_sepeda_motor,aset_bergerak_mobil,aset_bergerak_tv_datar,aset_bergerak_smartphone,aset_bergerak_lemari_es,kondisi_gizi,penglihatan,pendengaran,berjalan_atau_naik_tangga
3201011370000001,3201012010180001,Hendra Kusuma,1969-03-24,57,Laki-laki,Kepala Keluarga,Kawin/Nikah,2738352.0,2738352.0,4,4,Jawa Barat,Kota Bogor,Bogor Tengah,Paledang,Jl. Pajajaran No. 1,PBI APBD (Pemda),Tidak,Ya,Belum Sekolah,Sarjana (S1),Sarjana (S1),Ya,Industri pengolahan,Pekerja keluarga/tidak dibayar,532100000001,2200 VA,Kontrak/Sewa,Kayu/Papan,Plesteran Anyaman Bambu,Seng,Air Kemasan/Isi Ulang,Listrik PLN Tanpa Meteran,Biogas,Tidak Ada,Cemplung/Cubluk,Kolam/Sawah/Sungai/Danau/Laut,Ya,Ya,Ya,Tidak,Ya,Ya,Kurang Gizi,Tidak Ada Gangguan,Gangguan Ringan,Gangguan Ringan
3201011895000002,3201012010180001,Siti Suryani,1989-02-13,37,Perempuan,Kepala Keluarga,Cerai Hidup,2797129.0,2797129.0,1,1,Jawa Barat,Kota Bogor,Bogor Tengah,Paledang,Jl. Pajajaran No. 2,PBI APBD (Pemda),Tidak,Ya,Tidak Sekolah Lagi,SD/MI,SD/MI,Ya,"Pertanian, kehutanan, dan perikanan",Berusaha dibantu pekerja tidak tetap,532100000001,1300 VA,Dinas,Tanah,Bambu,Genteng Beton/Keramik,Sumur Bor/Pompa,Listrik Non PLN,LPG 5.5 kg / 12 kg,Umum,Leher Angsa,Lubang Tanah,Ya,Ya,Ya,Tidak,Tidak,Tidak,Resiko Stunting,Gangguan Berat,Tidak Ada Gangguan,Tidak Ada Gangguan
3201011195000003,3201012010180001,Cut Wijaya,1972-02-07,54,Perempuan,Anak,Belum Kawin,9049128.0,9049128.0,3,3,Jawa Barat,Kota Bogor,Bogor Tengah,Paledang,Jl. Pajajaran No. 3,PBI APBD (Pemda),Tidak,Ya,Belum Sekolah,Sarjana (S1),Sarjana (S1),Tidak,Transportasi & Pergudangan,Pekerja keluarga/tidak dibayar,532100000001,2200 VA,Bebas Sewa,Ubin/Teraso,Kayu,Beton,Sumur Terlindung,Listrik PLN Dengan Meteran,LPG 3 kg,Sendiri,Plengsengan,Lubang Tanah,Ya,Tidak,Ya,Tidak,Tidak,Tidak,Wasting,Tidak Ada Gangguan,Tuli Total,Tidak Bisa Berjalan
3201011391000004,3201012010180002,Tri Setiawan,2004-11-11,22,Laki-laki,Kepala Keluarga,Cerai Hidup,9006110.0,9006110.0,9,9,Jawa Barat,Kota Bandung,Coblong,Dago,Jl. Ganesha No. 4,PBI APBD (Pemda),Tidak,Ya,Belum Sekolah,SD/MI,SD/MI,Tidak,Industri pengolahan,Berusaha sendiri,532100000002,1300 VA,Kontrak/Sewa,Bambu,Plesteran Anyaman Bambu,Genteng Tanah Liat,Mata Air Terlindung,Listrik Non PLN,Minyak Tanah,Sendiri,Leher Angsa,Kolam/Sawah/Sungai/Danau/Laut,Ya,Tidak,Ya,Ya,Ya,Ya,Normal,Buta Total,Tidak Ada Gangguan,Tidak Bisa Berjalan
3201011474000005,3201012010180002,Nur Sartika,1971-09-28,55,Perempuan,Orang Tua/Mertua,Belum Kawin,6887377.0,6887377.0,7,7,Jawa Barat,Kota Bandung,Coblong,Dago,Jl. Ganesha No. 5,PKH & BPNT,Tidak,Tidak,Tidak Sekolah Lagi,Sarjana (S1),Sarjana (S1),Tidak,"Pertanian, kehutanan, dan perikanan",Berusaha sendiri,532100000002,900 VA,Milik Sendiri,Semen/Bata Merah,Tembok,Beton,Mata Air Terlindung,Listrik PLN Tanpa Meteran,Kayu Bakar,Bersama,Leher Angsa,Tangki Septik,Ya,Ya,Ya,Ya,Ya,Tidak,Normal,Gangguan Ringan,Gangguan Ringan,Tidak Bisa Berjalan
3201012576000006,3201012010180002,Tri Nyak Dien,2001-10-19,25,Laki-laki,Orang Tua/Mertua,Belum Kawin,2491896.0,2491896.0,2,2,Jawa Barat,Kota Bandung,Coblong,Dago,Jl. Ganesha No. 6,PBI APBN + PKH,Ya,Tidak,Tidak Sekolah Lagi,Diploma (D1-D4),Diploma (D1-D4),Tidak,Penyediaan Akomodasi & Makan Minum,Buruh/Karyawan/Pegawai,532100000002,Tanpa PLN,Milik Sendiri,Keramik,Seng,Bambu/Ijuk,Sumur Bor/Pompa,Listrik PLN Dengan Meteran,LPG 5.5 kg / 12 kg,Bersama,Plengsengan,Pantai/Tanah Lapang/Kebun,Ya,Ya,Tidak,Ya,Tidak,Tidak,Resiko Stunting,Tidak Ada Gangguan,Gangguan Ringan,Tidak Bisa Berjalan
3201011371000007,3201012010180003,Tri Santoso,1960-04-06,66,Laki-laki,Orang Tua/Mertua,Cerai Mati,2509481.0,2509481.0,3,3,Jawa Tengah,Kota Semarang,Semarang Selatan,Randusari,Jl. Pandanaran No. 7,PBI APBN + PKH,Ya,Tidak,Masih Sekolah,Diploma (D1-D4),Diploma (D1-D4),Tidak,Penyediaan Akomodasi & Makan Minum,Pekerja bebas,532100000003,2200 VA,Dinas,Ubin/Teraso,Kayu,Seng,Layanan Perpipaan (PDAM),Listrik PLN Dengan Meteran,Kayu Bakar,Sendiri,Cemplung/Cubluk,Tangki Septik,Ya,Ya,Tidak,Ya,Ya,Ya,Resiko Stunting,Tidak Ada Gangguan,Tuli Total,Tidak Ada Gangguan
3201011782000008,3201012010180003,Dewi Kusuma,1992-10-02,34,Perempuan,Kepala Keluarga,Cerai Mati,9585419.0,9585419.0,4,4,Jawa Tengah,Kota Semarang,Semarang Selatan,Randusari,Jl. Pandanaran No. 8,PKH & BPNT,Tidak,Tidak,Masih Sekolah,SMA/SMK/MA,SMA/SMK/MA,Tidak,Jasa keuangan & asuransi,Pekerja bebas,532100000003,2200 VA,Bebas Sewa,Keramik,Tembok,Asbes,Mata Air Terlindung,Listrik PLN Dengan Meteran,LPG 3 kg,Bersama,Cemplung/Cubluk,Lubang Tanah,Ya,Tidak,Ya,Ya,Tidak,Tidak,Resiko Stunting,Buta Total,Tuli Total,Tidak Bisa Berjalan
3201011989000009,3201012010180003,Agus Santoso,1997-09-10,29,Laki-laki,Kepala Keluarga,Belum Kawin,3342071.0,3342071.0,5,5,Jawa Tengah,Kota Semarang,Semarang Selatan,Randusari,Jl. Pandanaran No. 9,PKH & BPNT,Tidak,Tidak,Belum Sekolah,SMP/MTs,SMP/MTs,Tidak,Industri pengolahan,Pekerja bebas,532100000003,3500 VA,Dinas,Semen/Bata Merah,Tembok,Genteng Tanah Liat,Air Hujan,Bukan Listrik,Listrik,Sendiri,Leher Angsa,Kolam/Sawah/Sungai/Danau/Laut,Ya,Ya,Tidak,Ya,Tidak,Tidak,Normal,Tidak Ada Gangguan,Tidak Ada Gangguan,Tidak Bisa Berjalan
3201011487000010,3201012010180004,Siti Hidayat,1992-09-05,34,Perempuan,Orang Tua/Mertua,Belum Kawin,1587721.0,1587721.0,6,6,Jawa Timur,Kota Surabaya,Tegalsari,Kedungdoro,Jl. Basuki Rahmat No. 10,PBI APBD (Pemda),Tidak,Ya,Belum Sekolah,SMP/MTs,SMP/MTs,Ya,Administrasi pemerintahan,Pekerja keluarga/tidak dibayar,532100000004,2200 VA,Kontrak/Sewa,Ubin/Teraso,Kayu,Genteng Beton/Keramik,Sumur Terlindung,Listrik PLN Dengan Meteran,LPG 5.5 kg / 12 kg,Umum,Tidak Ada Kloset,Lubang Tanah,Ya,Tidak,Ya,Ya,Tidak,Ya,Kurang Gizi,Gangguan Ringan,Tidak Ada Gangguan,Gangguan Ringan
3201012179000011,3201012010180004,Rina Kusuma,1956-11-07,70,Perempuan,Orang Tua/Mertua,Cerai Hidup,13445627.0,13445627.0,9,9,Jawa Timur,Kota Surabaya,Tegalsari,Kedungdoro,Jl. Basuki Rahmat No. 11,PKH & BPNT,Tidak,Tidak,Masih Sekolah,SD/MI,SD/MI,Tidak,Jasa keuangan & asuransi,Pekerja keluarga/tidak dibayar,532100000004,1300 VA,Milik Sendiri,Keramik,Plesteran Anyaman Bambu,Asbes,Sumur Bor/Pompa,Listrik Non PLN,Minyak Tanah,Sendiri,Tidak Ada Kloset,Lubang Tanah,Ya,Tidak,Ya,Tidak,Ya,Ya,Wasting,Buta Total,Tidak Ada Gangguan,Tidak Bisa Berjalan
3201012089000012,3201012010180004,Cut Pratama,2001-05-17,25,Perempuan,Anak,Cerai Mati,3943894.0,3943894.0,4,4,Jawa Timur,Kota Surabaya,Tegalsari,Kedungdoro,Jl. Basuki Rahmat No. 12,PBI APBN + PKH,Ya,Tidak,Belum Sekolah,Diploma (D1-D4),Diploma (D1-D4),Ya,Konstruksi,Berusaha dibantu pekerja tidak tetap,532100000004,3500 VA,Milik Sendiri,Semen/Bata Merah,Bambu,Genteng Beton/Keramik,Sumur Terlindung,Listrik Non PLN,Minyak Tanah,Tidak Ada,Tidak Ada Kloset,Lubang Tanah,Ya,Tidak,Ya,Ya,Tidak,Tidak,Normal,Gangguan Ringan,Tuli Total,Gangguan Ringan
3201011795000013,3201012010180005,Rahmat Nyak Dien,1956-01-08,70,Laki-laki,Orang Tua/Mertua,Kawin/Nikah,16525922.0,16525922.0,8,8,Banten,Kota Tangerang,Tangerang,Sukarasa,Jl. Merdeka No. 13,PBI APBN + PKH,Ya,Tidak,Masih Sekolah,SMP/MTs,SMP/MTs,Ya,"Pertanian, kehutanan, dan perikanan",Berusaha dibantu pekerja tidak tetap,532100000005,900 VA,Kontrak/Sewa,Tanah,Plesteran Anyaman Bambu,Asbes,Air Kemasan/Isi Ulang,Listrik PLN Tanpa Meteran,LPG 3 kg,Tidak Ada,Plengsengan,Pantai/Tanah Lapang/Kebun,Ya,Tidak,Tidak,Tidak,Tidak,Ya,Kurang Gizi,Buta Total,Gangguan Ringan,Tidak Ada Gangguan
3201011894000014,3201012010180005,Agus Lestari,1995-04-09,31,Laki-laki,Orang Tua/Mertua,Kawin/Nikah,7479311.0,7479311.0,9,9,Banten,Kota Tangerang,Tangerang,Sukarasa,Jl. Merdeka No. 14,PBI APBN (Kemenkes),Ya,Tidak,Masih Sekolah,SMP/MTs,SMP/MTs,Ya,Transportasi & Pergudangan,Berusaha sendiri,532100000005,Tanpa PLN,Kontrak/Sewa,Keramik,Seng,Asbes,Sumur Bor/Pompa,Bukan Listrik,Minyak Tanah,Sendiri,Plengsengan,Pantai/Tanah Lapang/Kebun,Ya,Tidak,Ya,Tidak,Tidak,Ya,Wasting,Gangguan Berat,Gangguan Ringan,Gangguan Ringan
3201012793000015,3201012010180005,Tri Kusuma,1986-04-09,40,Laki-laki,Orang Tua/Mertua,Cerai Mati,16110918.0,16110918.0,3,3,Banten,Kota Tangerang,Tangerang,Sukarasa,Jl. Merdeka No. 15,PBI APBN + PKH,Ya,Tidak,Masih Sekolah,Sarjana (S1),Sarjana (S1),Ya,Transportasi & Pergudangan,Pekerja keluarga/tidak dibayar,532100000005,3500 VA,Milik Sendiri,Keramik,Seng,Genteng Beton/Keramik,Sumur Terlindung,Listrik PLN Tanpa Meteran,LPG 3 kg,Umum,Tidak Ada Kloset,Kolam/Sawah/Sungai/Danau/Laut,Ya,Ya,Tidak,Tidak,Tidak,Tidak,Wasting,Buta Total,Gangguan Ringan,Tidak Ada Gangguan
3201012570000016,3201012010180006,Tri Rahmawati,1977-04-21,49,Laki-laki,Kepala Keluarga,Kawin/Nikah,1565074.0,1565074.0,10,10,Sumatera Utara,Kota Medan,Medan Baru,Petisah Tengah,Jl. Gajah Mada No. 16,PBI APBD (Pemda),Tidak,Ya,Masih Sekolah,SMP/MTs,SMP/MTs,Tidak,"Pertanian, kehutanan, dan perikanan",Pekerja keluarga/tidak dibayar,532100000006,900 VA,Dinas,Tanah,Bambu,Seng,Layanan Perpipaan (PDAM),Listrik PLN Dengan Meteran,LPG 5.5 kg / 12 kg,Umum,Leher Angsa,Tangki Septik,Ya,Tidak,Tidak,Tidak,Ya,Ya,Resiko Stunting,Tidak Ada Gangguan,Tuli Total,Gangguan Ringan
3201011395000017,3201012010180006,Eko Rahmawati,1977-09-14,49,Laki-laki,Anak,Kawin/Nikah,10606133.0,10606133.0,8,8,Sumatera Utara,Kota Medan,Medan Baru,Petisah Tengah,Jl. Gajah Mada No. 17,PBI APBN (Kemenkes),Ya,Tidak,Tidak Sekolah Lagi,SMA/SMK/MA,SMA/SMK/MA,Tidak,Jasa keuangan & asuransi,Berusaha dibantu pekerja tidak tetap,532100000006,900 VA,Bebas Sewa,Bambu,Plesteran Anyaman Bambu,Asbes,Sumur Terlindung,Bukan Listrik,Biogas,Umum,Cemplung/Cubluk,Lubang Tanah,Ya,Ya,Tidak,Tidak,Ya,Tidak,Kurang Gizi,Gangguan Berat,Tidak Ada Gangguan,Gangguan Ringan
3201012075000018,3201012010180006,Nur Wibowo,1977-05-11,49,Perempuan,Anak,Cerai Hidup,3121288.0,3121288.0,2,2,Sumatera Utara,Kota Medan,Medan Baru,Petisah Tengah,Jl. Gajah Mada No. 18,PBI APBD (Pemda),Tidak,Ya,Belum Sekolah,Diploma (D1-D4),Diploma (D1-D4),Tidak,Industri pengolahan,Berusaha dibantu pekerja tidak tetap,532100000006,Tanpa PLN,Dinas,Kayu/Papan,Tembok,Genteng Tanah Liat,Sumur Bor/Pompa,Listrik PLN Tanpa Meteran,Minyak Tanah,Bersama,Cemplung/Cubluk,Kolam/Sawah/Sungai/Danau/Laut,Ya,Tidak,Tidak,Tidak,Tidak,Tidak,Kurang Gizi,Gangguan Berat,Gangguan Ringan,Gangguan Ringan
3201011773000019,3201012010180007,Rahmat Putri,1962-12-18,64,Laki-laki,Istri,Belum Kawin,9261752.0,9261752.0,2,2,Bali,Kota Denpasar,Denpasar Selatan,Sidakarya,Jl. Raya Puputan No. 19,PBI APBD (Pemda),Tidak,Ya,Tidak Sekolah Lagi,SMP/MTs,SMP/MTs,Tidak,Jasa keuangan & asuransi,Pekerja bebas,532100000007,450 VA,Kontrak/Sewa,Semen/Bata Merah,Tembok,Genteng Tanah Liat,Mata Air Terlindung,Listrik Non PLN,Biogas,Bersama,Tidak Ada Kloset,Tangki Septik,Ya,Ya,Tidak,Tidak,Tidak,Tidak,Wasting,Gangguan Ringan,Tidak Ada Gangguan,Gangguan Ringan
3201012573000020,3201012010180007,Teuku Wijaya,1986-02-19,40,Laki-laki,Kepala Keluarga,Belum Kawin,4280360.0,4280360.0,2,2,Bali,Kota Denpasar,Denpasar Selatan,Sidakarya,Jl. Raya Puputan No. 20,Bukan Penerima Bantuan,Tidak,Tidak,Tidak Sekolah Lagi,Sarjana (S1),Sarjana (S1),Ya,Transportasi & Pergudangan,Berusaha dibantu pekerja tidak tetap,532100000007,2200 VA,Bebas Sewa,Bambu,Seng,Seng,Mata Air Terlindung,Listrik PLN Dengan Meteran,Kayu Bakar,Sendiri,Plengsengan,Lubang Tanah,Ya,Tidak,Ya,Ya,Ya,Ya,Normal,Gangguan Ringan,Tidak Ada Gangguan,Gangguan Ringan
3201012492000021,3201012010180007,Sri Lestari,1973-01-08,53,Perempuan,Anak,Cerai Hidup,7158100.0,7158100.0,10,10,Bali,Kota Denpasar,Denpasar Selatan,Sidakarya,Jl. Raya Puputan No. 21,PBI APBD (Pemda),Tidak,Ya,Tidak Sekolah Lagi,SD/MI,SD/MI,Ya,Jasa keuangan & asuransi,Pekerja bebas,532100000007,900 VA,Milik Sendiri,Keramik,Kayu,Seng,Mata Air Terlindung,Listrik Non PLN,Minyak Tanah,Sendiri,Tidak Ada Kloset,Kolam/Sawah/Sungai/Danau/Laut,Ya,Tidak,Tidak,Tidak,Tidak,Ya,Normal,Buta Total,Tuli Total,Gangguan Ringan
3201011870000022,3201012010180008,Teuku Kusuma,1998-10-19,28,Laki-laki,Kepala Keluarga,Cerai Hidup,14446846.0,14446846.0,5,5,DKI Jakarta,Jakarta Selatan,Cilandak,Cilandak Barat,Jl. Mawar No. 22,PBI APBD (Pemda),Tidak,Ya,Belum Sekolah,Diploma (D1-D4),Diploma (D1-D4),Tidak,"Pertanian, kehutanan, dan perikanan",Berusaha dibantu pekerja tidak tetap,532100000008,1300 VA,Dinas,Semen/Bata Merah,Bambu,Bambu/Ijuk,Air Kemasan/Isi Ulang,Listrik PLN Tanpa Meteran,Listrik,Tidak Ada,Tidak Ada Kloset,Kolam/Sawah/Sungai/Danau/Laut,Ya,Tidak,Ya,Tidak,Ya,Tidak,Wasting,Gangguan Berat,Tidak Ada Gangguan,Gangguan Ringan
3201012696000023,3201012010180008,Budi Suryani,1981-01-07,45,Laki-laki,Anak,Cerai Mati,5632950.0,5632950.0,9,9,DKI Jakarta,Jakarta Selatan,Cilandak,Cilandak Barat,Jl. Mawar No. 23,PBI APBD (Pemda),Tidak,Ya,Tidak Sekolah Lagi,Diploma (D1-D4),Diploma (D1-D4),Tidak,"Pertanian, kehutanan, dan perikanan",Buruh/Karyawan/Pegawai,532100000008,Tanpa PLN,Kontrak/Sewa,Tanah,Kayu,Seng,Mata Air Terlindung,Listrik PLN Dengan Meteran,Kayu Bakar,Tidak Ada,Leher Angsa,Lubang Tanah,Ya,Ya,Tidak,Ya,Ya,Tidak,Wasting,Gangguan Berat,Gangguan Ringan,Gangguan Ringan
3201012577000024,3201012010180008,Ahmad Nyak Dien,1979-04-20,47,Laki-laki,Istri,Kawin/Nikah,8680789.0,8680789.0,1,1,DKI Jakarta,Jakarta Selatan,Cilandak,Cilandak Barat,Jl. Mawar No. 24,PKH & BPNT,Tidak,Tidak,Belum Sekolah,SMA/SMK/MA,SMA/SMK/MA,Tidak,Jasa keuangan & asuransi,Berusaha dibantu pekerja tidak tetap,532100000008,3500 VA,Dinas,Semen/Bata Merah,Bambu,Beton,Mata Air Terlindung,Bukan Listrik,Minyak Tanah,Umum,Plengsengan,Lubang Tanah,Ya,Tidak,Ya,Tidak,Ya,Tidak,Kurang Gizi,Buta Total,Gangguan Ringan,Tidak Bisa Berjalan
3201011485000025,3201012010180009,Siti Nyak Dien,1987-10-11,39,Perempuan,Kepala Keluarga,Cerai Mati,4202999.0,4202999.0,7,7,Jawa Barat,Kota Bogor,Bogor Tengah,Paledang,Jl. Pajajaran No. 25,PBI APBD (Pemda),Tidak,Ya,Masih Sekolah,Diploma (D1-D4),Diploma (D1-D4),Tidak,Administrasi pemerintahan,Pekerja keluarga/tidak dibayar,532100000009,Tanpa PLN,Dinas,Tanah,Tembok,Seng,Air Hujan,Bukan Listrik,Listrik,Tidak Ada,Leher Angsa,Tangki Septik,Ya,Ya,Tidak,Ya,Ya,Tidak,Normal,Tidak Ada Gangguan,Gangguan Ringan,Tidak Ada Gangguan
3201011998000026,3201012010180009,Budi Rahmawati,1975-01-10,51,Laki-laki,Anak,Cerai Hidup,14955746.0,14955746.0,10,10,Jawa Barat,Kota Bogor,Bogor Tengah,Paledang,Jl. Pajajaran No. 26,PBI APBD (Pemda),Tidak,Ya,Masih Sekolah,SMP/MTs,SMP/MTs,Ya,Transportasi & Pergudangan,Pekerja keluarga/tidak dibayar,532100000009,Tanpa PLN,Kontrak/Sewa,Kayu/Papan,Plesteran Anyaman Bambu,Genteng Beton/Keramik,Layanan Perpipaan (PDAM),Bukan Listrik,Biogas,Umum,Tidak Ada Kloset,Kolam/Sawah/Sungai/Danau/Laut,Ya,Ya,Tidak,Tidak,Ya,Ya,Kurang Gizi,Gangguan Berat,Tuli Total,Gangguan Ringan
3201012392000027,3201012010180009,Hendra Suryani,1974-04-13,52,Laki-laki,Orang Tua/Mertua,Kawin/Nikah,8211167.0,8211167.0,5,5,Jawa Barat,Kota Bogor,Bogor Tengah,Paledang,Jl. Pajajaran No. 27,PBI APBN (Kemenkes),Ya,Tidak,Belum Sekolah,Diploma (D1-D4),Diploma (D1-D4),Tidak,Perdagangan besar dan eceran,Pekerja keluarga/tidak dibayar,532100000009,Tanpa PLN,Milik Sendiri,Bambu,Seng,Seng,Layanan Perpipaan (PDAM),Listrik Non PLN,LPG 5.5 kg / 12 kg,Bersama,Cemplung/Cubluk,Lubang Tanah,Ya,Ya,Ya,Tidak,Tidak,Ya,Wasting,Gangguan Ringan,Tidak Ada Gangguan,Gangguan Ringan
3201012093000028,3201012010180010,Irfan Sartika,1967-03-26,59,Laki-laki,Anak,Cerai Hidup,9242032.0,9242032.0,6,6,Jawa Barat,Kota Bandung,Coblong,Dago,Jl. Ganesha No. 28,PBI APBN (Kemenkes),Ya,Tidak,Tidak Sekolah Lagi,SD/MI,SD/MI,Ya,Industri pengolahan,Berusaha dibantu pekerja tidak tetap,532100000010,3500 VA,Bebas Sewa,Keramik,Seng,Genteng Tanah Liat,Sumur Bor/Pompa,Listrik PLN Dengan Meteran,Minyak Tanah,Umum,Cemplung/Cubluk,Pantai/Tanah Lapang/Kebun,Ya,Tidak,Ya,Ya,Tidak,Ya,Wasting,Gangguan Ringan,Tuli Total,Tidak Ada Gangguan
3201012499000029,3201012010180010,Dedi Kurniawan,1962-03-02,64,Laki-laki,Kepala Keluarga,Cerai Hidup,3343522.0,3343522.0,7,7,Jawa Barat,Kota Bandung,Coblong,Dago,Jl. Ganesha No. 29,PBI APBN + PKH,Ya,Tidak,Tidak Sekolah Lagi,Magister (S2),Magister (S2),Tidak,Jasa keuangan & asuransi,Berusaha dibantu pekerja tidak tetap,532100000010,Tanpa PLN,Milik Sendiri,Kayu/Papan,Plesteran Anyaman Bambu,Asbes,Sumur Bor/Pompa,Listrik PLN Dengan Meteran,Biogas,Umum,Plengsengan,Pantai/Tanah Lapang/Kebun,Ya,Tidak,Ya,Tidak,Ya,Tidak,Wasting,Tidak Ada Gangguan,Gangguan Ringan,Gangguan Ringan
3201011673000030,3201012010180010,Ahmad Umar,1997-04-21,29,Laki-laki,Kepala Keluarga,Kawin/Nikah,3610800.0,3610800.0,2,2,Jawa Barat,Kota Bandung,Coblong,Dago,Jl. Ganesha No. 30,Bukan Penerima Bantuan,Tidak,Tidak,Masih Sekolah,Sarjana (S1),Sarjana (S1),Ya,Industri pengolahan,Pekerja bebas,532100000010,900 VA,Milik Sendiri,Semen/Bata Merah,Kayu,Genteng Beton/Keramik,Mata Air Terlindung,Listrik Non PLN,LPG 5.5 kg / 12 kg,Sendiri,Leher Angsa,Lubang Tanah,Ya,Ya,Tidak,Ya,Tidak,Ya,Resiko Stunting,Gangguan Berat,Tidak Ada Gangguan,Tidak Ada Gangguan
3201012386000031,3201012010180011,Dewi Umar,1985-08-25,41,Perempuan,Anak,Kawin/Nikah,2447924.0,2447924.0,9,9,Jawa Tengah,Kota Semarang,Semarang Selatan,Randusari,Jl. Pandanaran No. 31,PKH & BPNT,Tidak,Tidak,Tidak Sekolah Lagi,Magister (S2),Magister (S2),Ya,Perdagangan besar dan eceran,Berusaha dibantu pekerja tidak tetap,532100000011,2200 VA,Dinas,Tanah,Tembok,Asbes,Air Hujan,Bukan Listrik,LPG 3 kg,Sendiri,Cemplung/Cubluk,Lubang Tanah,Ya,Ya,Ya,Tidak,Tidak,Tidak,Wasting,Buta Total,Tuli Total,Tidak Bisa Berjalan
3201012373000032,3201012010180011,Dewi Wibowo,1982-08-08,44,Perempuan,Orang Tua/Mertua,Cerai Hidup,2451056.0,2451056.0,6,6,Jawa Tengah,Kota Semarang,Semarang Selatan,Randusari,Jl. Pandanaran No. 32,PBI APBN + PKH,Ya,Tidak,Tidak Sekolah Lagi,Magister (S2),Magister (S2),Tidak,Administrasi pemerintahan,Berusaha sendiri,532100000011,Tanpa PLN,Dinas,Keramik,Tembok,Genteng Tanah Liat,Air Kemasan/Isi Ulang,Bukan Listrik,LPG 3 kg,Umum,Plengsengan,Tangki Septik,Ya,Tidak,Ya,Tidak,Tidak,Tidak,Normal,Gangguan Berat,Tuli Total,Gangguan Ringan
3201012173000033,3201012010180011,Eko Wibowo,1964-11-16,62,Laki-laki,Istri,Kawin/Nikah,8283325.0,8283325.0,10,10,Jawa Tengah,Kota Semarang,Semarang Selatan,Randusari,Jl. Pandanaran No. 33,PBI APBD (Pemda),Tidak,Ya,Tidak Sekolah Lagi,Sarjana (S1),Sarjana (S1),Ya,Konstruksi,Buruh/Karyawan/Pegawai,532100000011,900 VA,Bebas Sewa,Tanah,Bambu,Seng,Sumur Bor/Pompa,Listrik PLN Dengan Meteran,LPG 5.5 kg / 12 kg,Bersama,Tidak Ada Kloset,Tangki Septik,Ya,Ya,Ya,Ya,Ya,Tidak,Kurang Gizi,Buta Total,Gangguan Ringan,Tidak Ada Gangguan
3201012179000034,3201012010180012,Cut Umar,1958-03-06,68,Perempuan,Kepala Keluarga,Kawin/Nikah,14574025.0,14574025.0,7,7,Jawa Timur,Kota Surabaya,Tegalsari,Kedungdoro,Jl. Basuki Rahmat No. 34,PKH & BPNT,Tidak,Tidak,Masih Sekolah,Sarjana (S1),Sarjana (S1),Ya,Administrasi pemerintahan,Berusaha dibantu pekerja tidak tetap,532100000012,450 VA,Bebas Sewa,Tanah,Plesteran Anyaman Bambu,Asbes,Mata Air Terlindung,Listrik Non PLN,LPG 3 kg,Bersama,Tidak Ada Kloset,Tangki Septik,Ya,Ya,Ya,Tidak,Ya,Ya,Wasting,Gangguan Berat,Gangguan Ringan,Tidak Ada Gangguan
3201011085000035,3201012010180012,Irfan Sartika,1963-07-18,63,Laki-laki,Istri,Cerai Hidup,1651153.0,1651153.0,8,8,Jawa Timur,Kota Surabaya,Tegalsari,Kedungdoro,Jl. Basuki Rahmat No. 35,PBI APBN (Kemenkes),Ya,Tidak,Tidak Sekolah Lagi,Sarjana (S1),Sarjana (S1),Tidak,Transportasi & Pergudangan,Berusaha dibantu pekerja tidak tetap,532100000012,1300 VA,Milik Sendiri,Kayu/Papan,Tembok,Seng,Layanan Perpipaan (PDAM),Bukan Listrik,Biogas,Umum,Leher Angsa,Pantai/Tanah Lapang/Kebun,Ya,Ya,Ya,Tidak,Tidak,Ya,Kurang Gizi,Gangguan Berat,Tuli Total,Gangguan Ringan
3201011780000036,3201012010180012,Anisa Umar,1987-11-04,39,Perempuan,Istri,Cerai Hidup,2236309.0,2236309.0,3,3,Jawa Timur,Kota Surabaya,Tegalsari,Kedungdoro,Jl. Basuki Rahmat No. 36,PKH & BPNT,Tidak,Tidak,Masih Sekolah,SMP/MTs,SMP/MTs,Ya,"Pertanian, kehutanan, dan perikanan",Berusaha sendiri,532100000012,Tanpa PLN,Dinas,Kayu/Papan,Plesteran Anyaman Bambu,Beton,Sumur Terlindung,Listrik Non PLN,Biogas,Umum,Plengsengan,Pantai/Tanah Lapang/Kebun,Ya,Ya,Tidak,Tidak,Tidak,Tidak,Normal,Gangguan Berat,Tuli Total,Tidak Ada Gangguan
3201011984000037,3201012010180013,Ahmad Rahmawati,1958-06-27,68,Laki-laki,Anak,Kawin/Nikah,13725272.0,13725272.0,10,10,Banten,Kota Tangerang,Tangerang,Sukarasa,Jl. Merdeka No. 37,Bukan Penerima Bantuan,Tidak,Tidak,Belum Sekolah,SD/MI,SD/MI,Tidak,Industri pengolahan,Pekerja bebas,532100000013,3500 VA,Dinas,Bambu,Kayu,Genteng Tanah Liat,Sumur Terlindung,Listrik PLN Dengan Meteran,Listrik,Sendiri,Plengsengan,Tangki Septik,Ya,Ya,Tidak,Tidak,Ya,Tidak,Wasting,Gangguan Berat,Gangguan Ringan,Gangguan Ringan
3201012091000038,3201012010180013,Sri Rahmawati,2005-11-21,21,Perempuan,Anak,Kawin/Nikah,8442735.0,8442735.0,10,10,Banten,Kota Tangerang,Tangerang,Sukarasa,Jl. Merdeka No. 38,PBI APBD (Pemda),Tidak,Ya,Tidak Sekolah Lagi,SD/MI,SD/MI,Ya,Administrasi pemerintahan,Pekerja bebas,532100000013,Tanpa PLN,Dinas,Ubin/Teraso,Plesteran Anyaman Bambu,Bambu/Ijuk,Air Kemasan/Isi Ulang,Listrik Non PLN,Kayu Bakar,Tidak Ada,Cemplung/Cubluk,Lubang Tanah,Ya,Ya,Tidak,Tidak,Ya,Tidak,Wasting,Gangguan Ringan,Tidak Ada Gangguan,Gangguan Ringan
3201012576000039,3201012010180013,Rina Nyak Dien,1964-02-10,62,Perempuan,Kepala Keluarga,Kawin/Nikah,15510066.0,15510066.0,3,3,Banten,Kota Tangerang,Tangerang,Sukarasa,Jl. Merdeka No. 39,PBI APBD (Pemda),Tidak,Ya,Masih Sekolah,Magister (S2),Magister (S2),Ya,Penyediaan Akomodasi & Makan Minum,Buruh/Karyawan/Pegawai,532100000013,2200 VA,Bebas Sewa,Tanah,Kayu,Asbes,Mata Air Terlindung,Listrik Non PLN,Biogas,Tidak Ada,Plengsengan,Lubang Tanah,Ya,Tidak,Tidak,Ya,Tidak,Tidak,Kurang Gizi,Gangguan Berat,Gangguan Ringan,Tidak Bisa Berjalan
3201012683000040,3201012010180014,Anisa Wibowo,2006-10-05,20,Perempuan,Anak,Kawin/Nikah,2507871.0,2507871.0,5,5,Sumatera Utara,Kota Medan,Medan Baru,Petisah Tengah,Jl. Gajah Mada No. 40,PBI APBN (Kemenkes),Ya,Tidak,Masih Sekolah,SMA/SMK/MA,SMA/SMK/MA,Tidak,Jasa keuangan & asuransi,Berusaha dibantu pekerja tidak tetap,532100000014,450 VA,Kontrak/Sewa,Kayu/Papan,Bambu,Genteng Tanah Liat,Sumur Terlindung,Listrik PLN Dengan Meteran,Minyak Tanah,Umum,Plengsengan,Pantai/Tanah Lapang/Kebun,Ya,Ya,Tidak,Ya,Ya,Tidak,Normal,Gangguan Berat,Tidak Ada Gangguan,Tidak Ada Gangguan
3201011179000041,3201012010180014,Nur Nyak Dien,2003-12-16,23,Perempuan,Orang Tua/Mertua,Kawin/Nikah,3139854.0,3139854.0,9,9,Sumatera Utara,Kota Medan,Medan Baru,Petisah Tengah,Jl. Gajah Mada No. 41,Bukan Penerima Bantuan,Tidak,Tidak,Belum Sekolah,Diploma (D1-D4),Diploma (D1-D4),Ya,Konstruksi,Berusaha sendiri,532100000014,1300 VA,Milik Sendiri,Keramik,Kayu,Asbes,Air Hujan,Bukan Listrik,LPG 3 kg,Sendiri,Tidak Ada Kloset,Tangki Septik,Ya,Ya,Ya,Tidak,Tidak,Ya,Wasting,Gangguan Ringan,Tuli Total,Gangguan Ringan
3201011591000042,3201012010180014,Teuku Hidayat,1959-09-18,67,Laki-laki,Kepala Keluarga,Cerai Mati,8445395.0,8445395.0,1,1,Sumatera Utara,Kota Medan,Medan Baru,Petisah Tengah,Jl. Gajah Mada No. 42,PKH & BPNT,Tidak,Tidak,Masih Sekolah,SMA/SMK/MA,SMA/SMK/MA,Ya,"Pertanian, kehutanan, dan perikanan",Pekerja keluarga/tidak dibayar,532100000014,Tanpa PLN,Bebas Sewa,Ubin/Teraso,Tembok,Seng,Mata Air Terlindung,Listrik Non PLN,Biogas,Bersama,Tidak Ada Kloset,Pantai/Tanah Lapang/Kebun,Ya,Ya,Ya,Ya,Tidak,Ya,Wasting,Gangguan Ringan,Tidak Ada Gangguan,Tidak Ada Gangguan
3201011180000043,3201012010180015,Dedi Wijaya,2007-09-16,19,Laki-laki,Anak,Kawin/Nikah,1900772.0,1900772.0,6,6,Bali,Kota Denpasar,Denpasar Selatan,Sidakarya,Jl. Raya Puputan No. 43,PKH & BPNT,Tidak,Tidak,Masih Sekolah,SMA/SMK/MA,SMA/SMK/MA,Tidak,Transportasi & Pergudangan,Berusaha dibantu pekerja tidak tetap,532100000015,2200 VA,Bebas Sewa,Ubin/Teraso,Seng,Bambu/Ijuk,Sumur Terlindung,Listrik Non PLN,Kayu Bakar,Umum,Leher Angsa,Pantai/Tanah Lapang/Kebun,Ya,Ya,Tidak,Ya,Tidak,Tidak,Normal,Tidak Ada Gangguan,Gangguan Ringan,Tidak Bisa Berjalan
3201011979000044,3201012010180015,Ahmad Kurniawan,1965-12-15,61,Laki-laki,Anak,Cerai Mati,15657748.0,15657748.0,5,5,Bali,Kota Denpasar,Denpasar Selatan,Sidakarya,Jl. Raya Puputan No. 44,PBI APBN (Kemenkes),Ya,Tidak,Masih Sekolah,Magister (S2),Magister (S2),Tidak,Administrasi pemerintahan,Pekerja keluarga/tidak dibayar,532100000015,Tanpa PLN,Kontrak/Sewa,Keramik,Kayu,Beton,Air Hujan,Bukan Listrik,LPG 3 kg,Bersama,Leher Angsa,Lubang Tanah,Ya,Tidak,Tidak,Tidak,Ya,Ya,Kurang Gizi,Gangguan Berat,Gangguan Ringan,Gangguan Ringan
3201011288000045,3201012010180015,Wawan Hidayat,1980-06-21,46,Laki-laki,Anak,Belum Kawin,14686284.0,14686284.0,9,9,Bali,Kota Denpasar,Denpasar Selatan,Sidakarya,Jl. Raya Puputan No. 45,PBI APBN (Kemenkes),Ya,Tidak,Tidak Sekolah Lagi,SMA/SMK/MA,SMA/SMK/MA,Tidak,Industri pengolahan,Pekerja keluarga/tidak dibayar,532100000015,1300 VA,Dinas,Ubin/Teraso,Tembok,Genteng Beton/Keramik,Air Kemasan/Isi Ulang,Bukan Listrik,LPG 5.5 kg / 12 kg,Tidak Ada,Leher Angsa,Kolam/Sawah/Sungai/Danau/Laut,Ya,Tidak,Ya,Tidak,Tidak,Ya,Resiko Stunting,Gangguan Berat,Tuli Total,Tidak Ada Gangguan
3201011376000046,3201012010180016,Wawan Kusuma,2005-08-01,21,Laki-laki,Anak,Cerai Hidup,2480221.0,2480221.0,2,2,DKI Jakarta,Jakarta Selatan,Cilandak,Cilandak Barat,Jl. Mawar No. 46,PKH & BPNT,Tidak,Tidak,Tidak Sekolah Lagi,Magister (S2),Magister (S2),Tidak,Transportasi & Pergudangan,Berusaha dibantu pekerja tidak tetap,532100000016,3500 VA,Milik Sendiri,Ubin/Teraso,Bambu,Bambu/Ijuk,Air Kemasan/Isi Ulang,Bukan Listrik,Minyak Tanah,Umum,Plengsengan,Lubang Tanah,Ya,Ya,Tidak,Ya,Ya,Ya,Wasting,Gangguan Ringan,Tidak Ada Gangguan,Gangguan Ringan
3201011781000047,3201012010180016,Agus Nurbaya,1960-05-07,66,Laki-laki,Anak,Belum Kawin,4388549.0,4388549.0,10,10,DKI Jakarta,Jakarta Selatan,Cilandak,Cilandak Barat,Jl. Mawar No. 47,Bukan Penerima Bantuan,Tidak,Tidak,Masih Sekolah,SMP/MTs,SMP/MTs,Tidak,Perdagangan besar dan eceran,Buruh/Karyawan/Pegawai,532100000016,450 VA,Milik Sendiri,Tanah,Plesteran Anyaman Bambu,Seng,Air Hujan,Listrik PLN Tanpa Meteran,Kayu Bakar,Tidak Ada,Leher Angsa,Pantai/Tanah Lapang/Kebun,Ya,Tidak,Tidak,Tidak,Ya,Tidak,Wasting,Buta Total,Tidak Ada Gangguan,Tidak Bisa Berjalan
3201011175000048,3201012010180016,Ahmad Kurniawan,1985-08-07,41,Laki-laki,Anak,Belum Kawin,7878620.0,7878620.0,7,7,DKI Jakarta,Jakarta Selatan,Cilandak,Cilandak Barat,Jl. Mawar No. 48,PBI APBD (Pemda),Tidak,Ya,Tidak Sekolah Lagi,Sarjana (S1),Sarjana (S1),Ya,Administrasi pemerintahan,Berusaha sendiri,532100000016,2200 VA,Milik Sendiri,Semen/Bata Merah,Seng,Genteng Beton/Keramik,Layanan Perpipaan (PDAM),Listrik PLN Dengan Meteran,LPG 3 kg,Umum,Tidak Ada Kloset,Pantai/Tanah Lapang/Kebun,Ya,Ya,Ya,Tidak,Tidak,Ya,Resiko Stunting,Buta Total,Tuli Total,Gangguan Ringan
3201012598000049,3201012010180017,Dedi Lestari,1956-02-13,70,Laki-laki,Orang Tua/Mertua,Belum Kawin,1951190.0,1951190.0,5,5,Jawa Barat,Kota Bogor,Bogor Tengah,Paledang,Jl. Pajajaran No. 49,PBI APBN + PKH,Ya,Tidak,Belum Sekolah,Magister (S2),Magister (S2),Tidak,Konstruksi,Pekerja keluarga/tidak dibayar,532100000017,450 VA,Milik Sendiri,Kayu/Papan,Kayu,Seng,Air Hujan,Listrik Non PLN,Minyak Tanah,Umum,Leher Angsa,Pantai/Tanah Lapang/Kebun,Ya,Ya,Ya,Tidak,Tidak,Ya,Kurang Gizi,Buta Total,Tuli Total,Gangguan Ringan
3201011374000050,3201012010180017,Dewi Wijaya,1978-06-18,48,Perempuan,Anak,Belum Kawin,1917454.0,1917454.0,1,1,Jawa Barat,Kota Bogor,Bogor Tengah,Paledang,Jl. Pajajaran No. 50,PBI APBN (Kemenkes),Ya,Tidak,Masih Sekolah,Magister (S2),Magister (S2),Tidak,Penyediaan Akomodasi & Makan Minum,Pekerja keluarga/tidak dibayar,532100000017,2200 VA,Kontrak/Sewa,Bambu,Plesteran Anyaman Bambu,Genteng Beton/Keramik,Sumur Bor/Pompa,Listrik Non PLN,LPG 5.5 kg / 12 kg,Tidak Ada,Cemplung/Cubluk,Kolam/Sawah/Sungai/Danau/Laut,Ya,Tidak,Tidak,Tidak,Ya,Tidak,Wasting,Tidak Ada Gangguan,Gangguan Ringan,Tidak Bisa Berjalan
3201011995000051,3201012010180017,Budi Lestari,1971-11-26,55,Laki-laki,Istri,Kawin/Nikah,14897579.0,14897579.0,3,3,Jawa Barat,Kota Bogor,Bogor Tengah,Paledang,Jl. Pajajaran No. 51,PBI APBD (Pemda),Tidak,Ya,Masih Sekolah,Sarjana (S1),Sarjana (S1),Ya,Industri pengolahan,Buruh/Karyawan/Pegawai,532100000017,2200 VA,Bebas Sewa,Kayu/Papan,Kayu,Asbes,Air Hujan,Listrik PLN Tanpa Meteran,Minyak Tanah,Tidak Ada,Leher Angsa,Lubang Tanah,Ya,Ya,Tidak,Tidak,Tidak,Tidak,Resiko Stunting,Buta Total,Tuli Total,Gangguan Ringan
3201012781000052,3201012010180018,Hendra Lestari,1967-04-09,59,Laki-laki,Anak,Belum Kawin,4717269.0,4717269.0,8,8,Jawa Barat,Kota Bandung,Coblong,Dago,Jl. Ganesha No. 52,PKH & BPNT,Tidak,Tidak,Tidak Sekolah Lagi,SMA/SMK/MA,SMA/SMK/MA,Tidak,Konstruksi,Buruh/Karyawan/Pegawai,532100000018,3500 VA,Dinas,Kayu/Papan,Bambu,Genteng Beton/Keramik,Sumur Bor/Pompa,Listrik PLN Dengan Meteran,Listrik,Sendiri,Cemplung/Cubluk,Pantai/Tanah Lapang/Kebun,Ya,Tidak,Tidak,Ya,Ya,Tidak,Wasting,Gangguan Ringan,Tidak Ada Gangguan,Tidak Bisa Berjalan
3201012877000053,3201012010180018,Rina Rahmawati,1997-09-08,29,Perempuan,Istri,Kawin/Nikah,16517635.0,16517635.0,2,2,Jawa Barat,Kota Bandung,Coblong,Dago,Jl. Ganesha No. 53,PBI APBD (Pemda),Tidak,Ya,Masih Sekolah,Sarjana (S1),Sarjana (S1),Ya,Transportasi & Pergudangan,Berusaha dibantu pekerja tidak tetap,532100000018,2200 VA,Kontrak/Sewa,Semen/Bata Merah,Bambu,Seng,Air Hujan,Listrik PLN Dengan Meteran,LPG 3 kg,Bersama,Leher Angsa,Lubang Tanah,Ya,Tidak,Ya,Ya,Tidak,Tidak,Resiko Stunting,Gangguan Berat,Tidak Ada Gangguan,Tidak Ada Gangguan
3201011988000054,3201012010180018,Sri Pratama,1976-05-15,50,Perempuan,Orang Tua/Mertua,Belum Kawin,2557410.0,2557410.0,6,6,Jawa Barat,Kota Bandung,Coblong,Dago,Jl. Ganesha No. 54,PBI APBD (Pemda),Tidak,Ya,Belum Sekolah,Diploma (D1-D4),Diploma (D1-D4),Tidak,Jasa keuangan & asuransi,Buruh/Karyawan/Pegawai,532100000018,Tanpa PLN,Bebas Sewa,Semen/Bata Merah,Plesteran Anyaman Bambu,Bambu/Ijuk,Layanan Perpipaan (PDAM),Listrik PLN Tanpa Meteran,Kayu Bakar,Tidak Ada,Tidak Ada Kloset,Kolam/Sawah/Sungai/Danau/Laut,Ya,Ya,Tidak,Ya,Ya,Ya,Kurang Gizi,Gangguan Berat,Tidak Ada Gangguan,Tidak Ada Gangguan
3201011882000055,3201012010180019,Rina Suryani,2003-05-11,23,Perempuan,Anak,Kawin/Nikah,4470873.0,4470873.0,1,1,Jawa Tengah,Kota Semarang,Semarang Selatan,Randusari,Jl. Pandanaran No. 55,PBI APBN (Kemenkes),Ya,Tidak,Tidak Sekolah Lagi,SMA/SMK/MA,SMA/SMK/MA,Ya,Transportasi & Pergudangan,Pekerja keluarga/tidak dibayar,532100000019,Tanpa PLN,Bebas Sewa,Tanah,Tembok,Bambu/Ijuk,Sumur Bor/Pompa,Listrik Non PLN,Kayu Bakar,Bersama,Plengsengan,Lubang Tanah,Ya,Tidak,Ya,Tidak,Tidak,Tidak,Kurang Gizi,Gangguan Ringan,Tidak Ada Gangguan,Tidak Bisa Berjalan
3201011286000056,3201012010180019,Ahmad Hidayat,1959-10-04,67,Laki-laki,Kepala Keluarga,Belum Kawin,6457052.0,6457052.0,9,9,Jawa Tengah,Kota Semarang,Semarang Selatan,Randusari,Jl. Pandanaran No. 56,PBI APBN + PKH,Ya,Tidak,Masih Sekolah,Magister (S2),Magister (S2),Ya,Penyediaan Akomodasi & Makan Minum,Buruh/Karyawan/Pegawai,532100000019,3500 VA,Dinas,Keramik,Seng,Genteng Beton/Keramik,Mata Air Terlindung,Bukan Listrik,Minyak Tanah,Sendiri,Tidak Ada Kloset,Kolam/Sawah/Sungai/Danau/Laut,Ya,Ya,Tidak,Tidak,Ya,Ya,Normal,Tidak Ada Gangguan,Gangguan Ringan,Gangguan Ringan
3201011287000057,3201012010180019,Siti Umar,1985-01-10,41,Perempuan,Orang Tua/Mertua,Belum Kawin,13641205.0,13641205.0,8,8,Jawa Tengah,Kota Semarang,Semarang Selatan,Randusari,Jl. Pandanaran No. 57,PBI APBN + PKH,Ya,Tidak,Tidak Sekolah Lagi,SD/MI,SD/MI,Ya,Administrasi pemerintahan,Buruh/Karyawan/Pegawai,532100000019,900 VA,Dinas,Bambu,Kayu,Bambu/Ijuk,Layanan Perpipaan (PDAM),Listrik PLN Dengan Meteran,LPG 3 kg,Umum,Tidak Ada Kloset,Pantai/Tanah Lapang/Kebun,Ya,Tidak,Ya,Ya,Tidak,Tidak,Resiko Stunting,Gangguan Berat,Tidak Ada Gangguan,Tidak Bisa Berjalan
3201011371000058,3201012010180020,Irfan Santoso,1970-04-03,56,Laki-laki,Kepala Keluarga,Kawin/Nikah,2436254.0,2436254.0,7,7,Jawa Timur,Kota Surabaya,Tegalsari,Kedungdoro,Jl. Basuki Rahmat No. 58,PBI APBN + PKH,Ya,Tidak,Masih Sekolah,Sarjana (S1),Sarjana (S1),Ya,Perdagangan besar dan eceran,Berusaha sendiri,532100000020,3500 VA,Bebas Sewa,Ubin/Teraso,Plesteran Anyaman Bambu,Seng,Mata Air Terlindung,Listrik Non PLN,LPG 5.5 kg / 12 kg,Umum,Plengsengan,Lubang Tanah,Ya,Tidak,Tidak,Tidak,Ya,Ya,Kurang Gizi,Buta Total,Tidak Ada Gangguan,Gangguan Ringan
3201012295000059,3201012010180020,Agus Putri,1999-07-14,27,Laki-laki,Istri,Cerai Hidup,3485622.0,3485622.0,4,4,Jawa Timur,Kota Surabaya,Tegalsari,Kedungdoro,Jl. Basuki Rahmat No. 59,PKH & BPNT,Tidak,Tidak,Belum Sekolah,SMP/MTs,SMP/MTs,Tidak,Perdagangan besar dan eceran,Pekerja keluarga/tidak dibayar,532100000020,2200 VA,Dinas,Bambu,Plesteran Anyaman Bambu,Genteng Beton/Keramik,Sumur Terlindung,Listrik PLN Tanpa Meteran,Listrik,Bersama,Cemplung/Cubluk,Tangki Septik,Ya,Tidak,Tidak,Ya,Ya,Ya,Wasting,Buta Total,Tuli Total,Tidak Bisa Berjalan
3201011197000060,3201012010180020,Teuku Wibowo,2006-10-24,20,Laki-laki,Istri,Cerai Mati,1938072.0,1938072.0,4,4,Jawa Timur,Kota Surabaya,Tegalsari,Kedungdoro,Jl. Basuki Rahmat No. 60,PBI APBD (Pemda),Tidak,Ya,Belum Sekolah,SD/MI,SD/MI,Tidak,Industri pengolahan,Pekerja keluarga/tidak dibayar,532100000020,Tanpa PLN,Kontrak/Sewa,Kayu/Papan,Kayu,Beton,Sumur Bor/Pompa,Listrik Non PLN,Minyak Tanah,Tidak Ada,Cemplung/Cubluk,Kolam/Sawah/Sungai/Danau/Laut,Ya,Tidak,Tidak,Tidak,Tidak,Ya,Kurang Gizi,Gangguan Berat,Tidak Ada Gangguan,Gangguan Ringan
3201012083000061,3201012010180021,Siti Kusuma,2002-03-01,24,Perempuan,Anak,Cerai Mati,3419629.0,3419629.0,7,7,Banten,Kota Tangerang,Tangerang,Sukarasa,Jl. Merdeka No. 61,Bukan Penerima Bantuan,Tidak,Tidak,Masih Sekolah,Diploma (D1-D4),Diploma (D1-D4),Tidak,Konstruksi,Berusaha dibantu pekerja tidak tetap,532100000021,Tanpa PLN,Dinas,Kayu/Papan,Kayu,Bambu/Ijuk,Sumur Bor/Pompa,Listrik PLN Tanpa Meteran,LPG 5.5 kg / 12 kg,Tidak Ada,Plengsengan,Tangki Septik,Ya,Ya,Ya,Ya,Ya,Tidak,Resiko Stunting,Gangguan Ringan,Tidak Ada Gangguan,Tidak Bisa Berjalan
3201011470000062,3201012010180021,Rahmat Suryani,1978-01-20,48,Laki-laki,Orang Tua/Mertua,Cerai Mati,15127521.0,15127521.0,1,1,Banten,Kota Tangerang,Tangerang,Sukarasa,Jl. Merdeka No. 62,PBI APBN (Kemenkes),Ya,Tidak,Belum Sekolah,Magister (S2),Magister (S2),Tidak,Konstruksi,Buruh/Karyawan/Pegawai,532100000021,3500 VA,Dinas,Ubin/Teraso,Tembok,Genteng Tanah Liat,Mata Air Terlindung,Listrik PLN Tanpa Meteran,LPG 5.5 kg / 12 kg,Bersama,Cemplung/Cubluk,Kolam/Sawah/Sungai/Danau/Laut,Ya,Tidak,Tidak,Ya,Tidak,Tidak,Kurang Gizi,Gangguan Ringan,Tuli Total,Tidak Ada Gangguan
3201011991000063,3201012010180021,Teuku Rahmawati,1960-07-13,66,Laki-laki,Orang Tua/Mertua,Cerai Mati,4435357.0,4435357.0,2,2,Banten,Kota Tangerang,Tangerang,Sukarasa,Jl. Merdeka No. 63,PBI APBN + PKH,Ya,Tidak,Tidak Sekolah Lagi,Magister (S2),Magister (S2),Tidak,"Pertanian, kehutanan, dan perikanan",Pekerja keluarga/tidak dibayar,532100000021,450 VA,Kontrak/Sewa,Ubin/Teraso,Plesteran Anyaman Bambu,Asbes,Sumur Bor/Pompa,Listrik PLN Dengan Meteran,LPG 3 kg,Umum,Leher Angsa,Lubang Tanah,Ya,Tidak,Ya,Ya,Ya,Tidak,Normal,Gangguan Berat,Tidak Ada Gangguan,Tidak Bisa Berjalan
3201011788000064,3201012010180022,Yuni Putri,1979-12-05,47,Perempuan,Kepala Keluarga,Cerai Hidup,1612609.0,1612609.0,6,6,Sumatera Utara,Kota Medan,Medan Baru,Petisah Tengah,Jl. Gajah Mada No. 64,Bukan Penerima Bantuan,Tidak,Tidak,Belum Sekolah,Sarjana (S1),Sarjana (S1),Tidak,Administrasi pemerintahan,Buruh/Karyawan/Pegawai,532100000022,Tanpa PLN,Bebas Sewa,Kayu/Papan,Seng,Genteng Beton/Keramik,Sumur Bor/Pompa,Bukan Listrik,Minyak Tanah,Bersama,Tidak Ada Kloset,Tangki Septik,Ya,Tidak,Ya,Ya,Ya,Tidak,Resiko Stunting,Buta Total,Tuli Total,Tidak Bisa Berjalan
3201011493000065,3201012010180022,Yuni Putri,1978-02-03,48,Perempuan,Kepala Keluarga,Cerai Hidup,3854801.0,3854801.0,2,2,Sumatera Utara,Kota Medan,Medan Baru,Petisah Tengah,Jl. Gajah Mada No. 65,PBI APBD (Pemda),Tidak,Ya,Tidak Sekolah Lagi,Diploma (D1-D4),Diploma (D1-D4),Tidak,"Pertanian, kehutanan, dan perikanan",Buruh/Karyawan/Pegawai,532100000022,450 VA,Bebas Sewa,Bambu,Tembok,Beton,Mata Air Terlindung,Listrik Non PLN,Minyak Tanah,Sendiri,Cemplung/Cubluk,Pantai/Tanah Lapang/Kebun,Ya,Tidak,Ya,Ya,Ya,Tidak,Resiko Stunting,Gangguan Ringan,Gangguan Ringan,Gangguan Ringan
3201011885000066,3201012010180022,Wawan Umar,1965-07-09,61,Laki-laki,Orang Tua/Mertua,Cerai Hidup,5845263.0,5845263.0,4,4,Sumatera Utara,Kota Medan,Medan Baru,Petisah Tengah,Jl. Gajah Mada No. 66,PBI APBN + PKH,Ya,Tidak,Belum Sekolah,Sarjana (S1),Sarjana (S1),Ya,Penyediaan Akomodasi & Makan Minum,Buruh/Karyawan/Pegawai,532100000022,900 VA,Bebas Sewa,Keramik,Seng,Seng,Mata Air Terlindung,Bukan Listrik,Listrik,Tidak Ada,Cemplung/Cubluk,Pantai/Tanah Lapang/Kebun,Ya,Ya,Tidak,Tidak,Ya,Tidak,Wasting,Gangguan Ringan,Gangguan Ringan,Gangguan Ringan
3201011993000067,3201012010180023,Nur Kusuma,1975-07-09,51,Perempuan,Orang Tua/Mertua,Cerai Hidup,4282480.0,4282480.0,9,9,Bali,Kota Denpasar,Denpasar Selatan,Sidakarya,Jl. Raya Puputan No. 67,PBI APBN (Kemenkes),Ya,Tidak,Belum Sekolah,Diploma (D1-D4),Diploma (D1-D4),Ya,Penyediaan Akomodasi & Makan Minum,Pekerja bebas,532100000023,Tanpa PLN,Milik Sendiri,Kayu/Papan,Seng,Genteng Beton/Keramik,Air Hujan,Listrik Non PLN,LPG 5.5 kg / 12 kg,Umum,Plengsengan,Pantai/Tanah Lapang/Kebun,Ya,Tidak,Ya,Tidak,Tidak,Tidak,Kurang Gizi,Tidak Ada Gangguan,Gangguan Ringan,Tidak Bisa Berjalan
3201012789000068,3201012010180023,Teuku Pratama,2004-04-22,22,Laki-laki,Anak,Belum Kawin,8552236.0,8552236.0,7,7,Bali,Kota Denpasar,Denpasar Selatan,Sidakarya,Jl. Raya Puputan No. 68,PBI APBN (Kemenkes),Ya,Tidak,Masih Sekolah,SD/MI,SD/MI,Tidak,Industri pengolahan,Pekerja keluarga/tidak dibayar,532100000023,Tanpa PLN,Kontrak/Sewa,Kayu/Papan,Bambu,Asbes,Sumur Terlindung,Listrik PLN Tanpa Meteran,Listrik,Sendiri,Tidak Ada Kloset,Tangki Septik,Ya,Tidak,Tidak,Ya,Ya,Ya,Wasting,Gangguan Berat,Gangguan Ringan,Gangguan Ringan
3201011686000069,3201012010180023,Nur Hidayat,1985-02-15,41,Perempuan,Orang Tua/Mertua,Cerai Hidup,1640874.0,1640874.0,1,1,Bali,Kota Denpasar,Denpasar Selatan,Sidakarya,Jl. Raya Puputan No. 69,PKH & BPNT,Tidak,Tidak,Belum Sekolah,SD/MI,SD/MI,Ya,Industri pengolahan,Pekerja keluarga/tidak dibayar,532100000023,900 VA,Kontrak/Sewa,Semen/Bata Merah,Plesteran Anyaman Bambu,Asbes,Sumur Terlindung,Listrik PLN Tanpa Meteran,Minyak Tanah,Bersama,Plengsengan,Pantai/Tanah Lapang/Kebun,Ya,Tidak,Ya,Ya,Tidak,Tidak,Kurang Gizi,Tidak Ada Gangguan,Tuli Total,Tidak Ada Gangguan
3201011678000070,3201012010180024,Teuku Pratama,2006-09-06,20,Laki-laki,Anak,Cerai Hidup,12700779.0,12700779.0,9,9,DKI Jakarta,Jakarta Selatan,Cilandak,Cilandak Barat,Jl. Mawar No. 70,PKH & BPNT,Tidak,Tidak,Belum Sekolah,Diploma (D1-D4),Diploma (D1-D4),Tidak,"Pertanian, kehutanan, dan perikanan",Pekerja bebas,532100000024,1300 VA,Dinas,Bambu,Kayu,Bambu/Ijuk,Air Hujan,Listrik Non PLN,Kayu Bakar,Sendiri,Plengsengan,Kolam/Sawah/Sungai/Danau/Laut,Ya,Ya,Ya,Tidak,Ya,Ya,Wasting,Gangguan Ringan,Tuli Total,Gangguan Ringan
3201012389000071,3201012010180024,Wawan Wijaya,1982-03-16,44,Laki-laki,Istri,Belum Kawin,6376892.0,6376892.0,8,8,DKI Jakarta,Jakarta Selatan,Cilandak,Cilandak Barat,Jl. Mawar No. 71,Bukan Penerima Bantuan,Tidak,Tidak,Masih Sekolah,SMA/SMK/MA,SMA/SMK/MA,Ya,Penyediaan Akomodasi & Makan Minum,Berusaha sendiri,532100000024,900 VA,Dinas,Bambu,Plesteran Anyaman Bambu,Bambu/Ijuk,Sumur Terlindung,Bukan Listrik,Biogas,Tidak Ada,Tidak Ada Kloset,Pantai/Tanah Lapang/Kebun,Ya,Tidak,Ya,Ya,Ya,Ya,Wasting,Tidak Ada Gangguan,Gangguan Ringan,Tidak Ada Gangguan
3201012779000072,3201012010180024,Anisa Suryani,1991-12-25,35,Perempuan,Orang Tua/Mertua,Kawin/Nikah,7447215.0,7447215.0,9,9,DKI Jakarta,Jakarta Selatan,Cilandak,Cilandak Barat,Jl. Mawar No. 72,PBI APBN (Kemenkes),Ya,Tidak,Belum Sekolah,Diploma (D1-D4),Diploma (D1-D4),Ya,Transportasi & Pergudangan,Buruh/Karyawan/Pegawai,532100000024,Tanpa PLN,Kontrak/Sewa,Semen/Bata Merah,Tembok,Asbes,Sumur Bor/Pompa,Listrik Non PLN,LPG 3 kg,Tidak Ada,Leher Angsa,Lubang Tanah,Ya,Ya,Tidak,Tidak,Ya,Ya,Resiko Stunting,Gangguan Ringan,Tidak Ada Gangguan,Tidak Bisa Berjalan
3201012187000073,3201012010180025,Hendra Sartika,1975-12-10,51,Laki-laki,Anak,Cerai Hidup,11637402.0,11637402.0,1,1,Jawa Barat,Kota Bogor,Bogor Tengah,Paledang,Jl. Pajajaran No. 73,PKH & BPNT,Tidak,Tidak,Belum Sekolah,SMP/MTs,SMP/MTs,Ya,Industri pengolahan,Berusaha sendiri,532100000025,Tanpa PLN,Bebas Sewa,Ubin/Teraso,Seng,Asbes,Layanan Perpipaan (PDAM),Listrik Non PLN,Biogas,Tidak Ada,Tidak Ada Kloset,Pantai/Tanah Lapang/Kebun,Ya,Ya,Ya,Tidak,Tidak,Tidak,Kurang Gizi,Buta Total,Gangguan Ringan,Tidak Bisa Berjalan
3201011097000074,3201012010180025,Teuku Suryani,1995-11-23,31,Laki-laki,Anak,Kawin/Nikah,3934070.0,3934070.0,8,8,Jawa Barat,Kota Bogor,Bogor Tengah,Paledang,Jl. Pajajaran No. 74,PKH & BPNT,Tidak,Tidak,Tidak Sekolah Lagi,SMA/SMK/MA,SMA/SMK/MA,Tidak,Jasa keuangan & asuransi,Pekerja keluarga/tidak dibayar,532100000025,2200 VA,Bebas Sewa,Tanah,Tembok,Genteng Tanah Liat,Air Kemasan/Isi Ulang,Bukan Listrik,LPG 3 kg,Sendiri,Plengsengan,Pantai/Tanah Lapang/Kebun,Ya,Tidak,Ya,Tidak,Ya,Ya,Wasting,Gangguan Ringan,Gangguan Ringan,Tidak Ada Gangguan
3201012178000075,3201012010180025,Teuku Hidayat,1997-11-06,29,Laki-laki,Kepala Keluarga,Cerai Mati,2140699.0,2140699.0,2,2,Jawa Barat,Kota Bogor,Bogor Tengah,Paledang,Jl. Pajajaran No. 75,PBI APBN (Kemenkes),Ya,Tidak,Masih Sekolah,Diploma (D1-D4),Diploma (D1-D4),Ya,Jasa keuangan & asuransi,Pekerja keluarga/tidak dibayar,532100000025,900 VA,Dinas,Keramik,Tembok,Bambu/Ijuk,Sumur Bor/Pompa,Listrik PLN Dengan Meteran,Minyak Tanah,Bersama,Tidak Ada Kloset,Tangki Septik,Ya,Ya,Tidak,Ya,Ya,Ya,Wasting,Gangguan Berat,Gangguan Ringan,Tidak Ada Gangguan
3201012294000076,3201012010180026,Wawan Nyak Dien,1959-09-19,67,Laki-laki,Kepala Keluarga,Belum Kawin,3836494.0,3836494.0,7,7,Jawa Barat,Kota Bandung,Coblong,Dago,Jl. Ganesha No. 76,Bukan Penerima Bantuan,Tidak,Tidak,Belum Sekolah,Diploma (D1-D4),Diploma (D1-D4),Ya,"Pertanian, kehutanan, dan perikanan",Buruh/Karyawan/Pegawai,532100000026,900 VA,Milik Sendiri,Bambu,Seng,Seng,Sumur Terlindung,Listrik Non PLN,LPG 5.5 kg / 12 kg,Bersama,Cemplung/Cubluk,Tangki Septik,Ya,Ya,Tidak,Ya,Tidak,Ya,Resiko Stunting,Buta Total,Gangguan Ringan,Tidak Bisa Berjalan
3201011195000077,3201012010180026,Rina Lestari,1979-02-08,47,Perempuan,Orang Tua/Mertua,Kawin/Nikah,8229111.0,8229111.0,3,3,Jawa Barat,Kota Bandung,Coblong,Dago,Jl. Ganesha No. 77,PBI APBN + PKH,Ya,Tidak,Belum Sekolah,Diploma (D1-D4),Diploma (D1-D4),Tidak,Jasa keuangan & asuransi,Berusaha dibantu pekerja tidak tetap,532100000026,450 VA,Milik Sendiri,Bambu,Tembok,Genteng Tanah Liat,Sumur Bor/Pompa,Listrik PLN Tanpa Meteran,LPG 3 kg,Sendiri,Tidak Ada Kloset,Kolam/Sawah/Sungai/Danau/Laut,Ya,Tidak,Tidak,Tidak,Ya,Ya,Wasting,Tidak Ada Gangguan,Gangguan Ringan,Tidak Ada Gangguan
3201012699000078,3201012010180026,Rahmat Nyak Dien,1989-06-13,37,Laki-laki,Kepala Keluarga,Cerai Hidup,4630833.0,4630833.0,2,2,Jawa Barat,Kota Bandung,Coblong,Dago,Jl. Ganesha No. 78,PBI APBN + PKH,Ya,Tidak,Masih Sekolah,Diploma (D1-D4),Diploma (D1-D4),Ya,Konstruksi,Berusaha sendiri,532100000026,450 VA,Milik Sendiri,Tanah,Kayu,Bambu/Ijuk,Air Kemasan/Isi Ulang,Listrik PLN Tanpa Meteran,Minyak Tanah,Umum,Cemplung/Cubluk,Lubang Tanah,Ya,Tidak,Ya,Tidak,Ya,Ya,Wasting,Buta Total,Gangguan Ringan,Tidak Bisa Berjalan
3201011278000079,3201012010180027,Eko Umar,1986-08-17,40,Laki-laki,Anak,Kawin/Nikah,4288846.0,4288846.0,5,5,Jawa Tengah,Kota Semarang,Semarang Selatan,Randusari,Jl. Pandanaran No. 79,PBI APBN (Kemenkes),Ya,Tidak,Belum Sekolah,Magister (S2),Magister (S2),Ya,Industri pengolahan,Pekerja keluarga/tidak dibayar,532100000027,450 VA,Milik Sendiri,Keramik,Kayu,Genteng Tanah Liat,Sumur Terlindung,Listrik Non PLN,Minyak Tanah,Bersama,Plengsengan,Tangki Septik,Ya,Tidak,Ya,Tidak,Ya,Tidak,Wasting,Gangguan Berat,Tidak Ada Gangguan,Tidak Bisa Berjalan
3201012173000080,3201012010180027,Agus Rahmawati,1966-04-26,60,Laki-laki,Kepala Keluarga,Cerai Mati,7568161.0,7568161.0,6,6,Jawa Tengah,Kota Semarang,Semarang Selatan,Randusari,Jl. Pandanaran No. 80,PBI APBN (Kemenkes),Ya,Tidak,Belum Sekolah,Diploma (D1-D4),Diploma (D1-D4),Ya,Administrasi pemerintahan,Berusaha sendiri,532100000027,1300 VA,Bebas Sewa,Tanah,Plesteran Anyaman Bambu,Genteng Beton/Keramik,Sumur Terlindung,Listrik Non PLN,Kayu Bakar,Tidak Ada,Plengsengan,Lubang Tanah,Ya,Ya,Ya,Tidak,Ya,Ya,Wasting,Tidak Ada Gangguan,Gangguan Ringan,Tidak Ada Gangguan
3201012297000081,3201012010180027,Dedi Pratama,1968-09-08,58,Laki-laki,Orang Tua/Mertua,Cerai Mati,1625609.0,1625609.0,4,4,Jawa Tengah,Kota Semarang,Semarang Selatan,Randusari,Jl. Pandanaran No. 81,Bukan Penerima Bantuan,Tidak,Tidak,Tidak Sekolah Lagi,Magister (S2),Magister (S2),Tidak,Penyediaan Akomodasi & Makan Minum,Buruh/Karyawan/Pegawai,532100000027,3500 VA,Milik Sendiri,Bambu,Kayu,Bambu/Ijuk,Sumur Terlindung,Listrik PLN Dengan Meteran,Kayu Bakar,Sendiri,Tidak Ada Kloset,Lubang Tanah,Ya,Ya,Tidak,Tidak,Tidak,Tidak,Wasting,Gangguan Berat,Gangguan Ringan,Gangguan Ringan
3201011772000082,3201012010180028,Rahmat Nyak Dien,2004-10-04,22,Laki-laki,Istri,Kawin/Nikah,13134302.0,13134302.0,2,2,Jawa Timur,Kota Surabaya,Tegalsari,Kedungdoro,Jl. Basuki Rahmat No. 82,Bukan Penerima Bantuan,Tidak,Tidak,Tidak Sekolah Lagi,SMP/MTs,SMP/MTs,Tidak,Konstruksi,Berusaha dibantu pekerja tidak tetap,532100000028,1300 VA,Milik Sendiri,Keramik,Kayu,Bambu/Ijuk,Sumur Bor/Pompa,Listrik PLN Dengan Meteran,LPG 5.5 kg / 12 kg,Umum,Plengsengan,Tangki Septik,Ya,Ya,Tidak,Tidak,Ya,Tidak,Wasting,Gangguan Ringan,Tidak Ada Gangguan,Gangguan Ringan
3201012487000083,3201012010180028,Tri Kusuma,1961-08-04,65,Laki-laki,Istri,Kawin/Nikah,3229329.0,3229329.0,7,7,Jawa Timur,Kota Surabaya,Tegalsari,Kedungdoro,Jl. Basuki Rahmat No. 83,PKH & BPNT,Tidak,Tidak,Belum Sekolah,Magister (S2),Magister (S2),Ya,Konstruksi,Buruh/Karyawan/Pegawai,532100000028,450 VA,Milik Sendiri,Ubin/Teraso,Seng,Genteng Beton/Keramik,Air Kemasan/Isi Ulang,Listrik Non PLN,LPG 3 kg,Sendiri,Tidak Ada Kloset,Tangki Septik,Ya,Ya,Tidak,Tidak,Tidak,Ya,Kurang Gizi,Buta Total,Tidak Ada Gangguan,Gangguan Ringan
3201011699000084,3201012010180028,Anisa Setiawan,1972-08-05,54,Perempuan,Kepala Keluarga,Belum Kawin,17905283.0,17905283.0,1,1,Jawa Timur,Kota Surabaya,Tegalsari,Kedungdoro,Jl. Basuki Rahmat No. 84,PBI APBN (Kemenkes),Ya,Tidak,Tidak Sekolah Lagi,Diploma (D1-D4),Diploma (D1-D4),Ya,Transportasi & Pergudangan,Berusaha sendiri,532100000028,Tanpa PLN,Kontrak/Sewa,Tanah,Plesteran Anyaman Bambu,Genteng Tanah Liat,Sumur Terlindung,Listrik Non PLN,Minyak Tanah,Tidak Ada,Cemplung/Cubluk,Kolam/Sawah/Sungai/Danau/Laut,Ya,Tidak,Tidak,Ya,Ya,Tidak,Resiko Stunting,Tidak Ada Gangguan,Gangguan Ringan,Tidak Ada Gangguan
3201012586000085,3201012010180029,Bambang Kusuma,1965-02-08,61,Laki-laki,Istri,Cerai Hidup,4759344.0,4759344.0,10,10,Banten,Kota Tangerang,Tangerang,Sukarasa,Jl. Merdeka No. 85,PBI APBN + PKH,Ya,Tidak,Tidak Sekolah Lagi,SMP/MTs,SMP/MTs,Ya,Industri pengolahan,Pekerja keluarga/tidak dibayar,532100000029,1300 VA,Bebas Sewa,Bambu,Tembok,Bambu/Ijuk,Air Hujan,Listrik Non PLN,Kayu Bakar,Bersama,Plengsengan,Pantai/Tanah Lapang/Kebun,Ya,Tidak,Ya,Tidak,Ya,Ya,Normal,Gangguan Ringan,Tuli Total,Tidak Ada Gangguan
3201011086000086,3201012010180029,Nur Santoso,1976-10-07,50,Perempuan,Istri,Cerai Hidup,1872160.0,1872160.0,3,3,Banten,Kota Tangerang,Tangerang,Sukarasa,Jl. Merdeka No. 86,Bukan Penerima Bantuan,Tidak,Tidak,Belum Sekolah,SMP/MTs,SMP/MTs,Ya,Administrasi pemerintahan,Buruh/Karyawan/Pegawai,532100000029,1300 VA,Dinas,Bambu,Tembok,Seng,Sumur Bor/Pompa,Listrik Non PLN,LPG 5.5 kg / 12 kg,Bersama,Tidak Ada Kloset,Pantai/Tanah Lapang/Kebun,Ya,Tidak,Ya,Tidak,Ya,Ya,Kurang Gizi,Gangguan Berat,Tuli Total,Tidak Bisa Berjalan
3201011974000087,3201012010180029,Anisa Santoso,1999-10-13,27,Perempuan,Kepala Keluarga,Belum Kawin,2763300.0,2763300.0,8,8,Banten,Kota Tangerang,Tangerang,Sukarasa,Jl. Merdeka No. 87,PBI APBD (Pemda),Tidak,Ya,Tidak Sekolah Lagi,Magister (S2),Magister (S2),Ya,Industri pengolahan,Pekerja bebas,532100000029,1300 VA,Kontrak/Sewa,Tanah,Tembok,Bambu/Ijuk,Air Hujan,Listrik Non PLN,Minyak Tanah,Sendiri,Cemplung/Cubluk,Lubang Tanah,Ya,Ya,Ya,Tidak,Tidak,Ya,Normal,Tidak Ada Gangguan,Gangguan Ringan,Gangguan Ringan
3201012375000088,3201012010180030,Irfan Lestari,1979-06-18,47,Laki-laki,Orang Tua/Mertua,Kawin/Nikah,11864461.0,11864461.0,2,2,Sumatera Utara,Kota Medan,Medan Baru,Petisah Tengah,Jl. Gajah Mada No. 88,PBI APBN (Kemenkes),Ya,Tidak,Tidak Sekolah Lagi,SD/MI,SD/MI,Tidak,Konstruksi,Buruh/Karyawan/Pegawai,532100000030,450 VA,Bebas Sewa,Ubin/Teraso,Seng,Genteng Beton/Keramik,Air Hujan,Listrik PLN Dengan Meteran,Kayu Bakar,Sendiri,Cemplung/Cubluk,Pantai/Tanah Lapang/Kebun,Ya,Ya,Tidak,Ya,Tidak,Ya,Normal,Tidak Ada Gangguan,Gangguan Ringan,Tidak Ada Gangguan
3201011683000089,3201012010180030,Tri Setiawan,1997-05-10,29,Laki-laki,Istri,Kawin/Nikah,1604093.0,1604093.0,6,6,Sumatera Utara,Kota Medan,Medan Baru,Petisah Tengah,Jl. Gajah Mada No. 89,PBI APBN (Kemenkes),Ya,Tidak,Tidak Sekolah Lagi,SD/MI,SD/MI,Tidak,Penyediaan Akomodasi & Makan Minum,Berusaha sendiri,532100000030,450 VA,Milik Sendiri,Ubin/Teraso,Kayu,Bambu/Ijuk,Sumur Bor/Pompa,Listrik PLN Dengan Meteran,Minyak Tanah,Sendiri,Cemplung/Cubluk,Pantai/Tanah Lapang/Kebun,Ya,Tidak,Tidak,Tidak,Ya,Tidak,Resiko Stunting,Gangguan Berat,Gangguan Ringan,Gangguan Ringan
3201011584000090,3201012010180030,Siti Setiawan,1983-08-09,43,Perempuan,Istri,Cerai Hidup,2683310.0,2683310.0,2,2,Sumatera Utara,Kota Medan,Medan Baru,Petisah Tengah,Jl. Gajah Mada No. 90,PKH & BPNT,Tidak,Tidak,Belum Sekolah,Diploma (D1-D4),Diploma (D1-D4),Ya,Perdagangan besar dan eceran,Berusaha dibantu pekerja tidak tetap,532100000030,3500 VA,Dinas,Bambu,Seng,Beton,Layanan Perpipaan (PDAM),Bukan Listrik,Listrik,Sendiri,Tidak Ada Kloset,Tangki Septik,Ya,Ya,Ya,Tidak,Ya,Ya,Resiko Stunting,Gangguan Ringan,Tidak Ada Gangguan,Tidak Ada Gangguan
3201012372000091,3201012010180031,Irfan Wibowo,2007-11-05,19,Laki-laki,Anak,Cerai Hidup,15167121.0,15167121.0,9,9,Bali,Kota Denpasar,Denpasar Selatan,Sidakarya,Jl. Raya Puputan No. 91,PKH & BPNT,Tidak,Tidak,Tidak Sekolah Lagi,Sarjana (S1),Sarjana (S1),Tidak,Perdagangan besar dan eceran,Pekerja keluarga/tidak dibayar,532100000031,3500 VA,Dinas,Keramik,Seng,Genteng Beton/Keramik,Layanan Perpipaan (PDAM),Listrik PLN Dengan Meteran,LPG 3 kg,Sendiri,Cemplung/Cubluk,Kolam/Sawah/Sungai/Danau/Laut,Ya,Tidak,Tidak,Tidak,Tidak,Tidak,Normal,Gangguan Ringan,Gangguan Ringan,Gangguan Ringan
3201011489000092,3201012010180031,Sri Wijaya,1957-07-11,69,Perempuan,Istri,Kawin/Nikah,8324259.0,8324259.0,5,5,Bali,Kota Denpasar,Denpasar Selatan,Sidakarya,Jl. Raya Puputan No. 92,PKH & BPNT,Tidak,Tidak,Tidak Sekolah Lagi,Diploma (D1-D4),Diploma (D1-D4),Ya,Industri pengolahan,Berusaha sendiri,532100000031,1300 VA,Dinas,Semen/Bata Merah,Bambu,Bambu/Ijuk,Sumur Terlindung,Listrik PLN Dengan Meteran,LPG 5.5 kg / 12 kg,Tidak Ada,Plengsengan,Pantai/Tanah Lapang/Kebun,Ya,Tidak,Tidak,Ya,Ya,Ya,Wasting,Buta Total,Tidak Ada Gangguan,Tidak Bisa Berjalan
3201012870000093,3201012010180031,Anisa Wibowo,1967-01-08,59,Perempuan,Kepala Keluarga,Cerai Mati,6870253.0,6870253.0,8,8,Bali,Kota Denpasar,Denpasar Selatan,Sidakarya,Jl. Raya Puputan No. 93,Bukan Penerima Bantuan,Tidak,Tidak,Tidak Sekolah Lagi,Magister (S2),Magister (S2),Ya,Perdagangan besar dan eceran,Berusaha sendiri,532100000031,1300 VA,Dinas,Bambu,Seng,Genteng Beton/Keramik,Sumur Terlindung,Listrik Non PLN,Listrik,Bersama,Cemplung/Cubluk,Tangki Septik,Ya,Tidak,Ya,Tidak,Ya,Ya,Resiko Stunting,Gangguan Ringan,Tuli Total,Tidak Ada Gangguan
3201011678000094,3201012010180032,Irfan Santoso,2004-11-01,22,Laki-laki,Orang Tua/Mertua,Belum Kawin,5270998.0,5270998.0,10,10,DKI Jakarta,Jakarta Selatan,Cilandak,Cilandak Barat,Jl. Mawar No. 94,PKH & BPNT,Tidak,Tidak,Belum Sekolah,Magister (S2),Magister (S2),Tidak,Transportasi & Pergudangan,Berusaha dibantu pekerja tidak tetap,532100000032,1300 VA,Dinas,Semen/Bata Merah,Kayu,Asbes,Sumur Bor/Pompa,Bukan Listrik,Kayu Bakar,Sendiri,Leher Angsa,Kolam/Sawah/Sungai/Danau/Laut,Ya,Tidak,Tidak,Ya,Tidak,Ya,Wasting,Gangguan Berat,Tuli Total,Gangguan Ringan
3201011878000095,3201012010180032,Dedi Wibowo,1964-09-25,62,Laki-laki,Istri,Kawin/Nikah,3947455.0,3947455.0,1,1,DKI Jakarta,Jakarta Selatan,Cilandak,Cilandak Barat,Jl. Mawar No. 95,PBI APBN + PKH,Ya,Tidak,Tidak Sekolah Lagi,SMA/SMK/MA,SMA/SMK/MA,Tidak,Transportasi & Pergudangan,Berusaha dibantu pekerja tidak tetap,532100000032,Tanpa PLN,Milik Sendiri,Bambu,Plesteran Anyaman Bambu,Genteng Beton/Keramik,Sumur Bor/Pompa,Listrik PLN Tanpa Meteran,Biogas,Tidak Ada,Cemplung/Cubluk,Kolam/Sawah/Sungai/Danau/Laut,Ya,Ya,Ya,Tidak,Ya,Tidak,Resiko Stunting,Gangguan Berat,Tuli Total,Tidak Bisa Berjalan
3201011591000096,3201012010180032,Cut Umar,1969-06-08,57,Perempuan,Anak,Cerai Mati,7385729.0,7385729.0,8,8,DKI Jakarta,Jakarta Selatan,Cilandak,Cilandak Barat,Jl. Mawar No. 96,PBI APBN (Kemenkes),Ya,Tidak,Tidak Sekolah Lagi,SD/MI,SD/MI,Ya,Penyediaan Akomodasi & Makan Minum,Berusaha sendiri,532100000032,3500 VA,Milik Sendiri,Tanah,Seng,Beton,Sumur Bor/Pompa,Bukan Listrik,LPG 3 kg,Bersama,Plengsengan,Lubang Tanah,Ya,Tidak,Tidak,Tidak,Ya,Tidak,Resiko Stunting,Tidak Ada Gangguan,Gangguan Ringan,Gangguan Ringan
3201011580000097,3201012010180033,Siti Santoso,1983-05-07,43,Perempuan,Istri,Belum Kawin,11585535.0,11585535.0,7,7,Jawa Barat,Kota Bogor,Bogor Tengah,Paledang,Jl. Pajajaran No. 97,PBI APBN + PKH,Ya,Tidak,Tidak Sekolah Lagi,Diploma (D1-D4),Diploma (D1-D4),Tidak,Perdagangan besar dan eceran,Buruh/Karyawan/Pegawai,532100000033,3500 VA,Kontrak/Sewa,Tanah,Bambu,Genteng Tanah Liat,Sumur Bor/Pompa,Listrik PLN Tanpa Meteran,LPG 3 kg,Sendiri,Plengsengan,Lubang Tanah,Ya,Tidak,Tidak,Ya,Ya,Tidak,Wasting,Gangguan Ringan,Tidak Ada Gangguan,Tidak Ada Gangguan
3201011979000098,3201012010180033,Ahmad Putri,1982-11-05,44,Laki-laki,Anak,Cerai Mati,11883143.0,11883143.0,1,1,Jawa Barat,Kota Bogor,Bogor Tengah,Paledang,Jl. Pajajaran No. 98,PBI APBD (Pemda),Tidak,Ya,Masih Sekolah,Magister (S2),Magister (S2),Ya,Industri pengolahan,Buruh/Karyawan/Pegawai,532100000033,3500 VA,Kontrak/Sewa,Keramik,Bambu,Bambu/Ijuk,Air Hujan,Listrik PLN Dengan Meteran,Minyak Tanah,Umum,Leher Angsa,Tangki Septik,Ya,Ya,Ya,Ya,Ya,Tidak,Kurang Gizi,Buta Total,Tidak Ada Gangguan,Tidak Bisa Berjalan
3201011885000099,3201012010180033,Wawan Wibowo,1999-11-21,27,Laki-laki,Kepala Keluarga,Cerai Hidup,6047080.0,6047080.0,10,10,Jawa Barat,Kota Bogor,Bogor Tengah,Paledang,Jl. Pajajaran No. 99,Bukan Penerima Bantuan,Tidak,Tidak,Belum Sekolah,SMP/MTs,SMP/MTs,Tidak,"Pertanian, kehutanan, dan perikanan",Pekerja keluarga/tidak dibayar,532100000033,Tanpa PLN,Milik Sendiri,Semen/Bata Merah,Tembok,Genteng Tanah Liat,Sumur Terlindung,Listrik PLN Tanpa Meteran,Kayu Bakar,Bersama,Cemplung/Cubluk,Lubang Tanah,Ya,Tidak,Tidak,Tidak,Ya,Ya,Kurang Gizi,Gangguan Ringan,Tuli Total,Gangguan Ringan
3201012077000100,3201012010180034,Budi Santoso,1997-02-04,29,Laki-laki,Orang Tua/Mertua,Belum Kawin,1688917.0,1688917.0,5,5,Jawa Barat,Kota Bandung,Coblong,Dago,Jl. Ganesha No. 100,PBI APBD (Pemda),Tidak,Ya,Tidak Sekolah Lagi,SMA/SMK/MA,SMA/SMK/MA,Tidak,Penyediaan Akomodasi & Makan Minum,Buruh/Karyawan/Pegawai,532100000034,450 VA,Kontrak/Sewa,Keramik,Bambu,Seng,Air Hujan,Listrik Non PLN,Minyak Tanah,Sendiri,Leher Angsa,Tangki Septik,Ya,Ya,Ya,Ya,Tidak,Tidak,Kurang Gizi,Gangguan Berat,Tuli Total,Tidak Ada Gangguan
3201012196000101,3201012010180034,Cut Sartika,1962-07-13,64,Perempuan,Orang Tua/Mertua,Cerai Hidup,17210039.0,17210039.0,3,3,Jawa Barat,Kota Bandung,Coblong,Dago,Jl. Ganesha No. 101,PBI APBN (Kemenkes),Ya,Tidak,Masih Sekolah,Magister (S2),Magister (S2),Ya,Jasa keuangan & asuransi,Buruh/Karyawan/Pegawai,532100000034,2200 VA,Dinas,Bambu,Seng,Genteng Beton/Keramik,Mata Air Terlindung,Bukan Listrik,Listrik,Sendiri,Plengsengan,Pantai/Tanah Lapang/Kebun,Ya,Tidak,Ya,Tidak,Tidak,Ya,Normal,Gangguan Berat,Tuli Total,Gangguan Ringan
3201011092000102,3201012010180034,Agus Kusuma,1997-06-17,29,Laki-laki,Kepala Keluarga,Cerai Mati,16067608.0,16067608.0,3,3,Jawa Barat,Kota Bandung,Coblong,Dago,Jl. Ganesha No. 102,Bukan Penerima Bantuan,Tidak,Tidak,Belum Sekolah,SD/MI,SD/MI,Ya,Jasa keuangan & asuransi,Pekerja keluarga/tidak dibayar,532100000034,2200 VA,Dinas,Ubin/Teraso,Tembok,Asbes,Sumur Bor/Pompa,Listrik PLN Tanpa Meteran,Listrik,Umum,Leher Angsa,Lubang Tanah,Ya,Tidak,Tidak,Ya,Ya,Tidak,Kurang Gizi,Buta Total,Tidak Ada Gangguan,Gangguan Ringan
3201012480000103,3201012010180035,Dewi Lestari,2002-11-01,24,Perempuan,Kepala Keluarga,Cerai Mati,2364736.0,2364736.0,10,10,Jawa Tengah,Kota Semarang,Semarang Selatan,Randusari,Jl. Pandanaran No. 103,Bukan Penerima Bantuan,Tidak,Tidak,Belum Sekolah,SMA/SMK/MA,SMA/SMK/MA,Ya,Penyediaan Akomodasi & Makan Minum,Pekerja bebas,532100000035,1300 VA,Milik Sendiri,Ubin/Teraso,Seng,Seng,Mata Air Terlindung,Bukan Listrik,Biogas,Umum,Tidak Ada Kloset,Tangki Septik,Ya,Ya,Ya,Ya,Tidak,Tidak,Wasting,Gangguan Berat,Tuli Total,Tidak Ada Gangguan
3201011198000104,3201012010180035,Anisa Lestari,1963-12-24,63,Perempuan,Orang Tua/Mertua,Kawin/Nikah,2033283.0,2033283.0,7,7,Jawa Tengah,Kota Semarang,Semarang Selatan,Randusari,Jl. Pandanaran No. 104,PBI APBD (Pemda),Tidak,Ya,Tidak Sekolah Lagi,SMP/MTs,SMP/MTs,Tidak,"Pertanian, kehutanan, dan perikanan",Berusaha dibantu pekerja tidak tetap,532100000035,450 VA,Milik Sendiri,Kayu/Papan,Seng,Bambu/Ijuk,Mata Air Terlindung,Listrik PLN Tanpa Meteran,Minyak Tanah,Sendiri,Leher Angsa,Pantai/Tanah Lapang/Kebun,Ya,Tidak,Ya,Ya,Ya,Ya,Kurang Gizi,Gangguan Berat,Tuli Total,Gangguan Ringan
3201012389000105,3201012010180035,Rina Setiawan,1980-06-10,46,Perempuan,Orang Tua/Mertua,Belum Kawin,9497438.0,9497438.0,9,9,Jawa Tengah,Kota Semarang,Semarang Selatan,Randusari,Jl. Pandanaran No. 105,PBI APBD (Pemda),Tidak,Ya,Masih Sekolah,SMP/MTs,SMP/MTs,Tidak,Administrasi pemerintahan,Berusaha sendiri,532100000035,Tanpa PLN,Kontrak/Sewa,Bambu,Plesteran Anyaman Bambu,Bambu/Ijuk,Air Hujan,Listrik Non PLN,Biogas,Sendiri,Cemplung/Cubluk,Pantai/Tanah Lapang/Kebun,Ya,Tidak,Tidak,Tidak,Ya,Ya,Normal,Buta Total,Tidak Ada Gangguan,Tidak Ada Gangguan
3201011176000106,3201012010180036,Hendra Sartika,1973-11-09,53,Laki-laki,Istri,Kawin/Nikah,9739680.0,9739680.0,8,8,Jawa Timur,Kota Surabaya,Tegalsari,Kedungdoro,Jl. Basuki Rahmat No. 106,PBI APBN (Kemenkes),Ya,Tidak,Belum Sekolah,Magister (S2),Magister (S2),Ya,Transportasi & Pergudangan,Berusaha sendiri,532100000036,3500 VA,Bebas Sewa,Tanah,Tembok,Asbes,Sumur Terlindung,Bukan Listrik,Biogas,Umum,Leher Angsa,Tangki Septik,Ya,Tidak,Ya,Tidak,Ya,Tidak,Resiko Stunting,Gangguan Ringan,Gangguan Ringan,Gangguan Ringan
3201011591000107,3201012010180036,Teuku Sartika,1966-12-17,60,Laki-laki,Kepala Keluarga,Cerai Mati,7541363.0,7541363.0,3,3,Jawa Timur,Kota Surabaya,Tegalsari,Kedungdoro,Jl. Basuki Rahmat No. 107,PBI APBD (Pemda),Tidak,Ya,Belum Sekolah,SMA/SMK/MA,SMA/SMK/MA,Ya,Administrasi pemerintahan,Berusaha dibantu pekerja tidak tetap,532100000036,Tanpa PLN,Kontrak/Sewa,Keramik,Kayu,Seng,Mata Air Terlindung,Listrik PLN Dengan Meteran,Biogas,Umum,Tidak Ada Kloset,Kolam/Sawah/Sungai/Danau/Laut,Ya,Ya,Tidak,Ya,Ya,Ya,Resiko Stunting,Buta Total,Tuli Total,Tidak Bisa Berjalan
3201012272000108,3201012010180036,Bambang Kusuma,1968-11-11,58,Laki-laki,Anak,Cerai Hidup,2115670.0,2115670.0,2,2,Jawa Timur,Kota Surabaya,Tegalsari,Kedungdoro,Jl. Basuki Rahmat No. 108,PKH & BPNT,Tidak,Tidak,Tidak Sekolah Lagi,SMP/MTs,SMP/MTs,Ya,Perdagangan besar dan eceran,Pekerja bebas,532100000036,2200 VA,Milik Sendiri,Kayu/Papan,Bambu,Beton,Air Hujan,Listrik Non PLN,LPG 3 kg,Umum,Tidak Ada Kloset,Pantai/Tanah Lapang/Kebun,Ya,Ya,Tidak,Ya,Tidak,Ya,Normal,Gangguan Ringan,Tuli Total,Tidak Bisa Berjalan
3201011090000109,3201012010180037,Teuku Wibowo,1997-11-25,29,Laki-laki,Istri,Cerai Mati,17452047.0,17452047.0,2,2,Banten,Kota Tangerang,Tangerang,Sukarasa,Jl. Merdeka No. 109,PBI APBD (Pemda),Tidak,Ya,Masih Sekolah,Diploma (D1-D4),Diploma (D1-D4),Tidak,Perdagangan besar dan eceran,Buruh/Karyawan/Pegawai,532100000037,450 VA,Milik Sendiri,Ubin/Teraso,Bambu,Beton,Air Kemasan/Isi Ulang,Listrik PLN Tanpa Meteran,Listrik,Tidak Ada,Tidak Ada Kloset,Pantai/Tanah Lapang/Kebun,Ya,Tidak,Tidak,Tidak,Ya,Tidak,Normal,Tidak Ada Gangguan,Tuli Total,Tidak Bisa Berjalan
3201011294000110,3201012010180037,Eko Rahmawati,1999-02-12,27,Laki-laki,Kepala Keluarga,Cerai Hidup,12861539.0,12861539.0,7,7,Banten,Kota Tangerang,Tangerang,Sukarasa,Jl. Merdeka No. 110,PBI APBN + PKH,Ya,Tidak,Belum Sekolah,SD/MI,SD/MI,Tidak,Jasa keuangan & asuransi,Pekerja keluarga/tidak dibayar,532100000037,900 VA,Kontrak/Sewa,Tanah,Seng,Beton,Sumur Bor/Pompa,Listrik PLN Tanpa Meteran,Listrik,Umum,Leher Angsa,Lubang Tanah,Ya,Ya,Ya,Ya,Tidak,Ya,Wasting,Gangguan Ringan,Tuli Total,Tidak Bisa Berjalan
3201012176000111,3201012010180037,Irfan Nyak Dien,1965-03-08,61,Laki-laki,Anak,Belum Kawin,17641957.0,17641957.0,9,9,Banten,Kota Tangerang,Tangerang,Sukarasa,Jl. Merdeka No. 111,PBI APBN (Kemenkes),Ya,Tidak,Tidak Sekolah Lagi,Magister (S2),Magister (S2),Ya,Konstruksi,Buruh/Karyawan/Pegawai,532100000037,900 VA,Dinas,Semen/Bata Merah,Bambu,Genteng Beton/Keramik,Air Hujan,Listrik PLN Tanpa Meteran,LPG 3 kg,Umum,Leher Angsa,Lubang Tanah,Ya,Tidak,Tidak,Tidak,Tidak,Tidak,Resiko Stunting,Gangguan Berat,Gangguan Ringan,Gangguan Ringan
3201011570000112,3201012010180038,Cut Kusuma,2005-04-23,21,Perempuan,Orang Tua/Mertua,Cerai Hidup,17864240.0,17864240.0,8,8,Sumatera Utara,Kota Medan,Medan Baru,Petisah Tengah,Jl. Gajah Mada No. 112,PBI APBN + PKH,Ya,Tidak,Tidak Sekolah Lagi,SMA/SMK/MA,SMA/SMK/MA,Tidak,"Pertanian, kehutanan, dan perikanan",Berusaha sendiri,532100000038,Tanpa PLN,Milik Sendiri,Semen/Bata Merah,Kayu,Beton,Layanan Perpipaan (PDAM),Listrik Non PLN,Biogas,Sendiri,Leher Angsa,Tangki Septik,Ya,Ya,Tidak,Ya,Ya,Tidak,Kurang Gizi,Gangguan Ringan,Gangguan Ringan,Gangguan Ringan
3201011798000113,3201012010180038,Eko Nurbaya,1963-08-17,63,Laki-laki,Kepala Keluarga,Cerai Mati,4153121.0,4153121.0,10,10,Sumatera Utara,Kota Medan,Medan Baru,Petisah Tengah,Jl. Gajah Mada No. 113,PBI APBD (Pemda),Tidak,Ya,Belum Sekolah,SMP/MTs,SMP/MTs,Tidak,Jasa keuangan & asuransi,Berusaha sendiri,532100000038,3500 VA,Kontrak/Sewa,Tanah,Seng,Seng,Air Kemasan/Isi Ulang,Listrik PLN Tanpa Meteran,Minyak Tanah,Bersama,Leher Angsa,Kolam/Sawah/Sungai/Danau/Laut,Ya,Tidak,Ya,Ya,Ya,Tidak,Kurang Gizi,Buta Total,Gangguan Ringan,Tidak Ada Gangguan
3201011190000114,3201012010180038,Cut Pratama,2000-09-21,26,Perempuan,Anak,Cerai Hidup,13659649.0,13659649.0,6,6,Sumatera Utara,Kota Medan,Medan Baru,Petisah Tengah,Jl. Gajah Mada No. 114,Bukan Penerima Bantuan,Tidak,Tidak,Belum Sekolah,SD/MI,SD/MI,Tidak,Transportasi & Pergudangan,Berusaha sendiri,532100000038,3500 VA,Dinas,Semen/Bata Merah,Bambu,Asbes,Sumur Terlindung,Listrik PLN Dengan Meteran,Kayu Bakar,Bersama,Tidak Ada Kloset,Lubang Tanah,Ya,Ya,Ya,Tidak,Ya,Ya,Resiko Stunting,Gangguan Ringan,Gangguan Ringan,Tidak Bisa Berjalan
3201011391000115,3201012010180039,Rina Kurniawan,2006-06-24,20,Perempuan,Kepala Keluarga,Cerai Mati,4104580.0,4104580.0,7,7,Bali,Kota Denpasar,Denpasar Selatan,Sidakarya,Jl. Raya Puputan No. 115,PBI APBN (Kemenkes),Ya,Tidak,Masih Sekolah,SD/MI,SD/MI,Ya,Jasa keuangan & asuransi,Berusaha sendiri,532100000039,Tanpa PLN,Milik Sendiri,Bambu,Kayu,Genteng Tanah Liat,Layanan Perpipaan (PDAM),Listrik Non PLN,LPG 5.5 kg / 12 kg,Tidak Ada,Leher Angsa,Kolam/Sawah/Sungai/Danau/Laut,Ya,Ya,Ya,Tidak,Tidak,Tidak,Resiko Stunting,Gangguan Ringan,Gangguan Ringan,Tidak Bisa Berjalan
3201011495000116,3201012010180039,Eko Sartika,1994-11-17,32,Laki-laki,Anak,Belum Kawin,12427817.0,12427817.0,7,7,Bali,Kota Denpasar,Denpasar Selatan,Sidakarya,Jl. Raya Puputan No. 116,PBI APBD (Pemda),Tidak,Ya,Masih Sekolah,SD/MI,SD/MI,Ya,Transportasi & Pergudangan,Berusaha sendiri,532100000039,3500 VA,Milik Sendiri,Ubin/Teraso,Seng,Beton,Mata Air Terlindung,Listrik PLN Dengan Meteran,Kayu Bakar,Sendiri,Leher Angsa,Pantai/Tanah Lapang/Kebun,Ya,Ya,Ya,Tidak,Tidak,Tidak,Normal,Buta Total,Tidak Ada Gangguan,Gangguan Ringan
3201012281000117,3201012010180039,Eko Pratama,1982-03-09,44,Laki-laki,Orang Tua/Mertua,Belum Kawin,9761146.0,9761146.0,4,4,Bali,Kota Denpasar,Denpasar Selatan,Sidakarya,Jl. Raya Puputan No. 117,PBI APBN (Kemenkes),Ya,Tidak,Belum Sekolah,Magister (S2),Magister (S2),Ya,"Pertanian, kehutanan, dan perikanan",Pekerja keluarga/tidak dibayar,532100000039,450 VA,Dinas,Tanah,Kayu,Bambu/Ijuk,Sumur Bor/Pompa,Bukan Listrik,Listrik,Sendiri,Plengsengan,Pantai/Tanah Lapang/Kebun,Ya,Tidak,Tidak,Tidak,Tidak,Tidak,Kurang Gizi,Gangguan Ringan,Gangguan Ringan,Tidak Bisa Berjalan
3201012785000118,3201012010180040,Anisa Hidayat,1990-09-16,36,Perempuan,Anak,Cerai Hidup,3822167.0,3822167.0,2,2,DKI Jakarta,Jakarta Selatan,Cilandak,Cilandak Barat,Jl. Mawar No. 118,PBI APBD (Pemda),Tidak,Ya,Tidak Sekolah Lagi,Magister (S2),Magister (S2),Ya,"Pertanian, kehutanan, dan perikanan",Berusaha sendiri,532100000040,3500 VA,Dinas,Semen/Bata Merah,Plesteran Anyaman Bambu,Beton,Air Hujan,Listrik PLN Dengan Meteran,LPG 5.5 kg / 12 kg,Tidak Ada,Leher Angsa,Tangki Septik,Ya,Ya,Tidak,Tidak,Ya,Ya,Wasting,Gangguan Ringan,Gangguan Ringan,Tidak Ada Gangguan
3201011193000119,3201012010180040,Yuni Wijaya,1994-11-17,32,Perempuan,Anak,Kawin/Nikah,1867570.0,1867570.0,4,4,DKI Jakarta,Jakarta Selatan,Cilandak,Cilandak Barat,Jl. Mawar No. 119,Bukan Penerima Bantuan,Tidak,Tidak,Tidak Sekolah Lagi,SMP/MTs,SMP/MTs,Ya,Industri pengolahan,Pekerja keluarga/tidak dibayar,532100000040,900 VA,Milik Sendiri,Semen/Bata Merah,Kayu,Bambu/Ijuk,Air Kemasan/Isi Ulang,Listrik PLN Tanpa Meteran,LPG 3 kg,Umum,Tidak Ada Kloset,Kolam/Sawah/Sungai/Danau/Laut,Ya,Tidak,Tidak,Ya,Ya,Ya,Normal,Gangguan Berat,Tuli Total,Tidak Bisa Berjalan
3201012881000120,3201012010180040,Bambang Setiawan,1969-10-07,57,Laki-laki,Orang Tua/Mertua,Cerai Mati,11968298.0,11968298.0,9,9,DKI Jakarta,Jakarta Selatan,Cilandak,Cilandak Barat,Jl. Mawar No. 120,PBI APBN (Kemenkes),Ya,Tidak,Belum Sekolah,SD/MI,SD/MI,Tidak,Administrasi pemerintahan,Buruh/Karyawan/Pegawai,532100000040,3500 VA,Bebas Sewa,Bambu,Plesteran Anyaman Bambu,Seng,Air Hujan,Bukan Listrik,Minyak Tanah,Tidak Ada,Plengsengan,Kolam/Sawah/Sungai/Danau/Laut,Ya,Tidak,Tidak,Ya,Tidak,Ya,Wasting,Tidak Ada Gangguan,Gangguan Ringan,Tidak Bisa Berjalan
3201011791000121,3201012010180041,Rina Putri,1981-06-17,45,Perempuan,Kepala Keluarga,Cerai Hidup,5980219.0,5980219.0,2,2,Jawa Barat,Kota Bogor,Bogor Tengah,Paledang,Jl. Pajajaran No. 121,Bukan Penerima Bantuan,Tidak,Tidak,Masih Sekolah,Diploma (D1-D4),Diploma (D1-D4),Tidak,Administrasi pemerintahan,Berusaha sendiri,532100000041,3500 VA,Bebas Sewa,Ubin/Teraso,Kayu,Asbes,Air Hujan,Listrik PLN Tanpa Meteran,LPG 5.5 kg / 12 kg,Bersama,Cemplung/Cubluk,Lubang Tanah,Ya,Ya,Ya,Ya,Tidak,Ya,Normal,Tidak Ada Gangguan,Tidak Ada Gangguan,Tidak Bisa Berjalan
3201012589000122,3201012010180041,Budi Rahmawati,1985-06-20,41,Laki-laki,Anak,Cerai Mati,9317173.0,9317173.0,7,7,Jawa Barat,Kota Bogor,Bogor Tengah,Paledang,Jl. Pajajaran No. 122,PBI APBD (Pemda),Tidak,Ya,Belum Sekolah,SMP/MTs,SMP/MTs,Ya,Transportasi & Pergudangan,Berusaha dibantu pekerja tidak tetap,532100000041,3500 VA,Milik Sendiri,Bambu,Bambu,Asbes,Air Hujan,Listrik PLN Tanpa Meteran,Minyak Tanah,Sendiri,Tidak Ada Kloset,Kolam/Sawah/Sungai/Danau/Laut,Ya,Ya,Ya,Ya,Tidak,Ya,Wasting,Gangguan Berat,Tuli Total,Gangguan Ringan
3201011587000123,3201012010180041,Hendra Kusuma,1972-08-20,54,Laki-laki,Anak,Cerai Hidup,12266074.0,12266074.0,6,6,Jawa Barat,Kota Bogor,Bogor Tengah,Paledang,Jl. Pajajaran No. 123,PKH & BPNT,Tidak,Tidak,Tidak Sekolah Lagi,SMA/SMK/MA,SMA/SMK/MA,Tidak,Jasa keuangan & asuransi,Pekerja keluarga/tidak dibayar,532100000041,900 VA,Kontrak/Sewa,Keramik,Bambu,Genteng Beton/Keramik,Mata Air Terlindung,Bukan Listrik,Minyak Tanah,Bersama,Plengsengan,Lubang Tanah,Ya,Tidak,Ya,Ya,Tidak,Tidak,Resiko Stunting,Gangguan Berat,Gangguan Ringan,Gangguan Ringan
3201011887000124,3201012010180042,Eko Rahmawati,1980-02-23,46,Laki-laki,Istri,Kawin/Nikah,1951867.0,1951867.0,8,8,Jawa Barat,Kota Bandung,Coblong,Dago,Jl. Ganesha No. 124,PKH & BPNT,Tidak,Tidak,Tidak Sekolah Lagi,SMA/SMK/MA,SMA/SMK/MA,Tidak,Konstruksi,Pekerja bebas,532100000042,450 VA,Dinas,Keramik,Bambu,Bambu/Ijuk,Mata Air Terlindung,Listrik PLN Tanpa Meteran,Kayu Bakar,Bersama,Cemplung/Cubluk,Kolam/Sawah/Sungai/Danau/Laut,Ya,Tidak,Tidak,Tidak,Ya,Tidak,Wasting,Buta Total,Tuli Total,Tidak Ada Gangguan
3201011590000125,3201012010180042,Cut Kurniawan,1995-10-19,31,Perempuan,Orang Tua/Mertua,Kawin/Nikah,8082539.0,8082539.0,6,6,Jawa Barat,Kota Bandung,Coblong,Dago,Jl. Ganesha No. 125,PKH & BPNT,Tidak,Tidak,Belum Sekolah,SMA/SMK/MA,SMA/SMK/MA,Tidak,Konstruksi,Berusaha dibantu pekerja tidak tetap,532100000042,1300 VA,Dinas,Kayu/Papan,Kayu,Genteng Beton/Keramik,Air Kemasan/Isi Ulang,Listrik PLN Tanpa Meteran,Biogas,Bersama,Cemplung/Cubluk,Tangki Septik,Ya,Ya,Ya,Tidak,Ya,Ya,Normal,Buta Total,Tuli Total,Tidak Ada Gangguan
3201011094000126,3201012010180042,Yuni Umar,1961-05-20,65,Perempuan,Istri,Kawin/Nikah,7123977.0,7123977.0,8,8,Jawa Barat,Kota Bandung,Coblong,Dago,Jl. Ganesha No. 126,PBI APBD (Pemda),Tidak,Ya,Masih Sekolah,Sarjana (S1),Sarjana (S1),Ya,Perdagangan besar dan eceran,Buruh/Karyawan/Pegawai,532100000042,Tanpa PLN,Bebas Sewa,Semen/Bata Merah,Seng,Asbes,Mata Air Terlindung,Listrik Non PLN,Kayu Bakar,Tidak Ada,Plengsengan,Lubang Tanah,Ya,Tidak,Tidak,Tidak,Tidak,Tidak,Resiko Stunting,Tidak Ada Gangguan,Gangguan Ringan,Gangguan Ringan
3201012183000127,3201012010180043,Hendra Nyak Dien,1974-01-01,52,Laki-laki,Istri,Cerai Hidup,10569768.0,10569768.0,8,8,Jawa Tengah,Kota Semarang,Semarang Selatan,Randusari,Jl. Pandanaran No. 127,PKH & BPNT,Tidak,Tidak,Masih Sekolah,Diploma (D1-D4),Diploma (D1-D4),Tidak,Industri pengolahan,Buruh/Karyawan/Pegawai,532100000043,3500 VA,Bebas Sewa,Ubin/Teraso,Seng,Beton,Sumur Terlindung,Bukan Listrik,LPG 5.5 kg / 12 kg,Bersama,Tidak Ada Kloset,Pantai/Tanah Lapang/Kebun,Ya,Ya,Tidak,Ya,Tidak,Ya,Wasting,Gangguan Berat,Tuli Total,Tidak Bisa Berjalan
3201012795000128,3201012010180043,Hendra Kurniawan,1967-02-06,59,Laki-laki,Istri,Cerai Hidup,15681889.0,15681889.0,5,5,Jawa Tengah,Kota Semarang,Semarang Selatan,Randusari,Jl. Pandanaran No. 128,Bukan Penerima Bantuan,Tidak,Tidak,Tidak Sekolah Lagi,SMP/MTs,SMP/MTs,Tidak,Perdagangan besar dan eceran,Berusaha sendiri,532100000043,450 VA,Milik Sendiri,Ubin/Teraso,Tembok,Seng,Sumur Bor/Pompa,Listrik PLN Tanpa Meteran,Biogas,Tidak Ada,Leher Angsa,Lubang Tanah,Ya,Ya,Ya,Ya,Tidak,Ya,Wasting,Buta Total,Gangguan Ringan,Gangguan Ringan
3201012184000129,3201012010180043,Siti Putri,1960-03-02,66,Perempuan,Anak,Cerai Mati,4239156.0,4239156.0,5,5,Jawa Tengah,Kota Semarang,Semarang Selatan,Randusari,Jl. Pandanaran No. 129,PBI APBN + PKH,Ya,Tidak,Masih Sekolah,SD/MI,SD/MI,Ya,Transportasi & Pergudangan,Berusaha dibantu pekerja tidak tetap,532100000043,900 VA,Milik Sendiri,Ubin/Teraso,Seng,Bambu/Ijuk,Air Kemasan/Isi Ulang,Listrik PLN Tanpa Meteran,Minyak Tanah,Tidak Ada,Cemplung/Cubluk,Kolam/Sawah/Sungai/Danau/Laut,Ya,Ya,Ya,Ya,Tidak,Tidak,Wasting,Gangguan Ringan,Gangguan Ringan,Tidak Ada Gangguan
3201011673000130,3201012010180044,Rina Kurniawan,1975-01-06,51,Perempuan,Anak,Kawin/Nikah,2330070.0,2330070.0,10,10,Jawa Timur,Kota Surabaya,Tegalsari,Kedungdoro,Jl. Basuki Rahmat No. 130,PBI APBN + PKH,Ya,Tidak,Belum Sekolah,Sarjana (S1),Sarjana (S1),Ya,Administrasi pemerintahan,Buruh/Karyawan/Pegawai,532100000044,900 VA,Kontrak/Sewa,Kayu/Papan,Tembok,Bambu/Ijuk,Mata Air Terlindung,Listrik Non PLN,Biogas,Sendiri,Leher Angsa,Kolam/Sawah/Sungai/Danau/Laut,Ya,Ya,Ya,Ya,Tidak,Ya,Wasting,Gangguan Berat,Gangguan Ringan,Tidak Bisa Berjalan
3201011670000131,3201012010180044,Yuni Hidayat,2001-03-09,25,Perempuan,Kepala Keluarga,Cerai Mati,15052783.0,15052783.0,4,4,Jawa Timur,Kota Surabaya,Tegalsari,Kedungdoro,Jl. Basuki Rahmat No. 131,Bukan Penerima Bantuan,Tidak,Tidak,Masih Sekolah,Sarjana (S1),Sarjana (S1),Tidak,Administrasi pemerintahan,Berusaha dibantu pekerja tidak tetap,532100000044,1300 VA,Kontrak/Sewa,Keramik,Plesteran Anyaman Bambu,Genteng Beton/Keramik,Sumur Terlindung,Listrik Non PLN,Listrik,Umum,Tidak Ada Kloset,Tangki Septik,Ya,Tidak,Ya,Ya,Tidak,Ya,Wasting,Tidak Ada Gangguan,Tuli Total,Tidak Bisa Berjalan
3201012276000132,3201012010180044,Agus Lestari,2004-09-05,22,Laki-laki,Anak,Cerai Hidup,2359422.0,2359422.0,9,9,Jawa Timur,Kota Surabaya,Tegalsari,Kedungdoro,Jl. Basuki Rahmat No. 132,PBI APBN (Kemenkes),Ya,Tidak,Masih Sekolah,SMP/MTs,SMP/MTs,Ya,Perdagangan besar dan eceran,Berusaha sendiri,532100000044,450 VA,Dinas,Ubin/Teraso,Tembok,Genteng Tanah Liat,Mata Air Terlindung,Bukan Listrik,Biogas,Tidak Ada,Cemplung/Cubluk,Tangki Septik,Ya,Tidak,Ya,Ya,Ya,Ya,Kurang Gizi,Tidak Ada Gangguan,Gangguan Ringan,Tidak Bisa Berjalan
3201011181000133,3201012010180045,Tri Kurniawan,2007-06-26,19,Laki-laki,Kepala Keluarga,Cerai Hidup,5790458.0,5790458.0,2,2,Banten,Kota Tangerang,Tangerang,Sukarasa,Jl. Merdeka No. 133,PBI APBD (Pemda),Tidak,Ya,Belum Sekolah,SD/MI,SD/MI,Ya,Industri pengolahan,Pekerja keluarga/tidak dibayar,532100000045,2200 VA,Kontrak/Sewa,Ubin/Teraso,Plesteran Anyaman Bambu,Bambu/Ijuk,Layanan Perpipaan (PDAM),Listrik PLN Tanpa Meteran,Kayu Bakar,Tidak Ada,Leher Angsa,Kolam/Sawah/Sungai/Danau/Laut,Ya,Tidak,Tidak,Ya,Ya,Ya,Kurang Gizi,Gangguan Berat,Tuli Total,Tidak Ada Gangguan
3201012789000134,3201012010180045,Ahmad Hidayat,1975-09-11,51,Laki-laki,Anak,Cerai Mati,4622254.0,4622254.0,10,10,Banten,Kota Tangerang,Tangerang,Sukarasa,Jl. Merdeka No. 134,Bukan Penerima Bantuan,Tidak,Tidak,Masih Sekolah,Diploma (D1-D4),Diploma (D1-D4),Tidak,Administrasi pemerintahan,Berusaha dibantu pekerja tidak tetap,532100000045,2200 VA,Dinas,Keramik,Tembok,Seng,Mata Air Terlindung,Listrik PLN Dengan Meteran,Kayu Bakar,Bersama,Cemplung/Cubluk,Tangki Septik,Ya,Tidak,Ya,Ya,Tidak,Ya,Wasting,Gangguan Ringan,Tidak Ada Gangguan,Tidak Ada Gangguan
3201012481000135,3201012010180045,Wawan Nyak Dien,1971-06-19,55,Laki-laki,Istri,Belum Kawin,15285593.0,15285593.0,10,10,Banten,Kota Tangerang,Tangerang,Sukarasa,Jl. Merdeka No. 135,PBI APBD (Pemda),Tidak,Ya,Belum Sekolah,SD/MI,SD/MI,Tidak,Penyediaan Akomodasi & Makan Minum,Berusaha sendiri,532100000045,2200 VA,Milik Sendiri,Bambu,Bambu,Genteng Tanah Liat,Air Hujan,Bukan Listrik,LPG 3 kg,Sendiri,Cemplung/Cubluk,Kolam/Sawah/Sungai/Danau/Laut,Ya,Tidak,Tidak,Ya,Ya,Ya,Kurang Gizi,Tidak Ada Gangguan,Gangguan Ringan,Tidak Bisa Berjalan
3201011180000136,3201012010180046,Tri Nyak Dien,1975-09-23,51,Laki-laki,Istri,Belum Kawin,1605947.0,1605947.0,4,4,Sumatera Utara,Kota Medan,Medan Baru,Petisah Tengah,Jl. Gajah Mada No. 136,PBI APBN + PKH,Ya,Tidak,Tidak Sekolah Lagi,Diploma (D1-D4),Diploma (D1-D4),Ya,Jasa keuangan & asuransi,Pekerja bebas,532100000046,450 VA,Dinas,Bambu,Tembok,Beton,Sumur Terlindung,Listrik Non PLN,LPG 3 kg,Tidak Ada,Tidak Ada Kloset,Lubang Tanah,Ya,Ya,Tidak,Ya,Tidak,Tidak,Resiko Stunting,Gangguan Ringan,Tidak Ada Gangguan,Tidak Ada Gangguan
3201011894000137,3201012010180046,Irfan Putri,1998-10-03,28,Laki-laki,Kepala Keluarga,Cerai Mati,8121818.0,8121818.0,6,6,Sumatera Utara,Kota Medan,Medan Baru,Petisah Tengah,Jl. Gajah Mada No. 137,Bukan Penerima Bantuan,Tidak,Tidak,Belum Sekolah,SD/MI,SD/MI,Tidak,Jasa keuangan & asuransi,Pekerja bebas,532100000046,3500 VA,Dinas,Bambu,Kayu,Asbes,Air Kemasan/Isi Ulang,Listrik PLN Tanpa Meteran,LPG 5.5 kg / 12 kg,Umum,Plengsengan,Tangki Septik,Ya,Ya,Ya,Ya,Ya,Tidak,Normal,Gangguan Berat,Tuli Total,Tidak Ada Gangguan
3201011984000138,3201012010180046,Nur Santoso,1976-04-24,50,Perempuan,Istri,Belum Kawin,15103668.0,15103668.0,10,10,Sumatera Utara,Kota Medan,Medan Baru,Petisah Tengah,Jl. Gajah Mada No. 138,PBI APBD (Pemda),Tidak,Ya,Belum Sekolah,Magister (S2),Magister (S2),Ya,Transportasi & Pergudangan,Pekerja keluarga/tidak dibayar,532100000046,Tanpa PLN,Milik Sendiri,Semen/Bata Merah,Kayu,Genteng Tanah Liat,Sumur Bor/Pompa,Listrik PLN Tanpa Meteran,Biogas,Umum,Leher Angsa,Pantai/Tanah Lapang/Kebun,Ya,Ya,Ya,Tidak,Tidak,Tidak,Normal,Tidak Ada Gangguan,Gangguan Ringan,Tidak Bisa Berjalan
3201012277000139,3201012010180047,Yuni Pratama,1975-08-28,51,Perempuan,Kepala Keluarga,Belum Kawin,1917071.0,1917071.0,1,1,Bali,Kota Denpasar,Denpasar Selatan,Sidakarya,Jl. Raya Puputan No. 139,PBI APBD (Pemda),Tidak,Ya,Belum Sekolah,SMA/SMK/MA,SMA/SMK/MA,Tidak,Penyediaan Akomodasi & Makan Minum,Berusaha dibantu pekerja tidak tetap,532100000047,Tanpa PLN,Kontrak/Sewa,Keramik,Bambu,Bambu/Ijuk,Sumur Bor/Pompa,Listrik Non PLN,Biogas,Umum,Plengsengan,Kolam/Sawah/Sungai/Danau/Laut,Ya,Ya,Tidak,Tidak,Ya,Tidak,Resiko Stunting,Gangguan Ringan,Gangguan Ringan,Gangguan Ringan
3201011472000140,3201012010180047,Yuni Kusuma,1981-04-19,45,Perempuan,Istri,Cerai Mati,4369550.0,4369550.0,4,4,Bali,Kota Denpasar,Denpasar Selatan,Sidakarya,Jl. Raya Puputan No. 140,PBI APBD (Pemda),Tidak,Ya,Belum Sekolah,Sarjana (S1),Sarjana (S1),Ya,Jasa keuangan & asuransi,Pekerja bebas,532100000047,Tanpa PLN,Kontrak/Sewa,Kayu/Papan,Kayu,Bambu/Ijuk,Mata Air Terlindung,Listrik PLN Tanpa Meteran,Listrik,Sendiri,Leher Angsa,Lubang Tanah,Ya,Tidak,Ya,Ya,Tidak,Tidak,Kurang Gizi,Gangguan Berat,Gangguan Ringan,Tidak Bisa Berjalan
3201011874000141,3201012010180047,Rahmat Pratama,1963-03-01,63,Laki-laki,Anak,Belum Kawin,2750659.0,2750659.0,6,6,Bali,Kota Denpasar,Denpasar Selatan,Sidakarya,Jl. Raya Puputan No. 141,PBI APBN (Kemenkes),Ya,Tidak,Belum Sekolah,Diploma (D1-D4),Diploma (D1-D4),Ya,Penyediaan Akomodasi & Makan Minum,Pekerja bebas,532100000047,900 VA,Dinas,Kayu/Papan,Seng,Genteng Beton/Keramik,Layanan Perpipaan (PDAM),Listrik PLN Tanpa Meteran,LPG 5.5 kg / 12 kg,Sendiri,Tidak Ada Kloset,Tangki Septik,Ya,Tidak,Tidak,Ya,Ya,Ya,Normal,Gangguan Ringan,Gangguan Ringan,Tidak Bisa Berjalan
3201012592000142,3201012010180048,Cut Suryani,1970-07-13,56,Perempuan,Kepala Keluarga,Cerai Mati,2156193.0,2156193.0,9,9,DKI Jakarta,Jakarta Selatan,Cilandak,Cilandak Barat,Jl. Mawar No. 142,PBI APBN (Kemenkes),Ya,Tidak,Tidak Sekolah Lagi,Diploma (D1-D4),Diploma (D1-D4),Ya,Industri pengolahan,Pekerja keluarga/tidak dibayar,532100000048,3500 VA,Dinas,Tanah,Tembok,Beton,Sumur Terlindung,Listrik PLN Dengan Meteran,LPG 5.5 kg / 12 kg,Umum,Tidak Ada Kloset,Pantai/Tanah Lapang/Kebun,Ya,Tidak,Tidak,Tidak,Ya,Tidak,Wasting,Tidak Ada Gangguan,Tuli Total,Tidak Bisa Berjalan
3201011484000143,3201012010180048,Ahmad Umar,2001-09-04,25,Laki-laki,Istri,Belum Kawin,2324320.0,2324320.0,3,3,DKI Jakarta,Jakarta Selatan,Cilandak,Cilandak Barat,Jl. Mawar No. 143,PBI APBN + PKH,Ya,Tidak,Belum Sekolah,Magister (S2),Magister (S2),Ya,Penyediaan Akomodasi & Makan Minum,Buruh/Karyawan/Pegawai,532100000048,1300 VA,Bebas Sewa,Tanah,Kayu,Bambu/Ijuk,Air Hujan,Listrik PLN Dengan Meteran,LPG 3 kg,Sendiri,Tidak Ada Kloset,Kolam/Sawah/Sungai/Danau/Laut,Ya,Ya,Tidak,Ya,Tidak,Tidak,Normal,Gangguan Ringan,Gangguan Ringan,Tidak Bisa Berjalan
3201011475000144,3201012010180048,Wawan Sartika,2004-12-02,22,Laki-laki,Orang Tua/Mertua,Cerai Hidup,4631260.0,4631260.0,2,2,DKI Jakarta,Jakarta Selatan,Cilandak,Cilandak Barat,Jl. Mawar No. 144,PBI APBD (Pemda),Tidak,Ya,Masih Sekolah,SD/MI,SD/MI,Tidak,Perdagangan besar dan eceran,Berusaha dibantu pekerja tidak tetap,532100000048,2200 VA,Dinas,Bambu,Tembok,Beton,Sumur Terlindung,Listrik PLN Tanpa Meteran,LPG 5.5 kg / 12 kg,Tidak Ada,Tidak Ada Kloset,Pantai/Tanah Lapang/Kebun,Ya,Tidak,Ya,Ya,Ya,Tidak,Resiko Stunting,Tidak Ada Gangguan,Tidak Ada Gangguan,Tidak Ada Gangguan
3201011190000145,3201012010180049,Bambang Rahmawati,1964-01-22,62,Laki-laki,Anak,Cerai Hidup,3202826.0,3202826.0,3,3,Jawa Barat,Kota Bogor,Bogor Tengah,Paledang,Jl. Pajajaran No. 145,PKH & BPNT,Tidak,Tidak,Belum Sekolah,Magister (S2),Magister (S2),Ya,Penyediaan Akomodasi & Makan Minum,Pekerja keluarga/tidak dibayar,532100000049,1300 VA,Milik Sendiri,Keramik,Bambu,Seng,Sumur Bor/Pompa,Bukan Listrik,LPG 3 kg,Tidak Ada,Leher Angsa,Kolam/Sawah/Sungai/Danau/Laut,Ya,Tidak,Ya,Ya,Tidak,Tidak,Kurang Gizi,Gangguan Ringan,Tuli Total,Tidak Ada Gangguan
3201011173000146,3201012010180049,Eko Umar,1985-12-23,41,Laki-laki,Anak,Cerai Mati,7378186.0,7378186.0,3,3,Jawa Barat,Kota Bogor,Bogor Tengah,Paledang,Jl. Pajajaran No. 146,Bukan Penerima Bantuan,Tidak,Tidak,Belum Sekolah,Diploma (D1-D4),Diploma (D1-D4),Tidak,Penyediaan Akomodasi & Makan Minum,Berusaha sendiri,532100000049,3500 VA,Kontrak/Sewa,Tanah,Bambu,Genteng Beton/Keramik,Air Kemasan/Isi Ulang,Listrik PLN Dengan Meteran,LPG 3 kg,Tidak Ada,Leher Angsa,Lubang Tanah,Ya,Tidak,Tidak,Ya,Tidak,Tidak,Resiko Stunting,Tidak Ada Gangguan,Tuli Total,Tidak Ada Gangguan
3201011978000147,3201012010180049,Teuku Nurbaya,1974-09-18,52,Laki-laki,Anak,Kawin/Nikah,13363548.0,13363548.0,10,10,Jawa Barat,Kota Bogor,Bogor Tengah,Paledang,Jl. Pajajaran No. 147,Bukan Penerima Bantuan,Tidak,Tidak,Masih Sekolah,SMP/MTs,SMP/MTs,Ya,Administrasi pemerintahan,Pekerja bebas,532100000049,Tanpa PLN,Dinas,Kayu/Papan,Tembok,Bambu/Ijuk,Layanan Perpipaan (PDAM),Bukan Listrik,LPG 5.5 kg / 12 kg,Tidak Ada,Cemplung/Cubluk,Pantai/Tanah Lapang/Kebun,Ya,Tidak,Ya,Tidak,Tidak,Ya,Resiko Stunting,Gangguan Berat,Gangguan Ringan,Tidak Ada Gangguan
3201011478000148,3201012010180050,Budi Putri,1979-11-18,47,Laki-laki,Istri,Cerai Mati,6180163.0,6180163.0,6,6,Jawa Barat,Kota Bandung,Coblong,Dago,Jl. Ganesha No. 148,PBI APBN (Kemenkes),Ya,Tidak,Tidak Sekolah Lagi,Diploma (D1-D4),Diploma (D1-D4),Ya,Penyediaan Akomodasi & Makan Minum,Berusaha sendiri,532100000050,1300 VA,Dinas,Semen/Bata Merah,Kayu,Beton,Sumur Bor/Pompa,Listrik PLN Tanpa Meteran,LPG 3 kg,Umum,Leher Angsa,Lubang Tanah,Ya,Ya,Tidak,Ya,Tidak,Ya,Resiko Stunting,Gangguan Berat,Gangguan Ringan,Tidak Bisa Berjalan
3201012679000149,3201012010180050,Cut Nyak Dien,2004-02-27,22,Perempuan,Istri,Belum Kawin,1576656.0,1576656.0,1,1,Jawa Barat,Kota Bandung,Coblong,Dago,Jl. Ganesha No. 149,PKH & BPNT,Tidak,Tidak,Masih Sekolah,Magister (S2),Magister (S2),Ya,Administrasi pemerintahan,Berusaha dibantu pekerja tidak tetap,532100000050,450 VA,Milik Sendiri,Bambu,Bambu,Genteng Tanah Liat,Mata Air Terlindung,Listrik Non PLN,Biogas,Bersama,Cemplung/Cubluk,Lubang Tanah,Ya,Ya,Tidak,Tidak,Tidak,Tidak,Normal,Gangguan Berat,Tidak Ada Gangguan,Tidak Ada Gangguan
3201011873000150,3201012010180050,Budi Pratama,1968-09-12,58,Laki-laki,Anak,Cerai Hidup,4577136.0,4577136.0,3,3,Jawa Barat,Kota Bandung,Coblong,Dago,Jl. Ganesha No. 150,PBI APBN (Kemenkes),Ya,Tidak,Tidak Sekolah Lagi,Sarjana (S1),Sarjana (S1),Tidak,Penyediaan Akomodasi & Makan Minum,Buruh/Karyawan/Pegawai,532100000050,900 VA,Milik Sendiri,Kayu/Papan,Tembok,Genteng Tanah Liat,Sumur Terlindung,Listrik PLN Dengan Meteran,LPG 3 kg,Tidak Ada,Tidak Ada Kloset,Lubang Tanah,Ya,Tidak,Tidak,Tidak,Tidak,Ya,Normal,Buta Total,Tuli Total,Tidak Ada Gangguan
3201011296000151,3201012010180051,Ahmad Pratama,1984-05-22,42,Laki-laki,Orang Tua/Mertua,Cerai Mati,6405624.0,6405624.0,6,6,Jawa Tengah,Kota Semarang,Semarang Selatan,Randusari,Jl. Pandanaran No. 151,PBI APBN + PKH,Ya,Tidak,Masih Sekolah,Magister (S2),Magister (S2),Tidak,Administrasi pemerintahan,Berusaha dibantu pekerja tidak tetap,532100000051,2200 VA,Milik Sendiri,Keramik,Seng,Genteng Tanah Liat,Sumur Bor/Pompa,Bukan Listrik,Minyak Tanah,Bersama,Cemplung/Cubluk,Kolam/Sawah/Sungai/Danau/Laut,Ya,Ya,Ya,Tidak,Ya,Tidak,Normal,Gangguan Berat,Tuli Total,Gangguan Ringan
3201012288000152,3201012010180051,Irfan Kusuma,1994-04-18,32,Laki-laki,Istri,Cerai Mati,12246828.0,12246828.0,7,7,Jawa Tengah,Kota Semarang,Semarang Selatan,Randusari,Jl. Pandanaran No. 152,Bukan Penerima Bantuan,Tidak,Tidak,Tidak Sekolah Lagi,Sarjana (S1),Sarjana (S1),Ya,Jasa keuangan & asuransi,Buruh/Karyawan/Pegawai,532100000051,Tanpa PLN,Dinas,Keramik,Plesteran Anyaman Bambu,Beton,Sumur Terlindung,Listrik Non PLN,Kayu Bakar,Sendiri,Tidak Ada Kloset,Lubang Tanah,Ya,Tidak,Tidak,Ya,Ya,Tidak,Wasting,Buta Total,Tuli Total,Tidak Bisa Berjalan
3201011172000153,3201012010180051,Rahmat Nyak Dien,1992-11-26,34,Laki-laki,Kepala Keluarga,Belum Kawin,12945306.0,12945306.0,10,10,Jawa Tengah,Kota Semarang,Semarang Selatan,Randusari,Jl. Pandanaran No. 153,Bukan Penerima Bantuan,Tidak,Tidak,Tidak Sekolah Lagi,SMP/MTs,SMP/MTs,Ya,Administrasi pemerintahan,Pekerja bebas,532100000051,3500 VA,Bebas Sewa,Kayu/Papan,Bambu,Genteng Tanah Liat,Mata Air Terlindung,Listrik PLN Dengan Meteran,Kayu Bakar,Tidak Ada,Plengsengan,Kolam/Sawah/Sungai/Danau/Laut,Ya,Ya,Tidak,Ya,Ya,Tidak,Normal,Gangguan Berat,Tidak Ada Gangguan,Tidak Ada Gangguan
3201012392000154,3201012010180052,Eko Wijaya,1995-06-23,31,Laki-laki,Orang Tua/Mertua,Cerai Mati,4012659.0,4012659.0,8,8,Jawa Timur,Kota Surabaya,Tegalsari,Kedungdoro,Jl. Basuki Rahmat No. 154,PBI APBD (Pemda),Tidak,Ya,Masih Sekolah,Sarjana (S1),Sarjana (S1),Tidak,Administrasi pemerintahan,Berusaha dibantu pekerja tidak tetap,532100000052,900 VA,Bebas Sewa,Tanah,Kayu,Genteng Beton/Keramik,Air Kemasan/Isi Ulang,Listrik PLN Dengan Meteran,Biogas,Sendiri,Plengsengan,Pantai/Tanah Lapang/Kebun,Ya,Tidak,Ya,Ya,Ya,Tidak,Kurang Gizi,Buta Total,Tuli Total,Tidak Ada Gangguan
3201012486000155,3201012010180052,Irfan Suryani,1979-06-08,47,Laki-laki,Istri,Cerai Mati,3115581.0,3115581.0,9,9,Jawa Timur,Kota Surabaya,Tegalsari,Kedungdoro,Jl. Basuki Rahmat No. 155,PKH & BPNT,Tidak,Tidak,Tidak Sekolah Lagi,Sarjana (S1),Sarjana (S1),Tidak,Perdagangan besar dan eceran,Buruh/Karyawan/Pegawai,532100000052,3500 VA,Dinas,Tanah,Bambu,Genteng Tanah Liat,Mata Air Terlindung,Bukan Listrik,Biogas,Sendiri,Plengsengan,Kolam/Sawah/Sungai/Danau/Laut,Ya,Tidak,Ya,Ya,Ya,Tidak,Normal,Gangguan Berat,Tuli Total,Tidak Ada Gangguan
3201012087000156,3201012010180052,Budi Lestari,1984-09-16,42,Laki-laki,Anak,Cerai Mati,4773995.0,4773995.0,1,1,Jawa Timur,Kota Surabaya,Tegalsari,Kedungdoro,Jl. Basuki Rahmat No. 156,Bukan Penerima Bantuan,Tidak,Tidak,Belum Sekolah,SMA/SMK/MA,SMA/SMK/MA,Tidak,Perdagangan besar dan eceran,Berusaha dibantu pekerja tidak tetap,532100000052,3500 VA,Kontrak/Sewa,Bambu,Tembok,Bambu/Ijuk,Sumur Bor/Pompa,Listrik PLN Dengan Meteran,Listrik,Tidak Ada,Leher Angsa,Lubang Tanah,Ya,Ya,Tidak,Tidak,Ya,Tidak,Wasting,Gangguan Berat,Tidak Ada Gangguan,Tidak Bisa Berjalan
3201011389000157,3201012010180053,Anisa Nyak Dien,1997-08-12,29,Perempuan,Istri,Cerai Hidup,1995338.0,1995338.0,6,6,Banten,Kota Tangerang,Tangerang,Sukarasa,Jl. Merdeka No. 157,PBI APBN (Kemenkes),Ya,Tidak,Masih Sekolah,Sarjana (S1),Sarjana (S1),Ya,Penyediaan Akomodasi & Makan Minum,Berusaha dibantu pekerja tidak tetap,532100000053,2200 VA,Kontrak/Sewa,Tanah,Seng,Bambu/Ijuk,Air Hujan,Listrik PLN Tanpa Meteran,LPG 5.5 kg / 12 kg,Umum,Leher Angsa,Kolam/Sawah/Sungai/Danau/Laut,Ya,Ya,Ya,Ya,Tidak,Tidak,Kurang Gizi,Gangguan Berat,Gangguan Ringan,Tidak Bisa Berjalan
3201012777000158,3201012010180053,Yuni Wijaya,1985-05-05,41,Perempuan,Orang Tua/Mertua,Kawin/Nikah,8964980.0,8964980.0,9,9,Banten,Kota Tangerang,Tangerang,Sukarasa,Jl. Merdeka No. 158,PBI APBN (Kemenkes),Ya,Tidak,Masih Sekolah,Sarjana (S1),Sarjana (S1),Tidak,Transportasi & Pergudangan,Pekerja keluarga/tidak dibayar,532100000053,Tanpa PLN,Bebas Sewa,Semen/Bata Merah,Bambu,Seng,Air Kemasan/Isi Ulang,Listrik Non PLN,Biogas,Tidak Ada,Tidak Ada Kloset,Lubang Tanah,Ya,Ya,Tidak,Ya,Tidak,Ya,Normal,Tidak Ada Gangguan,Tidak Ada Gangguan,Gangguan Ringan
3201011386000159,3201012010180053,Dewi Suryani,1977-04-24,49,Perempuan,Anak,Cerai Hidup,1904917.0,1904917.0,1,1,Banten,Kota Tangerang,Tangerang,Sukarasa,Jl. Merdeka No. 159,Bukan Penerima Bantuan,Tidak,Tidak,Belum Sekolah,SMP/MTs,SMP/MTs,Ya,"Pertanian, kehutanan, dan perikanan",Buruh/Karyawan/Pegawai,532100000053,3500 VA,Kontrak/Sewa,Kayu/Papan,Plesteran Anyaman Bambu,Genteng Beton/Keramik,Air Kemasan/Isi Ulang,Listrik PLN Tanpa Meteran,Listrik,Umum,Tidak Ada Kloset,Tangki Septik,Ya,Tidak,Tidak,Tidak,Tidak,Tidak,Resiko Stunting,Tidak Ada Gangguan,Gangguan Ringan,Tidak Ada Gangguan
3201012282000160,3201012010180054,Cut Rahmawati,1971-05-06,55,Perempuan,Orang Tua/Mertua,Kawin/Nikah,11996881.0,11996881.0,2,2,Sumatera Utara,Kota Medan,Medan Baru,Petisah Tengah,Jl. Gajah Mada No. 160,PBI APBD (Pemda),Tidak,Ya,Belum Sekolah,Diploma (D1-D4),Diploma (D1-D4),Ya,"Pertanian, kehutanan, dan perikanan",Berusaha dibantu pekerja tidak tetap,532100000054,Tanpa PLN,Bebas Sewa,Keramik,Tembok,Genteng Tanah Liat,Air Kemasan/Isi Ulang,Listrik Non PLN,Minyak Tanah,Sendiri,Tidak Ada Kloset,Lubang Tanah,Ya,Ya,Ya,Tidak,Tidak,Ya,Wasting,Buta Total,Tuli Total,Tidak Ada Gangguan
3201012692000161,3201012010180054,Nur Lestari,1982-07-28,44,Perempuan,Kepala Keluarga,Belum Kawin,9243865.0,9243865.0,6,6,Sumatera Utara,Kota Medan,Medan Baru,Petisah Tengah,Jl. Gajah Mada No. 161,PKH & BPNT,Tidak,Tidak,Tidak Sekolah Lagi,SD/MI,SD/MI,Ya,Administrasi pemerintahan,Pekerja keluarga/tidak dibayar,532100000054,1300 VA,Milik Sendiri,Kayu/Papan,Bambu,Bambu/Ijuk,Layanan Perpipaan (PDAM),Listrik PLN Tanpa Meteran,Kayu Bakar,Sendiri,Tidak Ada Kloset,Lubang Tanah,Ya,Tidak,Tidak,Ya,Tidak,Tidak,Normal,Buta Total,Tuli Total,Tidak Ada Gangguan
3201011471000162,3201012010180054,Rahmat Santoso,2001-10-08,25,Laki-laki,Orang Tua/Mertua,Cerai Mati,9734479.0,9734479.0,8,8,Sumatera Utara,Kota Medan,Medan Baru,Petisah Tengah,Jl. Gajah Mada No. 162,Bukan Penerima Bantuan,Tidak,Tidak,Tidak Sekolah Lagi,SD/MI,SD/MI,Ya,Administrasi pemerintahan,Buruh/Karyawan/Pegawai,532100000054,1300 VA,Milik Sendiri,Kayu/Papan,Tembok,Genteng Beton/Keramik,Air Hujan,Bukan Listrik,Biogas,Bersama,Plengsengan,Tangki Septik,Ya,Ya,Ya,Tidak,Ya,Tidak,Normal,Gangguan Ringan,Tuli Total,Tidak Bisa Berjalan
3201011470000163,3201012010180055,Anisa Rahmawati,1974-02-15,52,Perempuan,Istri,Kawin/Nikah,3339452.0,3339452.0,2,2,Bali,Kota Denpasar,Denpasar Selatan,Sidakarya,Jl. Raya Puputan No. 163,PBI APBD (Pemda),Tidak,Ya,Tidak Sekolah Lagi,SMA/SMK/MA,SMA/SMK/MA,Tidak,Administrasi pemerintahan,Buruh/Karyawan/Pegawai,532100000055,Tanpa PLN,Kontrak/Sewa,Semen/Bata Merah,Kayu,Genteng Tanah Liat,Mata Air Terlindung,Listrik PLN Tanpa Meteran,Listrik,Sendiri,Leher Angsa,Kolam/Sawah/Sungai/Danau/Laut,Ya,Ya,Tidak,Ya,Tidak,Ya,Kurang Gizi,Gangguan Ringan,Tuli Total,Tidak Ada Gangguan
3201011473000164,3201012010180055,Sri Wijaya,2004-03-01,22,Perempuan,Orang Tua/Mertua,Kawin/Nikah,1513316.0,1513316.0,10,10,Bali,Kota Denpasar,Denpasar Selatan,Sidakarya,Jl. Raya Puputan No. 164,PKH & BPNT,Tidak,Tidak,Tidak Sekolah Lagi,Magister (S2),Magister (S2),Tidak,Jasa keuangan & asuransi,Berusaha sendiri,532100000055,900 VA,Bebas Sewa,Bambu,Seng,Asbes,Layanan Perpipaan (PDAM),Listrik PLN Tanpa Meteran,Kayu Bakar,Sendiri,Plengsengan,Pantai/Tanah Lapang/Kebun,Ya,Ya,Tidak,Tidak,Tidak,Ya,Resiko Stunting,Gangguan Ringan,Tidak Ada Gangguan,Tidak Bisa Berjalan
3201011389000165,3201012010180055,Bambang Kusuma,1984-11-22,42,Laki-laki,Istri,Cerai Hidup,3506258.0,3506258.0,8,8,Bali,Kota Denpasar,Denpasar Selatan,Sidakarya,Jl. Raya Puputan No. 165,PBI APBN + PKH,Ya,Tidak,Masih Sekolah,SMP/MTs,SMP/MTs,Ya,Perdagangan besar dan eceran,Pekerja bebas,532100000055,1300 VA,Kontrak/Sewa,Kayu/Papan,Bambu,Seng,Mata Air Terlindung,Bukan Listrik,LPG 3 kg,Sendiri,Leher Angsa,Lubang Tanah,Ya,Ya,Ya,Tidak,Ya,Ya,Resiko Stunting,Buta Total,Tuli Total,Tidak Bisa Berjalan
3201012083000166,3201012010180056,Rahmat Putri,1969-02-11,57,Laki-laki,Istri,Kawin/Nikah,4647169.0,4647169.0,7,7,DKI Jakarta,Jakarta Selatan,Cilandak,Cilandak Barat,Jl. Mawar No. 166,PBI APBD (Pemda),Tidak,Ya,Masih Sekolah,Diploma (D1-D4),Diploma (D1-D4),Tidak,Perdagangan besar dan eceran,Berusaha dibantu pekerja tidak tetap,532100000056,900 VA,Kontrak/Sewa,Bambu,Seng,Genteng Beton/Keramik,Sumur Terlindung,Listrik Non PLN,LPG 5.5 kg / 12 kg,Tidak Ada,Plengsengan,Kolam/Sawah/Sungai/Danau/Laut,Ya,Tidak,Ya,Tidak,Ya,Ya,Normal,Gangguan Berat,Tidak Ada Gangguan,Tidak Ada Gangguan
3201012484000167,3201012010180056,Irfan Sartika,2003-06-08,23,Laki-laki,Anak,Belum Kawin,11225399.0,11225399.0,9,9,DKI Jakarta,Jakarta Selatan,Cilandak,Cilandak Barat,Jl. Mawar No. 167,PBI APBN + PKH,Ya,Tidak,Masih Sekolah,Sarjana (S1),Sarjana (S1),Tidak,Penyediaan Akomodasi & Makan Minum,Pekerja bebas,532100000056,450 VA,Dinas,Tanah,Kayu,Genteng Beton/Keramik,Sumur Bor/Pompa,Bukan Listrik,Kayu Bakar,Bersama,Plengsengan,Tangki Septik,Ya,Tidak,Ya,Ya,Tidak,Ya,Kurang Gizi,Buta Total,Gangguan Ringan,Tidak Bisa Berjalan
3201011384000168,3201012010180056,Nur Kusuma,1960-09-25,66,Perempuan,Kepala Keluarga,Cerai Mati,3378317.0,3378317.0,2,2,DKI Jakarta,Jakarta Selatan,Cilandak,Cilandak Barat,Jl. Mawar No. 168,PBI APBN (Kemenkes),Ya,Tidak,Tidak Sekolah Lagi,Magister (S2),Magister (S2),Tidak,Jasa keuangan & asuransi,Berusaha dibantu pekerja tidak tetap,532100000056,3500 VA,Milik Sendiri,Kayu/Papan,Seng,Genteng Beton/Keramik,Air Hujan,Bukan Listrik,LPG 5.5 kg / 12 kg,Umum,Tidak Ada Kloset,Tangki Septik,Ya,Ya,Tidak,Tidak,Ya,Tidak,Kurang Gizi,Gangguan Berat,Tuli Total,Tidak Bisa Berjalan
3201012788000169,3201012010180057,Rahmat Umar,1994-06-24,32,Laki-laki,Kepala Keluarga,Cerai Hidup,13566798.0,13566798.0,10,10,Jawa Barat,Kota Bogor,Bogor Tengah,Paledang,Jl. Pajajaran No. 169,PBI APBN (Kemenkes),Ya,Tidak,Tidak Sekolah Lagi,SMA/SMK/MA,SMA/SMK/MA,Ya,"Pertanian, kehutanan, dan perikanan",Pekerja keluarga/tidak dibayar,532100000057,Tanpa PLN,Kontrak/Sewa,Ubin/Teraso,Bambu,Genteng Beton/Keramik,Mata Air Terlindung,Listrik PLN Dengan Meteran,Biogas,Tidak Ada,Plengsengan,Lubang Tanah,Ya,Tidak,Tidak,Tidak,Tidak,Tidak,Normal,Tidak Ada Gangguan,Gangguan Ringan,Gangguan Ringan
3201012485000170,3201012010180057,Agus Pratama,1985-12-18,41,Laki-laki,Anak,Cerai Mati,12080024.0,12080024.0,2,2,Jawa Barat,Kota Bogor,Bogor Tengah,Paledang,Jl. Pajajaran No. 170,PBI APBN (Kemenkes),Ya,Tidak,Tidak Sekolah Lagi,SMP/MTs,SMP/MTs,Tidak,"Pertanian, kehutanan, dan perikanan",Buruh/Karyawan/Pegawai,532100000057,900 VA,Bebas Sewa,Keramik,Kayu,Asbes,Layanan Perpipaan (PDAM),Listrik PLN Tanpa Meteran,Kayu Bakar,Sendiri,Cemplung/Cubluk,Pantai/Tanah Lapang/Kebun,Ya,Ya,Tidak,Tidak,Tidak,Tidak,Normal,Gangguan Berat,Tidak Ada Gangguan,Tidak Ada Gangguan
3201011097000171,3201012010180057,Rina Putri,1981-10-11,45,Perempuan,Anak,Cerai Mati,17562435.0,17562435.0,8,8,Jawa Barat,Kota Bogor,Bogor Tengah,Paledang,Jl. Pajajaran No. 171,PKH & BPNT,Tidak,Tidak,Belum Sekolah,SMP/MTs,SMP/MTs,Tidak,Jasa keuangan & asuransi,Pekerja bebas,532100000057,900 VA,Dinas,Semen/Bata Merah,Bambu,Genteng Tanah Liat,Layanan Perpipaan (PDAM),Listrik Non PLN,Listrik,Tidak Ada,Plengsengan,Lubang Tanah,Ya,Tidak,Ya,Ya,Ya,Ya,Resiko Stunting,Tidak Ada Gangguan,Tidak Ada Gangguan,Gangguan Ringan
3201012874000172,3201012010180058,Ahmad Setiawan,1978-03-07,48,Laki-laki,Kepala Keluarga,Cerai Hidup,3410261.0,3410261.0,9,9,Jawa Barat,Kota Bandung,Coblong,Dago,Jl. Ganesha No. 172,PKH & BPNT,Tidak,Tidak,Masih Sekolah,SD/MI,SD/MI,Tidak,Penyediaan Akomodasi & Makan Minum,Berusaha sendiri,532100000058,2200 VA,Bebas Sewa,Ubin/Teraso,Tembok,Bambu/Ijuk,Mata Air Terlindung,Listrik Non PLN,Biogas,Umum,Tidak Ada Kloset,Kolam/Sawah/Sungai/Danau/Laut,Ya,Ya,Tidak,Tidak,Ya,Tidak,Normal,Gangguan Ringan,Tuli Total,Tidak Bisa Berjalan
3201011379000173,3201012010180058,Budi Wijaya,1994-04-15,32,Laki-laki,Anak,Kawin/Nikah,3215413.0,3215413.0,5,5,Jawa Barat,Kota Bandung,Coblong,Dago,Jl. Ganesha No. 173,PBI APBD (Pemda),Tidak,Ya,Masih Sekolah,SD/MI,SD/MI,Tidak,"Pertanian, kehutanan, dan perikanan",Pekerja keluarga/tidak dibayar,532100000058,2200 VA,Kontrak/Sewa,Kayu/Papan,Bambu,Beton,Mata Air Terlindung,Listrik PLN Dengan Meteran,Biogas,Umum,Tidak Ada Kloset,Lubang Tanah,Ya,Tidak,Tidak,Tidak,Tidak,Ya,Wasting,Gangguan Berat,Gangguan Ringan,Gangguan Ringan
3201012497000174,3201012010180058,Tri Umar,1968-12-15,58,Laki-laki,Orang Tua/Mertua,Cerai Mati,16611986.0,16611986.0,3,3,Jawa Barat,Kota Bandung,Coblong,Dago,Jl. Ganesha No. 174,Bukan Penerima Bantuan,Tidak,Tidak,Belum Sekolah,SD/MI,SD/MI,Ya,Industri pengolahan,Pekerja bebas,532100000058,2200 VA,Bebas Sewa,Keramik,Plesteran Anyaman Bambu,Asbes,Air Kemasan/Isi Ulang,Listrik PLN Dengan Meteran,Minyak Tanah,Umum,Tidak Ada Kloset,Lubang Tanah,Ya,Tidak,Ya,Ya,Ya,Tidak,Wasting,Buta Total,Tidak Ada Gangguan,Gangguan Ringan
3201012879000175,3201012010180059,Nur Suryani,1969-01-26,57,Perempuan,Kepala Keluarga,Belum Kawin,9163962.0,9163962.0,7,7,Jawa Tengah,Kota Semarang,Semarang Selatan,Randusari,Jl. Pandanaran No. 175,PBI APBD (Pemda),Tidak,Ya,Tidak Sekolah Lagi,Magister (S2),Magister (S2),Ya,Perdagangan besar dan eceran,Buruh/Karyawan/Pegawai,532100000059,1300 VA,Dinas,Keramik,Plesteran Anyaman Bambu,Bambu/Ijuk,Sumur Bor/Pompa,Bukan Listrik,Kayu Bakar,Tidak Ada,Cemplung/Cubluk,Pantai/Tanah Lapang/Kebun,Ya,Ya,Tidak,Ya,Tidak,Ya,Normal,Gangguan Ringan,Gangguan Ringan,Gangguan Ringan
3201011481000176,3201012010180059,Anisa Rahmawati,1972-06-14,54,Perempuan,Anak,Kawin/Nikah,2107872.0,2107872.0,9,9,Jawa Tengah,Kota Semarang,Semarang Selatan,Randusari,Jl. Pandanaran No. 176,PBI APBD (Pemda),Tidak,Ya,Belum Sekolah,SMP/MTs,SMP/MTs,Ya,Jasa keuangan & asuransi,Pekerja keluarga/tidak dibayar,532100000059,1300 VA,Bebas Sewa,Tanah,Bambu,Seng,Air Hujan,Listrik Non PLN,LPG 3 kg,Umum,Plengsengan,Tangki Septik,Ya,Ya,Tidak,Tidak,Tidak,Tidak,Wasting,Gangguan Ringan,Tidak Ada Gangguan,Tidak Ada Gangguan
3201011486000177,3201012010180059,Rina Wibowo,2005-09-20,21,Perempuan,Kepala Keluarga,Cerai Mati,3260223.0,3260223.0,1,1,Jawa Tengah,Kota Semarang,Semarang Selatan,Randusari,Jl. Pandanaran No. 177,PBI APBN + PKH,Ya,Tidak,Tidak Sekolah Lagi,SMA/SMK/MA,SMA/SMK/MA,Tidak,Jasa keuangan & asuransi,Berusaha dibantu pekerja tidak tetap,532100000059,3500 VA,Bebas Sewa,Ubin/Teraso,Bambu,Genteng Tanah Liat,Air Hujan,Listrik PLN Dengan Meteran,LPG 5.5 kg / 12 kg,Bersama,Plengsengan,Lubang Tanah,Ya,Tidak,Ya,Ya,Ya,Ya,Kurang Gizi,Tidak Ada Gangguan,Tidak Ada Gangguan,Tidak Ada Gangguan
3201012594000178,3201012010180060,Irfan Rahmawati,1967-02-02,59,Laki-laki,Kepala Keluarga,Cerai Mati,5563071.0,5563071.0,1,1,Jawa Timur,Kota Surabaya,Tegalsari,Kedungdoro,Jl. Basuki Rahmat No. 178,PBI APBN (Kemenkes),Ya,Tidak,Masih Sekolah,Sarjana (S1),Sarjana (S1),Ya,Industri pengolahan,Berusaha sendiri,532100000060,Tanpa PLN,Bebas Sewa,Keramik,Tembok,Genteng Beton/Keramik,Air Hujan,Listrik Non PLN,Kayu Bakar,Umum,Cemplung/Cubluk,Lubang Tanah,Ya,Ya,Ya,Ya,Ya,Ya,Resiko Stunting,Gangguan Berat,Tidak Ada Gangguan,Tidak Bisa Berjalan
3201011093000179,3201012010180060,Dewi Wibowo,1987-12-16,39,Perempuan,Anak,Belum Kawin,6100303.0,6100303.0,7,7,Jawa Timur,Kota Surabaya,Tegalsari,Kedungdoro,Jl. Basuki Rahmat No. 179,PBI APBN + PKH,Ya,Tidak,Masih Sekolah,Sarjana (S1),Sarjana (S1),Ya,Transportasi & Pergudangan,Buruh/Karyawan/Pegawai,532100000060,1300 VA,Milik Sendiri,Kayu/Papan,Tembok,Beton,Layanan Perpipaan (PDAM),Bukan Listrik,Listrik,Umum,Leher Angsa,Tangki Septik,Ya,Tidak,Tidak,Ya,Tidak,Tidak,Kurang Gizi,Gangguan Berat,Tuli Total,Gangguan Ringan
3201011787000180,3201012010180060,Irfan Nurbaya,1982-04-28,44,Laki-laki,Kepala Keluarga,Cerai Mati,16155254.0,16155254.0,2,2,Jawa Timur,Kota Surabaya,Tegalsari,Kedungdoro,Jl. Basuki Rahmat No. 180,PBI APBN + PKH,Ya,Tidak,Tidak Sekolah Lagi,Sarjana (S1),Sarjana (S1),Ya,"Pertanian, kehutanan, dan perikanan",Berusaha sendiri,532100000060,2200 VA,Dinas,Tanah,Plesteran Anyaman Bambu,Genteng Tanah Liat,Air Hujan,Listrik PLN Tanpa Meteran,LPG 3 kg,Umum,Plengsengan,Kolam/Sawah/Sungai/Danau/Laut,Ya,Ya,Tidak,Ya,Ya,Tidak,Kurang Gizi,Gangguan Berat,Tuli Total,Tidak Bisa Berjalan
3201012878000181,3201012010180061,Yuni Hidayat,1985-11-20,41,Perempuan,Orang Tua/Mertua,Cerai Mati,16942447.0,16942447.0,2,2,Banten,Kota Tangerang,Tangerang,Sukarasa,Jl. Merdeka No. 181,PBI APBN (Kemenkes),Ya,Tidak,Tidak Sekolah Lagi,Diploma (D1-D4),Diploma (D1-D4),Tidak,Industri pengolahan,Berusaha sendiri,532100000061,450 VA,Milik Sendiri,Tanah,Tembok,Genteng Tanah Liat,Sumur Terlindung,Listrik PLN Dengan Meteran,LPG 5.5 kg / 12 kg,Tidak Ada,Cemplung/Cubluk,Lubang Tanah,Ya,Tidak,Ya,Ya,Tidak,Tidak,Resiko Stunting,Gangguan Berat,Tuli Total,Gangguan Ringan
3201012586000182,3201012010180061,Hendra Putri,2006-09-18,20,Laki-laki,Kepala Keluarga,Kawin/Nikah,8418120.0,8418120.0,7,7,Banten,Kota Tangerang,Tangerang,Sukarasa,Jl. Merdeka No. 182,PBI APBN + PKH,Ya,Tidak,Tidak Sekolah Lagi,SD/MI,SD/MI,Ya,Jasa keuangan & asuransi,Pekerja keluarga/tidak dibayar,532100000061,Tanpa PLN,Bebas Sewa,Tanah,Kayu,Asbes,Sumur Terlindung,Listrik PLN Tanpa Meteran,Listrik,Tidak Ada,Tidak Ada Kloset,Tangki Septik,Ya,Tidak,Tidak,Tidak,Ya,Ya,Kurang Gizi,Gangguan Berat,Gangguan Ringan,Tidak Bisa Berjalan
3201012289000183,3201012010180061,Bambang Nurbaya,1975-01-01,51,Laki-laki,Kepala Keluarga,Belum Kawin,5425652.0,5425652.0,7,7,Banten,Kota Tangerang,Tangerang,Sukarasa,Jl. Merdeka No. 183,PBI APBN (Kemenkes),Ya,Tidak,Tidak Sekolah Lagi,SMA/SMK/MA,SMA/SMK/MA,Tidak,Transportasi & Pergudangan,Pekerja bebas,532100000061,450 VA,Kontrak/Sewa,Ubin/Teraso,Kayu,Bambu/Ijuk,Sumur Bor/Pompa,Listrik PLN Dengan Meteran,Biogas,Sendiri,Cemplung/Cubluk,Tangki Septik,Ya,Tidak,Ya,Ya,Tidak,Ya,Kurang Gizi,Buta Total,Tuli Total,Tidak Bisa Berjalan
3201012378000184,3201012010180062,Budi Lestari,1992-01-11,34,Laki-laki,Orang Tua/Mertua,Cerai Mati,17280734.0,17280734.0,2,2,Sumatera Utara,Kota Medan,Medan Baru,Petisah Tengah,Jl. Gajah Mada No. 184,PBI APBD (Pemda),Tidak,Ya,Tidak Sekolah Lagi,Diploma (D1-D4),Diploma (D1-D4),Tidak,Jasa keuangan & asuransi,Pekerja keluarga/tidak dibayar,532100000062,1300 VA,Bebas Sewa,Kayu/Papan,Kayu,Asbes,Air Hujan,Listrik PLN Dengan Meteran,Kayu Bakar,Bersama,Cemplung/Cubluk,Kolam/Sawah/Sungai/Danau/Laut,Ya,Ya,Tidak,Tidak,Ya,Ya,Normal,Gangguan Berat,Gangguan Ringan,Tidak Ada Gangguan
3201012895000185,3201012010180062,Agus Lestari,1982-04-12,44,Laki-laki,Kepala Keluarga,Cerai Hidup,7715819.0,7715819.0,4,4,Sumatera Utara,Kota Medan,Medan Baru,Petisah Tengah,Jl. Gajah Mada No. 185,PBI APBN + PKH,Ya,Tidak,Tidak Sekolah Lagi,SMA/SMK/MA,SMA/SMK/MA,Tidak,Jasa keuangan & asuransi,Buruh/Karyawan/Pegawai,532100000062,Tanpa PLN,Kontrak/Sewa,Bambu,Seng,Genteng Beton/Keramik,Air Hujan,Bukan Listrik,Listrik,Tidak Ada,Leher Angsa,Lubang Tanah,Ya,Tidak,Tidak,Ya,Ya,Ya,Wasting,Buta Total,Gangguan Ringan,Gangguan Ringan
3201011290000186,3201012010180062,Rahmat Kurniawan,1972-05-21,54,Laki-laki,Istri,Cerai Hidup,2760875.0,2760875.0,3,3,Sumatera Utara,Kota Medan,Medan Baru,Petisah Tengah,Jl. Gajah Mada No. 186,PBI APBD (Pemda),Tidak,Ya,Masih Sekolah,SMP/MTs,SMP/MTs,Tidak,Penyediaan Akomodasi & Makan Minum,Berusaha dibantu pekerja tidak tetap,532100000062,3500 VA,Dinas,Kayu/Papan,Tembok,Genteng Beton/Keramik,Layanan Perpipaan (PDAM),Listrik Non PLN,LPG 5.5 kg / 12 kg,Sendiri,Cemplung/Cubluk,Kolam/Sawah/Sungai/Danau/Laut,Ya,Ya,Ya,Tidak,Ya,Ya,Normal,Gangguan Berat,Tuli Total,Gangguan Ringan
3201011298000187,3201012010180063,Irfan Hidayat,1997-11-03,29,Laki-laki,Orang Tua/Mertua,Belum Kawin,1995014.0,1995014.0,9,9,Bali,Kota Denpasar,Denpasar Selatan,Sidakarya,Jl. Raya Puputan No. 187,Bukan Penerima Bantuan,Tidak,Tidak,Belum Sekolah,SMA/SMK/MA,SMA/SMK/MA,Tidak,"Pertanian, kehutanan, dan perikanan",Berusaha sendiri,532100000063,3500 VA,Milik Sendiri,Semen/Bata Merah,Bambu,Beton,Air Hujan,Bukan Listrik,Biogas,Bersama,Tidak Ada Kloset,Lubang Tanah,Ya,Ya,Ya,Ya,Ya,Tidak,Kurang Gizi,Buta Total,Gangguan Ringan,Tidak Bisa Berjalan
3201011185000188,3201012010180063,Tri Hidayat,1999-02-11,27,Laki-laki,Orang Tua/Mertua,Cerai Mati,13545048.0,13545048.0,6,6,Bali,Kota Denpasar,Denpasar Selatan,Sidakarya,Jl. Raya Puputan No. 188,PKH & BPNT,Tidak,Tidak,Masih Sekolah,Magister (S2),Magister (S2),Ya,Perdagangan besar dan eceran,Berusaha sendiri,532100000063,1300 VA,Dinas,Semen/Bata Merah,Bambu,Bambu/Ijuk,Air Kemasan/Isi Ulang,Listrik PLN Tanpa Meteran,Minyak Tanah,Tidak Ada,Leher Angsa,Pantai/Tanah Lapang/Kebun,Ya,Tidak,Tidak,Ya,Ya,Tidak,Resiko Stunting,Gangguan Ringan,Gangguan Ringan,Tidak Bisa Berjalan
3201012098000189,3201012010180063,Irfan Rahmawati,1972-02-27,54,Laki-laki,Orang Tua/Mertua,Cerai Mati,2366042.0,2366042.0,3,3,Bali,Kota Denpasar,Denpasar Selatan,Sidakarya,Jl. Raya Puputan No. 189,PKH & BPNT,Tidak,Tidak,Belum Sekolah,SD/MI,SD/MI,Tidak,Transportasi & Pergudangan,Pekerja keluarga/tidak dibayar,532100000063,Tanpa PLN,Bebas Sewa,Kayu/Papan,Tembok,Genteng Tanah Liat,Air Hujan,Listrik PLN Tanpa Meteran,Biogas,Tidak Ada,Plengsengan,Tangki Septik,Ya,Tidak,Ya,Tidak,Tidak,Ya,Normal,Gangguan Ringan,Tidak Ada Gangguan,Tidak Bisa Berjalan
3201011497000190,3201012010180064,Sri Kurniawan,2005-06-15,21,Perempuan,Orang Tua/Mertua,Belum Kawin,7947943.0,7947943.0,4,4,DKI Jakarta,Jakarta Selatan,Cilandak,Cilandak Barat,Jl. Mawar No. 190,PBI APBN (Kemenkes),Ya,Tidak,Tidak Sekolah Lagi,SMA/SMK/MA,SMA/SMK/MA,Ya,Transportasi & Pergudangan,Berusaha dibantu pekerja tidak tetap,532100000064,3500 VA,Kontrak/Sewa,Keramik,Tembok,Beton,Air Hujan,Listrik PLN Tanpa Meteran,LPG 3 kg,Tidak Ada,Plengsengan,Kolam/Sawah/Sungai/Danau/Laut,Ya,Ya,Ya,Tidak,Tidak,Tidak,Resiko Stunting,Tidak Ada Gangguan,Gangguan Ringan,Tidak Ada Gangguan
3201012873000191,3201012010180064,Budi Kurniawan,2004-08-27,22,Laki-laki,Orang Tua/Mertua,Kawin/Nikah,6904106.0,6904106.0,5,5,DKI Jakarta,Jakarta Selatan,Cilandak,Cilandak Barat,Jl. Mawar No. 191,PBI APBN + PKH,Ya,Tidak,Tidak Sekolah Lagi,SMP/MTs,SMP/MTs,Tidak,Industri pengolahan,Pekerja keluarga/tidak dibayar,532100000064,900 VA,Bebas Sewa,Tanah,Kayu,Asbes,Layanan Perpipaan (PDAM),Bukan Listrik,LPG 5.5 kg / 12 kg,Sendiri,Cemplung/Cubluk,Kolam/Sawah/Sungai/Danau/Laut,Ya,Ya,Tidak,Ya,Tidak,Tidak,Normal,Tidak Ada Gangguan,Gangguan Ringan,Tidak Ada Gangguan
3201012092000192,3201012010180064,Yuni Wibowo,2000-07-23,26,Perempuan,Orang Tua/Mertua,Cerai Hidup,5692850.0,5692850.0,4,4,DKI Jakarta,Jakarta Selatan,Cilandak,Cilandak Barat,Jl. Mawar No. 192,PBI APBN + PKH,Ya,Tidak,Tidak Sekolah Lagi,Sarjana (S1),Sarjana (S1),Ya,Perdagangan besar dan eceran,Pekerja bebas,532100000064,3500 VA,Dinas,Semen/Bata Merah,Seng,Bambu/Ijuk,Sumur Bor/Pompa,Listrik PLN Tanpa Meteran,Kayu Bakar,Sendiri,Plengsengan,Kolam/Sawah/Sungai/Danau/Laut,Ya,Ya,Tidak,Tidak,Tidak,Ya,Normal,Gangguan Berat,Tuli Total,Tidak Bisa Berjalan
3201012374000193,3201012010180065,Hendra Pratama,1975-01-05,51,Laki-laki,Orang Tua/Mertua,Cerai Hidup,7573351.0,7573351.0,10,10,Jawa Barat,Kota Bogor,Bogor Tengah,Paledang,Jl. Pajajaran No. 193,PKH & BPNT,Tidak,Tidak,Belum Sekolah,SMA/SMK/MA,SMA/SMK/MA,Tidak,Jasa keuangan & asuransi,Pekerja bebas,532100000065,Tanpa PLN,Dinas,Ubin/Teraso,Plesteran Anyaman Bambu,Bambu/Ijuk,Air Hujan,Bukan Listrik,LPG 3 kg,Bersama,Plengsengan,Tangki Septik,Ya,Ya,Ya,Ya,Tidak,Tidak,Resiko Stunting,Buta Total,Gangguan Ringan,Tidak Ada Gangguan
3201012571000194,3201012010180065,Ahmad Hidayat,2000-09-16,26,Laki-laki,Orang Tua/Mertua,Cerai Mati,6441964.0,6441964.0,2,2,Jawa Barat,Kota Bogor,Bogor Tengah,Paledang,Jl. Pajajaran No. 194,PBI APBD (Pemda),Tidak,Ya,Tidak Sekolah Lagi,SMP/MTs,SMP/MTs,Ya,Konstruksi,Pekerja keluarga/tidak dibayar,532100000065,Tanpa PLN,Kontrak/Sewa,Bambu,Tembok,Beton,Mata Air Terlindung,Listrik PLN Tanpa Meteran,Minyak Tanah,Sendiri,Plengsengan,Pantai/Tanah Lapang/Kebun,Ya,Ya,Tidak,Ya,Tidak,Ya,Kurang Gizi,Gangguan Berat,Tuli Total,Tidak Ada Gangguan
3201012074000195,3201012010180065,Budi Umar,1984-12-22,42,Laki-laki,Orang Tua/Mertua,Cerai Mati,2064801.0,2064801.0,10,10,Jawa Barat,Kota Bogor,Bogor Tengah,Paledang,Jl. Pajajaran No. 195,PBI APBN + PKH,Ya,Tidak,Tidak Sekolah Lagi,Magister (S2),Magister (S2),Ya,Industri pengolahan,Buruh/Karyawan/Pegawai,532100000065,Tanpa PLN,Bebas Sewa,Semen/Bata Merah,Tembok,Bambu/Ijuk,Air Kemasan/Isi Ulang,Bukan Listrik,LPG 3 kg,Tidak Ada,Cemplung/Cubluk,Lubang Tanah,Ya,Ya,Tidak,Ya,Ya,Ya,Resiko Stunting,Buta Total,Gangguan Ringan,Gangguan Ringan
3201011473000196,3201012010180066,Dedi Lestari,2006-07-24,20,Laki-laki,Anak,Belum Kawin,6006241.0,6006241.0,9,9,Jawa Barat,Kota Bandung,Coblong,Dago,Jl. Ganesha No. 196,PBI APBD (Pemda),Tidak,Ya,Tidak Sekolah Lagi,Diploma (D1-D4),Diploma (D1-D4),Tidak,Penyediaan Akomodasi & Makan Minum,Pekerja bebas,532100000066,3500 VA,Dinas,Keramik,Seng,Seng,Mata Air Terlindung,Listrik PLN Tanpa Meteran,Minyak Tanah,Tidak Ada,Leher Angsa,Tangki Septik,Ya,Tidak,Tidak,Ya,Ya,Tidak,Normal,Gangguan Berat,Gangguan Ringan,Gangguan Ringan
3201011299000197,3201012010180066,Nur Nurbaya,1964-03-22,62,Perempuan,Anak,Belum Kawin,2597003.0,2597003.0,9,9,Jawa Barat,Kota Bandung,Coblong,Dago,Jl. Ganesha No. 197,PBI APBN (Kemenkes),Ya,Tidak,Masih Sekolah,Sarjana (S1),Sarjana (S1),Ya,Transportasi & Pergudangan,Berusaha dibantu pekerja tidak tetap,532100000066,450 VA,Dinas,Tanah,Plesteran Anyaman Bambu,Seng,Sumur Bor/Pompa,Listrik Non PLN,Kayu Bakar,Sendiri,Leher Angsa,Tangki Septik,Ya,Tidak,Ya,Ya,Tidak,Ya,Normal,Buta Total,Tuli Total,Gangguan Ringan
3201012088000198,3201012010180066,Ahmad Suryani,1994-05-11,32,Laki-laki,Istri,Belum Kawin,1888156.0,1888156.0,7,7,Jawa Barat,Kota Bandung,Coblong,Dago,Jl. Ganesha No. 198,Bukan Penerima Bantuan,Tidak,Tidak,Masih Sekolah,SD/MI,SD/MI,Tidak,"Pertanian, kehutanan, dan perikanan",Buruh/Karyawan/Pegawai,532100000066,900 VA,Dinas,Kayu/Papan,Seng,Bambu/Ijuk,Air Hujan,Bukan Listrik,Listrik,Umum,Tidak Ada Kloset,Kolam/Sawah/Sungai/Danau/Laut,Ya,Ya,Ya,Ya,Ya,Ya,Normal,Tidak Ada Gangguan,Tuli Total,Tidak Ada Gangguan
3201011076000199,3201012010180067,Nur Nyak Dien,1996-04-14,30,Perempuan,Istri,Kawin/Nikah,11742903.0,11742903.0,7,7,Jawa Tengah,Kota Semarang,Semarang Selatan,Randusari,Jl. Pandanaran No. 199,PBI APBN (Kemenkes),Ya,Tidak,Masih Sekolah,SMP/MTs,SMP/MTs,Ya,Penyediaan Akomodasi & Makan Minum,Berusaha dibantu pekerja tidak tetap,532100000067,2200 VA,Milik Sendiri,Kayu/Papan,Plesteran Anyaman Bambu,Genteng Beton/Keramik,Layanan Perpipaan (PDAM),Listrik Non PLN,Kayu Bakar,Tidak Ada,Leher Angsa,Kolam/Sawah/Sungai/Danau/Laut,Ya,Ya,Ya,Tidak,Tidak,Tidak,Wasting,Tidak Ada Gangguan,Gangguan Ringan,Gangguan Ringan
3201012586000200,3201012010180067,Eko Lestari,1969-12-02,57,Laki-laki,Kepala Keluarga,Cerai Mati,12746879.0,12746879.0,8,8,Jawa Tengah,Kota Semarang,Semarang Selatan,Randusari,Jl. Pandanaran No. 200,PBI APBN (Kemenkes),Ya,Tidak,Tidak Sekolah Lagi,Sarjana (S1),Sarjana (S1),Tidak,Penyediaan Akomodasi & Makan Minum,Berusaha dibantu pekerja tidak tetap,532100000067,450 VA,Kontrak/Sewa,Semen/Bata Merah,Kayu,Asbes,Sumur Bor/Pompa,Bukan Listrik,LPG 5.5 kg / 12 kg,Bersama,Cemplung/Cubluk,Pantai/Tanah Lapang/Kebun,Ya,Ya,Tidak,Tidak,Tidak,Tidak,Kurang Gizi,Gangguan Ringan,Tuli Total,Tidak Ada Gangguan
3201011992000201,3201012010180067,Teuku Lestari,1963-03-07,63,Laki-laki,Istri,Cerai Mati,18410916.0,18410916.0,5,5,Jawa Tengah,Kota Semarang,Semarang Selatan,Randusari,Jl. Pandanaran No. 201,PBI APBD (Pemda),Tidak,Ya,Masih Sekolah,Sarjana (S1),Sarjana (S1),Ya,Perdagangan besar dan eceran,Pekerja bebas,532100000067,1300 VA,Bebas Sewa,Tanah,Kayu,Genteng Beton/Keramik,Mata Air Terlindung,Listrik PLN Dengan Meteran,LPG 3 kg,Umum,Tidak Ada Kloset,Tangki Septik,Ya,Ya,Ya,Ya,Tidak,Tidak,Wasting,Gangguan Berat,Tidak Ada Gangguan,Tidak Bisa Berjalan
3201011898000202,3201012010180068,Wawan Pratama,2000-01-15,26,Laki-laki,Orang Tua/Mertua,Kawin/Nikah,1722071.0,1722071.0,9,9,Jawa Timur,Kota Surabaya,Tegalsari,Kedungdoro,Jl. Basuki Rahmat No. 202,PBI APBN (Kemenkes),Ya,Tidak,Masih Sekolah,Magister (S2),Magister (S2),Ya,Industri pengolahan,Pekerja bebas,532100000068,900 VA,Bebas Sewa,Tanah,Seng,Beton,Sumur Terlindung,Listrik PLN Dengan Meteran,LPG 5.5 kg / 12 kg,Umum,Cemplung/Cubluk,Lubang Tanah,Ya,Ya,Ya,Tidak,Tidak,Ya,Resiko Stunting,Buta Total,Gangguan Ringan,Gangguan Ringan
3201012675000203,3201012010180068,Teuku Setiawan,1978-12-25,48,Laki-laki,Orang Tua/Mertua,Cerai Hidup,3417951.0,3417951.0,3,3,Jawa Timur,Kota Surabaya,Tegalsari,Kedungdoro,Jl. Basuki Rahmat No. 203,PBI APBN + PKH,Ya,Tidak,Tidak Sekolah Lagi,Diploma (D1-D4),Diploma (D1-D4),Tidak,Administrasi pemerintahan,Buruh/Karyawan/Pegawai,532100000068,2200 VA,Kontrak/Sewa,Keramik,Plesteran Anyaman Bambu,Genteng Tanah Liat,Air Kemasan/Isi Ulang,Listrik Non PLN,Listrik,Tidak Ada,Plengsengan,Pantai/Tanah Lapang/Kebun,Ya,Ya,Tidak,Ya,Ya,Ya,Wasting,Buta Total,Gangguan Ringan,Tidak Bisa Berjalan
3201012797000204,3201012010180068,Dedi Putri,1977-01-27,49,Laki-laki,Anak,Belum Kawin,17945558.0,17945558.0,6,6,Jawa Timur,Kota Surabaya,Tegalsari,Kedungdoro,Jl. Basuki Rahmat No. 204,PBI APBN + PKH,Ya,Tidak,Masih Sekolah,SMA/SMK/MA,SMA/SMK/MA,Ya,Perdagangan besar dan eceran,Pekerja keluarga/tidak dibayar,532100000068,1300 VA,Dinas,Tanah,Kayu,Beton,Mata Air Terlindung,Listrik Non PLN,LPG 5.5 kg / 12 kg,Sendiri,Cemplung/Cubluk,Kolam/Sawah/Sungai/Danau/Laut,Ya,Ya,Ya,Ya,Tidak,Ya,Wasting,Buta Total,Tuli Total,Tidak Ada Gangguan
3201011196000205,3201012010180069,Bambang Setiawan,1995-09-12,31,Laki-laki,Kepala Keluarga,Kawin/Nikah,1761619.0,1761619.0,8,8,Banten,Kota Tangerang,Tangerang,Sukarasa,Jl. Merdeka No. 205,PKH & BPNT,Tidak,Tidak,Masih Sekolah,Magister (S2),Magister (S2),Ya,Administrasi pemerintahan,Pekerja bebas,532100000069,1300 VA,Kontrak/Sewa,Tanah,Seng,Beton,Air Hujan,Listrik PLN Tanpa Meteran,LPG 3 kg,Umum,Plengsengan,Kolam/Sawah/Sungai/Danau/Laut,Ya,Tidak,Ya,Ya,Tidak,Tidak,Normal,Tidak Ada Gangguan,Tidak Ada Gangguan,Gangguan Ringan
3201011485000206,3201012010180069,Rahmat Suryani,1959-06-22,67,Laki-laki,Orang Tua/Mertua,Cerai Mati,15839023.0,15839023.0,8,8,Banten,Kota Tangerang,Tangerang,Sukarasa,Jl. Merdeka No. 206,PBI APBN + PKH,Ya,Tidak,Belum Sekolah,Diploma (D1-D4),Diploma (D1-D4),Ya,Jasa keuangan & asuransi,Pekerja keluarga/tidak dibayar,532100000069,900 VA,Dinas,Tanah,Seng,Genteng Beton/Keramik,Air Hujan,Listrik PLN Dengan Meteran,Biogas,Bersama,Tidak Ada Kloset,Pantai/Tanah Lapang/Kebun,Ya,Ya,Ya,Tidak,Ya,Tidak,Normal,Tidak Ada Gangguan,Gangguan Ringan,Tidak Bisa Berjalan
3201011971000207,3201012010180069,Agus Nyak Dien,1962-06-10,64,Laki-laki,Anak,Cerai Hidup,4119059.0,4119059.0,3,3,Banten,Kota Tangerang,Tangerang,Sukarasa,Jl. Merdeka No. 207,Bukan Penerima Bantuan,Tidak,Tidak,Tidak Sekolah Lagi,SD/MI,SD/MI,Tidak,Konstruksi,Berusaha sendiri,532100000069,900 VA,Dinas,Keramik,Tembok,Beton,Sumur Bor/Pompa,Listrik PLN Dengan Meteran,LPG 3 kg,Tidak Ada,Tidak Ada Kloset,Kolam/Sawah/Sungai/Danau/Laut,Ya,Tidak,Tidak,Tidak,Tidak,Ya,Resiko Stunting,Buta Total,Gangguan Ringan,Tidak Bisa Berjalan
3201012474000208,3201012010180070,Cut Umar,2006-10-22,20,Perempuan,Orang Tua/Mertua,Cerai Mati,1988263.0,1988263.0,8,8,Sumatera Utara,Kota Medan,Medan Baru,Petisah Tengah,Jl. Gajah Mada No. 208,PKH & BPNT,Tidak,Tidak,Belum Sekolah,SD/MI,SD/MI,Ya,Perdagangan besar dan eceran,Pekerja keluarga/tidak dibayar,532100000070,Tanpa PLN,Bebas Sewa,Bambu,Tembok,Bambu/Ijuk,Mata Air Terlindung,Listrik PLN Dengan Meteran,LPG 5.5 kg / 12 kg,Sendiri,Plengsengan,Pantai/Tanah Lapang/Kebun,Ya,Ya,Ya,Ya,Ya,Tidak,Resiko Stunting,Gangguan Ringan,Tuli Total,Tidak Bisa Berjalan
3201012472000209,3201012010180070,Tri Putri,1980-10-02,46,Laki-laki,Orang Tua/Mertua,Kawin/Nikah,2212940.0,2212940.0,9,9,Sumatera Utara,Kota Medan,Medan Baru,Petisah Tengah,Jl. Gajah Mada No. 209,PKH & BPNT,Tidak,Tidak,Tidak Sekolah Lagi,SMA/SMK/MA,SMA/SMK/MA,Ya,"Pertanian, kehutanan, dan perikanan",Buruh/Karyawan/Pegawai,532100000070,3500 VA,Kontrak/Sewa,Semen/Bata Merah,Kayu,Genteng Beton/Keramik,Sumur Bor/Pompa,Listrik PLN Dengan Meteran,LPG 5.5 kg / 12 kg,Umum,Tidak Ada Kloset,Lubang Tanah,Ya,Ya,Tidak,Ya,Ya,Ya,Wasting,Buta Total,Tidak Ada Gangguan,Gangguan Ringan
3201011483000210,3201012010180070,Cut Setiawan,1979-02-02,47,Perempuan,Istri,Belum Kawin,14635411.0,14635411.0,2,2,Sumatera Utara,Kota Medan,Medan Baru,Petisah Tengah,Jl. Gajah Mada No. 210,PKH & BPNT,Tidak,Tidak,Masih Sekolah,SMA/SMK/MA,SMA/SMK/MA,Tidak,Transportasi & Pergudangan,Buruh/Karyawan/Pegawai,532100000070,2200 VA,Milik Sendiri,Kayu/Papan,Kayu,Genteng Tanah Liat,Sumur Bor/Pompa,Listrik PLN Dengan Meteran,LPG 5.5 kg / 12 kg,Bersama,Cemplung/Cubluk,Pantai/Tanah Lapang/Kebun,Ya,Tidak,Ya,Ya,Ya,Tidak,Resiko Stunting,Gangguan Ringan,Tuli Total,Gangguan Ringan
3201012784000211,3201012010180071,Siti Santoso,2007-08-27,19,Perempuan,Anak,Belum Kawin,9244871.0,9244871.0,7,7,Bali,Kota Denpasar,Denpasar Selatan,Sidakarya,Jl. Raya Puputan No. 211,PKH & BPNT,Tidak,Tidak,Belum Sekolah,SMP/MTs,SMP/MTs,Tidak,Perdagangan besar dan eceran,Berusaha sendiri,532100000071,Tanpa PLN,Milik Sendiri,Semen/Bata Merah,Tembok,Asbes,Air Hujan,Listrik PLN Dengan Meteran,LPG 5.5 kg / 12 kg,Umum,Tidak Ada Kloset,Lubang Tanah,Ya,Tidak,Tidak,Tidak,Tidak,Tidak,Resiko Stunting,Gangguan Berat,Gangguan Ringan,Tidak Ada Gangguan
3201012489000212,3201012010180071,Cut Santoso,1999-03-21,27,Perempuan,Kepala Keluarga,Cerai Mati,13965862.0,13965862.0,7,7,Bali,Kota Denpasar,Denpasar Selatan,Sidakarya,Jl. Raya Puputan No. 212,Bukan Penerima Bantuan,Tidak,Tidak,Masih Sekolah,Magister (S2),Magister (S2),Ya,Perdagangan besar dan eceran,Berusaha dibantu pekerja tidak tetap,532100000071,Tanpa PLN,Milik Sendiri,Semen/Bata Merah,Seng,Beton,Sumur Bor/Pompa,Bukan Listrik,LPG 5.5 kg / 12 kg,Sendiri,Leher Angsa,Pantai/Tanah Lapang/Kebun,Ya,Tidak,Ya,Tidak,Ya,Ya,Normal,Gangguan Berat,Tuli Total,Tidak Bisa Berjalan
3201012176000213,3201012010180071,Teuku Nurbaya,2006-12-08,20,Laki-laki,Istri,Cerai Mati,3177166.0,3177166.0,1,1,Bali,Kota Denpasar,Denpasar Selatan,Sidakarya,Jl. Raya Puputan No. 213,PBI APBD (Pemda),Tidak,Ya,Belum Sekolah,Diploma (D1-D4),Diploma (D1-D4),Ya,Konstruksi,Pekerja keluarga/tidak dibayar,532100000071,3500 VA,Dinas,Ubin/Teraso,Plesteran Anyaman Bambu,Genteng Beton/Keramik,Air Hujan,Listrik PLN Tanpa Meteran,LPG 3 kg,Bersama,Leher Angsa,Lubang Tanah,Ya,Tidak,Ya,Tidak,Ya,Ya,Wasting,Buta Total,Tidak Ada Gangguan,Gangguan Ringan
3201011197000214,3201012010180072,Cut Kurniawan,1981-05-04,45,Perempuan,Orang Tua/Mertua,Cerai Mati,4184766.0,4184766.0,1,1,DKI Jakarta,Jakarta Selatan,Cilandak,Cilandak Barat,Jl. Mawar No. 214,PKH & BPNT,Tidak,Tidak,Tidak Sekolah Lagi,Sarjana (S1),Sarjana (S1),Tidak,Administrasi pemerintahan,Buruh/Karyawan/Pegawai,532100000072,2200 VA,Kontrak/Sewa,Semen/Bata Merah,Tembok,Beton,Air Kemasan/Isi Ulang,Listrik PLN Tanpa Meteran,Biogas,Tidak Ada,Leher Angsa,Lubang Tanah,Ya,Ya,Ya,Tidak,Tidak,Ya,Normal,Tidak Ada Gangguan,Gangguan Ringan,Gangguan Ringan
3201011088000215,3201012010180072,Cut Setiawan,1970-02-16,56,Perempuan,Istri,Cerai Hidup,3799585.0,3799585.0,2,2,DKI Jakarta,Jakarta Selatan,Cilandak,Cilandak Barat,Jl. Mawar No. 215,Bukan Penerima Bantuan,Tidak,Tidak,Belum Sekolah,Diploma (D1-D4),Diploma (D1-D4),Ya,Penyediaan Akomodasi & Makan Minum,Pekerja keluarga/tidak dibayar,532100000072,450 VA,Milik Sendiri,Keramik,Tembok,Asbes,Sumur Bor/Pompa,Listrik PLN Dengan Meteran,LPG 5.5 kg / 12 kg,Sendiri,Tidak Ada Kloset,Tangki Septik,Ya,Tidak,Tidak,Ya,Ya,Ya,Normal,Gangguan Berat,Gangguan Ringan,Gangguan Ringan
3201011389000216,3201012010180072,Irfan Kusuma,1993-11-20,33,Laki-laki,Kepala Keluarga,Cerai Mati,2305138.0,2305138.0,6,6,DKI Jakarta,Jakarta Selatan,Cilandak,Cilandak Barat,Jl. Mawar No. 216,PBI APBN (Kemenkes),Ya,Tidak,Tidak Sekolah Lagi,Sarjana (S1),Sarjana (S1),Tidak,Industri pengolahan,Buruh/Karyawan/Pegawai,532100000072,450 VA,Milik Sendiri,Bambu,Tembok,Beton,Layanan Perpipaan (PDAM),Listrik PLN Tanpa Meteran,Biogas,Umum,Cemplung/Cubluk,Pantai/Tanah Lapang/Kebun,Ya,Tidak,Tidak,Ya,Ya,Ya,Normal,Tidak Ada Gangguan,Tidak Ada Gangguan,Gangguan Ringan
3201012883000217,3201012010180073,Agus Hidayat,1974-10-18,52,Laki-laki,Istri,Belum Kawin,8076456.0,8076456.0,1,1,Jawa Barat,Kota Bogor,Bogor Tengah,Paledang,Jl. Pajajaran No. 217,Bukan Penerima Bantuan,Tidak,Tidak,Belum Sekolah,Magister (S2),Magister (S2),Ya,Perdagangan besar dan eceran,Berusaha sendiri,532100000073,3500 VA,Milik Sendiri,Kayu/Papan,Bambu,Genteng Beton/Keramik,Layanan Perpipaan (PDAM),Listrik PLN Tanpa Meteran,LPG 3 kg,Umum,Plengsengan,Pantai/Tanah Lapang/Kebun,Ya,Tidak,Tidak,Tidak,Tidak,Tidak,Wasting,Gangguan Ringan,Tidak Ada Gangguan,Gangguan Ringan
3201011185000218,3201012010180073,Rina Santoso,1995-04-23,31,Perempuan,Istri,Cerai Mati,9232791.0,9232791.0,7,7,Jawa Barat,Kota Bogor,Bogor Tengah,Paledang,Jl. Pajajaran No. 218,PBI APBD (Pemda),Tidak,Ya,Tidak Sekolah Lagi,SMP/MTs,SMP/MTs,Ya,Administrasi pemerintahan,Buruh/Karyawan/Pegawai,532100000073,450 VA,Bebas Sewa,Keramik,Plesteran Anyaman Bambu,Genteng Tanah Liat,Layanan Perpipaan (PDAM),Listrik Non PLN,Minyak Tanah,Bersama,Cemplung/Cubluk,Tangki Septik,Ya,Ya,Ya,Ya,Tidak,Ya,Resiko Stunting,Gangguan Berat,Tuli Total,Tidak Ada Gangguan
3201012097000219,3201012010180073,Tri Kusuma,1966-04-01,60,Laki-laki,Istri,Cerai Hidup,1712211.0,1712211.0,6,6,Jawa Barat,Kota Bogor,Bogor Tengah,Paledang,Jl. Pajajaran No. 219,PBI APBD (Pemda),Tidak,Ya,Tidak Sekolah Lagi,Diploma (D1-D4),Diploma (D1-D4),Ya,Administrasi pemerintahan,Pekerja bebas,532100000073,Tanpa PLN,Kontrak/Sewa,Bambu,Plesteran Anyaman Bambu,Asbes,Air Hujan,Listrik PLN Dengan Meteran,LPG 3 kg,Bersama,Plengsengan,Lubang Tanah,Ya,Ya,Tidak,Tidak,Tidak,Tidak,Resiko Stunting,Tidak Ada Gangguan,Tuli Total,Tidak Bisa Berjalan
3201011697000220,3201012010180074,Tri Nurbaya,2005-03-11,21,Laki-laki,Istri,Kawin/Nikah,15399636.0,15399636.0,4,4,Jawa Barat,Kota Bandung,Coblong,Dago,Jl. Ganesha No. 220,PBI APBN (Kemenkes),Ya,Tidak,Tidak Sekolah Lagi,Magister (S2),Magister (S2),Ya,Jasa keuangan & asuransi,Pekerja keluarga/tidak dibayar,532100000074,2200 VA,Bebas Sewa,Kayu/Papan,Plesteran Anyaman Bambu,Asbes,Layanan Perpipaan (PDAM),Listrik Non PLN,Biogas,Umum,Tidak Ada Kloset,Pantai/Tanah Lapang/Kebun,Ya,Tidak,Tidak,Tidak,Ya,Ya,Resiko Stunting,Gangguan Ringan,Gangguan Ringan,Tidak Ada Gangguan
3201012276000221,3201012010180074,Dedi Kurniawan,1979-10-06,47,Laki-laki,Anak,Cerai Hidup,2654591.0,2654591.0,5,5,Jawa Barat,Kota Bandung,Coblong,Dago,Jl. Ganesha No. 221,PBI APBN + PKH,Ya,Tidak,Belum Sekolah,SMA/SMK/MA,SMA/SMK/MA,Ya,Perdagangan besar dan eceran,Berusaha dibantu pekerja tidak tetap,532100000074,3500 VA,Bebas Sewa,Kayu/Papan,Seng,Asbes,Sumur Terlindung,Bukan Listrik,Listrik,Tidak Ada,Cemplung/Cubluk,Kolam/Sawah/Sungai/Danau/Laut,Ya,Tidak,Ya,Ya,Tidak,Ya,Wasting,Tidak Ada Gangguan,Gangguan Ringan,Tidak Ada Gangguan
3201011996000222,3201012010180074,Agus Umar,2005-05-08,21,Laki-laki,Kepala Keluarga,Kawin/Nikah,3855471.0,3855471.0,6,6,Jawa Barat,Kota Bandung,Coblong,Dago,Jl. Ganesha No. 222,PBI APBD (Pemda),Tidak,Ya,Belum Sekolah,SMA/SMK/MA,SMA/SMK/MA,Tidak,Konstruksi,Pekerja bebas,532100000074,900 VA,Kontrak/Sewa,Tanah,Plesteran Anyaman Bambu,Seng,Air Kemasan/Isi Ulang,Listrik Non PLN,Listrik,Umum,Tidak Ada Kloset,Pantai/Tanah Lapang/Kebun,Ya,Ya,Tidak,Ya,Tidak,Ya,Resiko Stunting,Gangguan Ringan,Gangguan Ringan,Tidak Ada Gangguan
3201012688000223,3201012010180075,Tri Suryani,2001-08-11,25,Laki-laki,Kepala Keluarga,Cerai Hidup,12258124.0,12258124.0,8,8,Jawa Tengah,Kota Semarang,Semarang Selatan,Randusari,Jl. Pandanaran No. 223,Bukan Penerima Bantuan,Tidak,Tidak,Masih Sekolah,SMA/SMK/MA,SMA/SMK/MA,Ya,Jasa keuangan & asuransi,Pekerja bebas,532100000075,Tanpa PLN,Milik Sendiri,Kayu/Papan,Bambu,Seng,Layanan Perpipaan (PDAM),Bukan Listrik,Minyak Tanah,Tidak Ada,Cemplung/Cubluk,Kolam/Sawah/Sungai/Danau/Laut,Ya,Ya,Ya,Ya,Ya,Tidak,Kurang Gizi,Buta Total,Tidak Ada Gangguan,Gangguan Ringan
3201011287000224,3201012010180075,Yuni Wibowo,1985-02-11,41,Perempuan,Orang Tua/Mertua,Cerai Hidup,3459501.0,3459501.0,1,1,Jawa Tengah,Kota Semarang,Semarang Selatan,Randusari,Jl. Pandanaran No. 224,Bukan Penerima Bantuan,Tidak,Tidak,Tidak Sekolah Lagi,SD/MI,SD/MI,Ya,Industri pengolahan,Buruh/Karyawan/Pegawai,532100000075,2200 VA,Bebas Sewa,Ubin/Teraso,Kayu,Seng,Air Hujan,Listrik PLN Dengan Meteran,Minyak Tanah,Sendiri,Cemplung/Cubluk,Tangki Septik,Ya,Ya,Tidak,Tidak,Tidak,Ya,Normal,Gangguan Ringan,Tuli Total,Gangguan Ringan
3201012593000225,3201012010180075,Teuku Wijaya,1968-03-28,58,Laki-laki,Istri,Cerai Hidup,9182743.0,9182743.0,10,10,Jawa Tengah,Kota Semarang,Semarang Selatan,Randusari,Jl. Pandanaran No. 225,PBI APBD (Pemda),Tidak,Ya,Belum Sekolah,Magister (S2),Magister (S2),Tidak,Konstruksi,Berusaha sendiri,532100000075,450 VA,Kontrak/Sewa,Kayu/Papan,Tembok,Asbes,Mata Air Terlindung,Listrik PLN Tanpa Meteran,Kayu Bakar,Umum,Tidak Ada Kloset,Pantai/Tanah Lapang/Kebun,Ya,Tidak,Ya,Ya,Tidak,Tidak,Wasting,Gangguan Berat,Gangguan Ringan,Tidak Bisa Berjalan
3201011583000226,3201012010180076,Rina Sartika,1994-12-14,32,Perempuan,Orang Tua/Mertua,Cerai Mati,1884710.0,1884710.0,4,4,Jawa Timur,Kota Surabaya,Tegalsari,Kedungdoro,Jl. Basuki Rahmat No. 226,PBI APBD (Pemda),Tidak,Ya,Tidak Sekolah Lagi,Magister (S2),Magister (S2),Tidak,"Pertanian, kehutanan, dan perikanan",Berusaha sendiri,532100000076,2200 VA,Dinas,Bambu,Tembok,Seng,Air Kemasan/Isi Ulang,Listrik PLN Dengan Meteran,Kayu Bakar,Umum,Tidak Ada Kloset,Pantai/Tanah Lapang/Kebun,Ya,Ya,Tidak,Ya,Ya,Tidak,Normal,Tidak Ada Gangguan,Tuli Total,Tidak Bisa Berjalan
3201012482000227,3201012010180076,Cut Wijaya,1967-07-02,59,Perempuan,Kepala Keluarga,Cerai Hidup,13244000.0,13244000.0,8,8,Jawa Timur,Kota Surabaya,Tegalsari,Kedungdoro,Jl. Basuki Rahmat No. 227,PBI APBN + PKH,Ya,Tidak,Masih Sekolah,SD/MI,SD/MI,Ya,Penyediaan Akomodasi & Makan Minum,Berusaha sendiri,532100000076,2200 VA,Bebas Sewa,Ubin/Teraso,Kayu,Genteng Tanah Liat,Mata Air Terlindung,Listrik PLN Dengan Meteran,LPG 5.5 kg / 12 kg,Umum,Leher Angsa,Pantai/Tanah Lapang/Kebun,Ya,Ya,Ya,Ya,Tidak,Ya,Kurang Gizi,Gangguan Berat,Tidak Ada Gangguan,Tidak Ada Gangguan
3201011198000228,3201012010180076,Tri Wibowo,1983-12-02,43,Laki-laki,Kepala Keluarga,Cerai Mati,2146602.0,2146602.0,1,1,Jawa Timur,Kota Surabaya,Tegalsari,Kedungdoro,Jl. Basuki Rahmat No. 228,PBI APBN + PKH,Ya,Tidak,Masih Sekolah,SMP/MTs,SMP/MTs,Tidak,Industri pengolahan,Berusaha sendiri,532100000076,450 VA,Milik Sendiri,Kayu/Papan,Tembok,Genteng Tanah Liat,Sumur Bor/Pompa,Listrik PLN Tanpa Meteran,Biogas,Sendiri,Plengsengan,Tangki Septik,Ya,Ya,Ya,Ya,Tidak,Ya,Wasting,Gangguan Berat,Tuli Total,Tidak Bisa Berjalan
3201011689000229,3201012010180077,Rahmat Wijaya,1982-02-08,44,Laki-laki,Istri,Kawin/Nikah,10625783.0,10625783.0,6,6,Banten,Kota Tangerang,Tangerang,Sukarasa,Jl. Merdeka No. 229,PBI APBN (Kemenkes),Ya,Tidak,Tidak Sekolah Lagi,SMP/MTs,SMP/MTs,Tidak,Industri pengolahan,Buruh/Karyawan/Pegawai,532100000077,Tanpa PLN,Bebas Sewa,Tanah,Plesteran Anyaman Bambu,Seng,Air Kemasan/Isi Ulang,Listrik PLN Dengan Meteran,LPG 5.5 kg / 12 kg,Tidak Ada,Cemplung/Cubluk,Pantai/Tanah Lapang/Kebun,Ya,Ya,Ya,Tidak,Ya,Tidak,Kurang Gizi,Gangguan Ringan,Gangguan Ringan,Tidak Ada Gangguan
3201012097000230,3201012010180077,Nur Umar,1976-01-20,50,Perempuan,Orang Tua/Mertua,Cerai Mati,2571699.0,2571699.0,4,4,Banten,Kota Tangerang,Tangerang,Sukarasa,Jl. Merdeka No. 230,PBI APBN (Kemenkes),Ya,Tidak,Belum Sekolah,SD/MI,SD/MI,Tidak,Industri pengolahan,Berusaha dibantu pekerja tidak tetap,532100000077,900 VA,Milik Sendiri,Keramik,Kayu,Seng,Sumur Terlindung,Listrik Non PLN,LPG 5.5 kg / 12 kg,Bersama,Tidak Ada Kloset,Lubang Tanah,Ya,Ya,Ya,Tidak,Tidak,Ya,Wasting,Gangguan Berat,Tuli Total,Tidak Ada Gangguan
3201012695000231,3201012010180077,Irfan Nurbaya,2003-01-08,23,Laki-laki,Anak,Cerai Hidup,3531630.0,3531630.0,4,4,Banten,Kota Tangerang,Tangerang,Sukarasa,Jl. Merdeka No. 231,Bukan Penerima Bantuan,Tidak,Tidak,Tidak Sekolah Lagi,Sarjana (S1),Sarjana (S1),Tidak,Jasa keuangan & asuransi,Berusaha dibantu pekerja tidak tetap,532100000077,Tanpa PLN,Milik Sendiri,Keramik,Seng,Genteng Tanah Liat,Layanan Perpipaan (PDAM),Listrik PLN Dengan Meteran,Biogas,Bersama,Plengsengan,Lubang Tanah,Ya,Ya,Ya,Ya,Ya,Ya,Kurang Gizi,Buta Total,Gangguan Ringan,Tidak Ada Gangguan
3201011677000232,3201012010180078,Irfan Sartika,1993-04-10,33,Laki-laki,Anak,Cerai Mati,9236352.0,9236352.0,7,7,Sumatera Utara,Kota Medan,Medan Baru,Petisah Tengah,Jl. Gajah Mada No. 232,PBI APBN + PKH,Ya,Tidak,Masih Sekolah,Diploma (D1-D4),Diploma (D1-D4),Tidak,Transportasi & Pergudangan,Pekerja keluarga/tidak dibayar,532100000078,3500 VA,Dinas,Ubin/Teraso,Seng,Genteng Tanah Liat,Sumur Terlindung,Bukan Listrik,LPG 3 kg,Umum,Plengsengan,Lubang Tanah,Ya,Tidak,Tidak,Tidak,Tidak,Tidak,Wasting,Buta Total,Tuli Total,Tidak Bisa Berjalan
3201012572000233,3201012010180078,Cut Nyak Dien,2000-08-07,26,Perempuan,Istri,Belum Kawin,9400174.0,9400174.0,8,8,Sumatera Utara,Kota Medan,Medan Baru,Petisah Tengah,Jl. Gajah Mada No. 233,PBI APBN + PKH,Ya,Tidak,Tidak Sekolah Lagi,Diploma (D1-D4),Diploma (D1-D4),Tidak,Transportasi & Pergudangan,Berusaha dibantu pekerja tidak tetap,532100000078,1300 VA,Milik Sendiri,Kayu/Papan,Tembok,Genteng Tanah Liat,Sumur Terlindung,Listrik PLN Tanpa Meteran,LPG 5.5 kg / 12 kg,Tidak Ada,Cemplung/Cubluk,Kolam/Sawah/Sungai/Danau/Laut,Ya,Tidak,Tidak,Ya,Tidak,Tidak,Resiko Stunting,Gangguan Ringan,Gangguan Ringan,Tidak Ada Gangguan
3201012190000234,3201012010180078,Budi Nyak Dien,1971-10-15,55,Laki-laki,Istri,Cerai Hidup,2018866.0,2018866.0,2,2,Sumatera Utara,Kota Medan,Medan Baru,Petisah Tengah,Jl. Gajah Mada No. 234,PBI APBN + PKH,Ya,Tidak,Tidak Sekolah Lagi,Magister (S2),Magister (S2),Ya,Industri pengolahan,Berusaha dibantu pekerja tidak tetap,532100000078,900 VA,Dinas,Semen/Bata Merah,Bambu,Beton,Mata Air Terlindung,Bukan Listrik,Kayu Bakar,Umum,Tidak Ada Kloset,Tangki Septik,Ya,Ya,Tidak,Ya,Tidak,Ya,Kurang Gizi,Gangguan Berat,Tidak Ada Gangguan,Tidak Ada Gangguan
3201012570000235,3201012010180079,Dewi Umar,2004-12-14,22,Perempuan,Orang Tua/Mertua,Cerai Hidup,3457845.0,3457845.0,3,3,Bali,Kota Denpasar,Denpasar Selatan,Sidakarya,Jl. Raya Puputan No. 235,PBI APBD (Pemda),Tidak,Ya,Tidak Sekolah Lagi,SMP/MTs,SMP/MTs,Ya,Penyediaan Akomodasi & Makan Minum,Pekerja keluarga/tidak dibayar,532100000079,900 VA,Kontrak/Sewa,Ubin/Teraso,Tembok,Bambu/Ijuk,Layanan Perpipaan (PDAM),Listrik PLN Tanpa Meteran,Listrik,Tidak Ada,Tidak Ada Kloset,Tangki Septik,Ya,Ya,Ya,Tidak,Ya,Tidak,Normal,Gangguan Berat,Tidak Ada Gangguan,Gangguan Ringan
3201011088000236,3201012010180079,Rina Lestari,1986-11-25,40,Perempuan,Kepala Keluarga,Kawin/Nikah,1628044.0,1628044.0,2,2,Bali,Kota Denpasar,Denpasar Selatan,Sidakarya,Jl. Raya Puputan No. 236,PBI APBD (Pemda),Tidak,Ya,Belum Sekolah,SD/MI,SD/MI,Tidak,Konstruksi,Berusaha dibantu pekerja tidak tetap,532100000079,2200 VA,Bebas Sewa,Bambu,Seng,Seng,Sumur Bor/Pompa,Listrik Non PLN,Listrik,Bersama,Cemplung/Cubluk,Pantai/Tanah Lapang/Kebun,Ya,Tidak,Ya,Tidak,Tidak,Ya,Normal,Buta Total,Tuli Total,Gangguan Ringan
3201011470000237,3201012010180079,Sri Pratama,1988-05-23,38,Perempuan,Istri,Cerai Hidup,14819411.0,14819411.0,4,4,Bali,Kota Denpasar,Denpasar Selatan,Sidakarya,Jl. Raya Puputan No. 237,PBI APBN (Kemenkes),Ya,Tidak,Belum Sekolah,SMA/SMK/MA,SMA/SMK/MA,Ya,Administrasi pemerintahan,Buruh/Karyawan/Pegawai,532100000079,Tanpa PLN,Bebas Sewa,Tanah,Seng,Genteng Beton/Keramik,Mata Air Terlindung,Bukan Listrik,Minyak Tanah,Sendiri,Cemplung/Cubluk,Pantai/Tanah Lapang/Kebun,Ya,Tidak,Ya,Tidak,Tidak,Ya,Resiko Stunting,Tidak Ada Gangguan,Tidak Ada Gangguan,Gangguan Ringan
3201011279000238,3201012010180080,Tri Suryani,1965-08-04,61,Laki-laki,Orang Tua/Mertua,Belum Kawin,2010354.0,2010354.0,2,2,DKI Jakarta,Jakarta Selatan,Cilandak,Cilandak Barat,Jl. Mawar No. 238,PBI APBN + PKH,Ya,Tidak,Belum Sekolah,SD/MI,SD/MI,Ya,Administrasi pemerintahan,Berusaha dibantu pekerja tidak tetap,532100000080,1300 VA,Kontrak/Sewa,Tanah,Bambu,Bambu/Ijuk,Sumur Terlindung,Listrik PLN Dengan Meteran,Biogas,Bersama,Tidak Ada Kloset,Tangki Septik,Ya,Tidak,Ya,Ya,Tidak,Tidak,Kurang Gizi,Buta Total,Tidak Ada Gangguan,Tidak Ada Gangguan
3201011873000239,3201012010180080,Dedi Umar,1962-02-11,64,Laki-laki,Istri,Kawin/Nikah,6268855.0,6268855.0,7,7,DKI Jakarta,Jakarta Selatan,Cilandak,Cilandak Barat,Jl. Mawar No. 239,Bukan Penerima Bantuan,Tidak,Tidak,Belum Sekolah,SD/MI,SD/MI,Tidak,Perdagangan besar dan eceran,Pekerja keluarga/tidak dibayar,532100000080,3500 VA,Kontrak/Sewa,Kayu/Papan,Seng,Seng,Sumur Bor/Pompa,Listrik PLN Tanpa Meteran,Kayu Bakar,Bersama,Leher Angsa,Pantai/Tanah Lapang/Kebun,Ya,Ya,Tidak,Tidak,Ya,Tidak,Resiko Stunting,Buta Total,Tuli Total,Gangguan Ringan
3201011489000240,3201012010180080,Dedi Nyak Dien,2002-11-28,24,Laki-laki,Kepala Keluarga,Cerai Hidup,12793886.0,12793886.0,4,4,DKI Jakarta,Jakarta Selatan,Cilandak,Cilandak Barat,Jl. Mawar No. 240,PBI APBN + PKH,Ya,Tidak,Tidak Sekolah Lagi,Magister (S2),Magister (S2),Tidak,Perdagangan besar dan eceran,Pekerja bebas,532100000080,900 VA,Kontrak/Sewa,Tanah,Kayu,Bambu/Ijuk,Air Hujan,Listrik PLN Dengan Meteran,LPG 5.5 kg / 12 kg,Tidak Ada,Tidak Ada Kloset,Kolam/Sawah/Sungai/Danau/Laut,Ya,Ya,Ya,Tidak,Tidak,Tidak,Kurang Gizi,Gangguan Berat,Gangguan Ringan,Gangguan Ringan
3201011286000241,3201012010180081,Dedi Nurbaya,1999-04-23,27,Laki-laki,Orang Tua/Mertua,Kawin/Nikah,5654019.0,5654019.0,8,8,Jawa Barat,Kota Bogor,Bogor Tengah,Paledang,Jl. Pajajaran No. 241,PBI APBD (Pemda),Tidak,Ya,Belum Sekolah,SMP/MTs,SMP/MTs,Tidak,Penyediaan Akomodasi & Makan Minum,Pekerja bebas,532100000081,900 VA,Kontrak/Sewa,Ubin/Teraso,Kayu,Bambu/Ijuk,Air Hujan,Listrik PLN Dengan Meteran,Listrik,Sendiri,Plengsengan,Pantai/Tanah Lapang/Kebun,Ya,Tidak,Ya,Ya,Ya,Tidak,Kurang Gizi,Gangguan Ringan,Tidak Ada Gangguan,Tidak Ada Gangguan
3201012690000242,3201012010180081,Cut Kurniawan,1964-11-24,62,Perempuan,Orang Tua/Mertua,Belum Kawin,13827297.0,13827297.0,5,5,Jawa Barat,Kota Bogor,Bogor Tengah,Paledang,Jl. Pajajaran No. 242,Bukan Penerima Bantuan,Tidak,Tidak,Masih Sekolah,Magister (S2),Magister (S2),Tidak,"Pertanian, kehutanan, dan perikanan",Berusaha dibantu pekerja tidak tetap,532100000081,Tanpa PLN,Dinas,Semen/Bata Merah,Seng,Seng,Air Kemasan/Isi Ulang,Listrik PLN Dengan Meteran,LPG 3 kg,Sendiri,Leher Angsa,Pantai/Tanah Lapang/Kebun,Ya,Ya,Ya,Tidak,Tidak,Ya,Resiko Stunting,Buta Total,Gangguan Ringan,Tidak Bisa Berjalan
3201012379000243,3201012010180081,Eko Nyak Dien,1961-06-03,65,Laki-laki,Istri,Cerai Mati,17072260.0,17072260.0,2,2,Jawa Barat,Kota Bogor,Bogor Tengah,Paledang,Jl. Pajajaran No. 243,Bukan Penerima Bantuan,Tidak,Tidak,Belum Sekolah,Sarjana (S1),Sarjana (S1),Ya,Industri pengolahan,Buruh/Karyawan/Pegawai,532100000081,900 VA,Kontrak/Sewa,Keramik,Plesteran Anyaman Bambu,Asbes,Sumur Bor/Pompa,Listrik PLN Dengan Meteran,LPG 3 kg,Bersama,Plengsengan,Lubang Tanah,Ya,Ya,Tidak,Ya,Ya,Ya,Wasting,Gangguan Berat,Tuli Total,Tidak Ada Gangguan
3201012391000244,3201012010180082,Budi Kusuma,1974-01-17,52,Laki-laki,Anak,Cerai Mati,9314132.0,9314132.0,9,9,Jawa Barat,Kota Bandung,Coblong,Dago,Jl. Ganesha No. 244,PKH & BPNT,Tidak,Tidak,Belum Sekolah,Sarjana (S1),Sarjana (S1),Ya,"Pertanian, kehutanan, dan perikanan",Buruh/Karyawan/Pegawai,532100000082,900 VA,Milik Sendiri,Ubin/Teraso,Kayu,Seng,Layanan Perpipaan (PDAM),Listrik PLN Tanpa Meteran,Kayu Bakar,Bersama,Cemplung/Cubluk,Kolam/Sawah/Sungai/Danau/Laut,Ya,Ya,Tidak,Ya,Tidak,Tidak,Kurang Gizi,Gangguan Ringan,Gangguan Ringan,Gangguan Ringan
3201011278000245,3201012010180082,Irfan Nyak Dien,1989-04-03,37,Laki-laki,Anak,Belum Kawin,4282043.0,4282043.0,7,7,Jawa Barat,Kota Bandung,Coblong,Dago,Jl. Ganesha No. 245,PBI APBD (Pemda),Tidak,Ya,Tidak Sekolah Lagi,Diploma (D1-D4),Diploma (D1-D4),Tidak,Perdagangan besar dan eceran,Pekerja keluarga/tidak dibayar,532100000082,900 VA,Milik Sendiri,Semen/Bata Merah,Tembok,Beton,Air Kemasan/Isi Ulang,Bukan Listrik,LPG 3 kg,Umum,Leher Angsa,Kolam/Sawah/Sungai/Danau/Laut,Ya,Tidak,Tidak,Ya,Ya,Tidak,Normal,Tidak Ada Gangguan,Gangguan Ringan,Tidak Ada Gangguan
3201012273000246,3201012010180082,Dewi Sartika,1988-12-10,38,Perempuan,Orang Tua/Mertua,Kawin/Nikah,7565559.0,7565559.0,10,10,Jawa Barat,Kota Bandung,Coblong,Dago,Jl. Ganesha No. 246,PBI APBN (Kemenkes),Ya,Tidak,Masih Sekolah,SMP/MTs,SMP/MTs,Tidak,Transportasi & Pergudangan,Berusaha sendiri,532100000082,1300 VA,Dinas,Kayu/Papan,Plesteran Anyaman Bambu,Genteng Beton/Keramik,Sumur Bor/Pompa,Listrik PLN Dengan Meteran,Biogas,Bersama,Plengsengan,Lubang Tanah,Ya,Tidak,Tidak,Ya,Tidak,Ya,Kurang Gizi,Buta Total,Tidak Ada Gangguan,Gangguan Ringan
3201012195000247,3201012010180083,Ahmad Nurbaya,1972-07-17,54,Laki-laki,Istri,Cerai Hidup,8610093.0,8610093.0,2,2,Jawa Tengah,Kota Semarang,Semarang Selatan,Randusari,Jl. Pandanaran No. 247,PBI APBN (Kemenkes),Ya,Tidak,Masih Sekolah,Magister (S2),Magister (S2),Ya,"Pertanian, kehutanan, dan perikanan",Berusaha sendiri,532100000083,3500 VA,Milik Sendiri,Keramik,Bambu,Beton,Sumur Terlindung,Listrik PLN Dengan Meteran,Minyak Tanah,Bersama,Tidak Ada Kloset,Pantai/Tanah Lapang/Kebun,Ya,Ya,Tidak,Ya,Ya,Ya,Kurang Gizi,Gangguan Berat,Tidak Ada Gangguan,Tidak Bisa Berjalan
3201012691000248,3201012010180083,Sri Rahmawati,1993-08-06,33,Perempuan,Istri,Belum Kawin,6318359.0,6318359.0,1,1,Jawa Tengah,Kota Semarang,Semarang Selatan,Randusari,Jl. Pandanaran No. 248,PBI APBN + PKH,Ya,Tidak,Tidak Sekolah Lagi,Diploma (D1-D4),Diploma (D1-D4),Ya,Administrasi pemerintahan,Buruh/Karyawan/Pegawai,532100000083,1300 VA,Kontrak/Sewa,Bambu,Tembok,Seng,Sumur Bor/Pompa,Bukan Listrik,Listrik,Umum,Plengsengan,Tangki Septik,Ya,Tidak,Ya,Tidak,Ya,Tidak,Kurang Gizi,Tidak Ada Gangguan,Gangguan Ringan,Tidak Ada Gangguan
3201012480000249,3201012010180083,Dedi Hidayat,1961-01-12,65,Laki-laki,Istri,Cerai Mati,14113844.0,14113844.0,4,4,Jawa Tengah,Kota Semarang,Semarang Selatan,Randusari,Jl. Pandanaran No. 249,PBI APBN (Kemenkes),Ya,Tidak,Belum Sekolah,Sarjana (S1),Sarjana (S1),Ya,Transportasi & Pergudangan,Buruh/Karyawan/Pegawai,532100000083,2200 VA,Milik Sendiri,Ubin/Teraso,Bambu,Genteng Beton/Keramik,Sumur Terlindung,Bukan Listrik,Listrik,Umum,Cemplung/Cubluk,Pantai/Tanah Lapang/Kebun,Ya,Ya,Tidak,Ya,Tidak,Tidak,Resiko Stunting,Gangguan Ringan,Gangguan Ringan,Tidak Bisa Berjalan
3201012370000250,3201012010180084,Bambang Wibowo,1962-04-10,64,Laki-laki,Kepala Keluarga,Belum Kawin,2327422.0,2327422.0,3,3,Jawa Timur,Kota Surabaya,Tegalsari,Kedungdoro,Jl. Basuki Rahmat No. 250,PBI APBD (Pemda),Tidak,Ya,Tidak Sekolah Lagi,Magister (S2),Magister (S2),Tidak,"Pertanian, kehutanan, dan perikanan",Berusaha dibantu pekerja tidak tetap,532100000084,2200 VA,Dinas,Tanah,Kayu,Seng,Sumur Terlindung,Bukan Listrik,LPG 5.5 kg / 12 kg,Sendiri,Leher Angsa,Tangki Septik,Ya,Ya,Ya,Tidak,Ya,Ya,Normal,Gangguan Berat,Gangguan Ringan,Tidak Bisa Berjalan
3201011083000251,3201012010180084,Nur Nurbaya,1973-08-03,53,Perempuan,Orang Tua/Mertua,Belum Kawin,3419806.0,3419806.0,5,5,Jawa Timur,Kota Surabaya,Tegalsari,Kedungdoro,Jl. Basuki Rahmat No. 251,PBI APBN (Kemenkes),Ya,Tidak,Tidak Sekolah Lagi,Magister (S2),Magister (S2),Ya,Transportasi & Pergudangan,Berusaha sendiri,532100000084,2200 VA,Milik Sendiri,Tanah,Plesteran Anyaman Bambu,Beton,Layanan Perpipaan (PDAM),Listrik PLN Tanpa Meteran,Kayu Bakar,Bersama,Plengsengan,Tangki Septik,Ya,Ya,Tidak,Ya,Tidak,Ya,Resiko Stunting,Buta Total,Tidak Ada Gangguan,Tidak Bisa Berjalan
3201011672000252,3201012010180084,Siti Wijaya,1981-09-10,45,Perempuan,Istri,Belum Kawin,11014638.0,11014638.0,1,1,Jawa Timur,Kota Surabaya,Tegalsari,Kedungdoro,Jl. Basuki Rahmat No. 252,PKH & BPNT,Tidak,Tidak,Masih Sekolah,SMA/SMK/MA,SMA/SMK/MA,Tidak,Konstruksi,Pekerja bebas,532100000084,Tanpa PLN,Dinas,Ubin/Teraso,Bambu,Genteng Tanah Liat,Layanan Perpipaan (PDAM),Listrik PLN Dengan Meteran,LPG 3 kg,Sendiri,Cemplung/Cubluk,Lubang Tanah,Ya,Tidak,Tidak,Tidak,Ya,Tidak,Resiko Stunting,Gangguan Berat,Gangguan Ringan,Gangguan Ringan
3201012079000253,3201012010180085,Dewi Pratama,1997-01-22,29,Perempuan,Istri,Cerai Hidup,8231516.0,8231516.0,4,4,Banten,Kota Tangerang,Tangerang,Sukarasa,Jl. Merdeka No. 253,PKH & BPNT,Tidak,Tidak,Masih Sekolah,Sarjana (S1),Sarjana (S1),Tidak,"Pertanian, kehutanan, dan perikanan",Buruh/Karyawan/Pegawai,532100000085,900 VA,Milik Sendiri,Keramik,Plesteran Anyaman Bambu,Bambu/Ijuk,Layanan Perpipaan (PDAM),Listrik PLN Tanpa Meteran,Biogas,Tidak Ada,Leher Angsa,Tangki Septik,Ya,Tidak,Tidak,Tidak,Ya,Ya,Normal,Gangguan Ringan,Tidak Ada Gangguan,Gangguan Ringan
3201012792000254,3201012010180085,Hendra Hidayat,1978-08-21,48,Laki-laki,Kepala Keluarga,Cerai Mati,1641995.0,1641995.0,3,3,Banten,Kota Tangerang,Tangerang,Sukarasa,Jl. Merdeka No. 254,Bukan Penerima Bantuan,Tidak,Tidak,Tidak Sekolah Lagi,Magister (S2),Magister (S2),Ya,Konstruksi,Buruh/Karyawan/Pegawai,532100000085,3500 VA,Milik Sendiri,Tanah,Kayu,Bambu/Ijuk,Sumur Terlindung,Bukan Listrik,Biogas,Sendiri,Plengsengan,Pantai/Tanah Lapang/Kebun,Ya,Tidak,Tidak,Tidak,Tidak,Ya,Resiko Stunting,Tidak Ada Gangguan,Tidak Ada Gangguan,Tidak Bisa Berjalan
3201011688000255,3201012010180085,Budi Suryani,1987-12-24,39,Laki-laki,Anak,Cerai Hidup,1962078.0,1962078.0,3,3,Banten,Kota Tangerang,Tangerang,Sukarasa,Jl. Merdeka No. 255,PBI APBD (Pemda),Tidak,Ya,Masih Sekolah,Sarjana (S1),Sarjana (S1),Ya,Konstruksi,Buruh/Karyawan/Pegawai,532100000085,Tanpa PLN,Kontrak/Sewa,Semen/Bata Merah,Kayu,Seng,Air Kemasan/Isi Ulang,Listrik PLN Tanpa Meteran,LPG 5.5 kg / 12 kg,Sendiri,Leher Angsa,Kolam/Sawah/Sungai/Danau/Laut,Ya,Tidak,Tidak,Ya,Tidak,Ya,Kurang Gizi,Gangguan Berat,Gangguan Ringan,Tidak Ada Gangguan
3201011096000256,3201012010180086,Bambang Kusuma,2001-05-06,25,Laki-laki,Anak,Kawin/Nikah,16561626.0,16561626.0,5,5,Sumatera Utara,Kota Medan,Medan Baru,Petisah Tengah,Jl. Gajah Mada No. 256,Bukan Penerima Bantuan,Tidak,Tidak,Belum Sekolah,SMP/MTs,SMP/MTs,Tidak,Industri pengolahan,Pekerja bebas,532100000086,1300 VA,Kontrak/Sewa,Bambu,Seng,Genteng Beton/Keramik,Sumur Terlindung,Listrik PLN Tanpa Meteran,Biogas,Tidak Ada,Cemplung/Cubluk,Lubang Tanah,Ya,Tidak,Ya,Tidak,Ya,Tidak,Resiko Stunting,Gangguan Ringan,Tidak Ada Gangguan,Tidak Bisa Berjalan
3201012593000257,3201012010180086,Anisa Nurbaya,1956-05-06,70,Perempuan,Istri,Cerai Mati,2774695.0,2774695.0,7,7,Sumatera Utara,Kota Medan,Medan Baru,Petisah Tengah,Jl. Gajah Mada No. 257,PBI APBD (Pemda),Tidak,Ya,Tidak Sekolah Lagi,Magister (S2),Magister (S2),Tidak,"Pertanian, kehutanan, dan perikanan",Pekerja keluarga/tidak dibayar,532100000086,900 VA,Milik Sendiri,Bambu,Tembok,Asbes,Sumur Terlindung,Listrik PLN Dengan Meteran,LPG 3 kg,Sendiri,Leher Angsa,Lubang Tanah,Ya,Ya,Ya,Tidak,Ya,Ya,Normal,Tidak Ada Gangguan,Tuli Total,Tidak Bisa Berjalan
3201012097000258,3201012010180086,Teuku Wibowo,1963-08-25,63,Laki-laki,Orang Tua/Mertua,Belum Kawin,3795743.0,3795743.0,1,1,Sumatera Utara,Kota Medan,Medan Baru,Petisah Tengah,Jl. Gajah Mada No. 258,Bukan Penerima Bantuan,Tidak,Tidak,Belum Sekolah,SMA/SMK/MA,SMA/SMK/MA,Ya,Perdagangan besar dan eceran,Buruh/Karyawan/Pegawai,532100000086,450 VA,Bebas Sewa,Keramik,Plesteran Anyaman Bambu,Asbes,Layanan Perpipaan (PDAM),Listrik PLN Dengan Meteran,LPG 5.5 kg / 12 kg,Sendiri,Plengsengan,Pantai/Tanah Lapang/Kebun,Ya,Tidak,Ya,Tidak,Tidak,Ya,Kurang Gizi,Tidak Ada Gangguan,Gangguan Ringan,Tidak Ada Gangguan
3201011377000259,3201012010180087,Dewi Nurbaya,1977-02-20,49,Perempuan,Anak,Kawin/Nikah,3277847.0,3277847.0,3,3,Bali,Kota Denpasar,Denpasar Selatan,Sidakarya,Jl. Raya Puputan No. 259,PBI APBN + PKH,Ya,Tidak,Belum Sekolah,SMA/SMK/MA,SMA/SMK/MA,Ya,Transportasi & Pergudangan,Berusaha sendiri,532100000087,Tanpa PLN,Bebas Sewa,Bambu,Bambu,Seng,Air Kemasan/Isi Ulang,Listrik Non PLN,Minyak Tanah,Umum,Cemplung/Cubluk,Tangki Septik,Ya,Ya,Ya,Ya,Tidak,Ya,Kurang Gizi,Buta Total,Tuli Total,Gangguan Ringan
3201011273000260,3201012010180087,Eko Kurniawan,2001-05-05,25,Laki-laki,Kepala Keluarga,Cerai Hidup,8429760.0,8429760.0,8,8,Bali,Kota Denpasar,Denpasar Selatan,Sidakarya,Jl. Raya Puputan No. 260,PBI APBN + PKH,Ya,Tidak,Tidak Sekolah Lagi,Magister (S2),Magister (S2),Tidak,Administrasi pemerintahan,Berusaha sendiri,532100000087,Tanpa PLN,Kontrak/Sewa,Kayu/Papan,Seng,Beton,Sumur Terlindung,Bukan Listrik,Kayu Bakar,Bersama,Tidak Ada Kloset,Tangki Septik,Ya,Tidak,Ya,Ya,Ya,Tidak,Normal,Gangguan Ringan,Tidak Ada Gangguan,Gangguan Ringan
3201012785000261,3201012010180087,Wawan Pratama,1958-06-12,68,Laki-laki,Istri,Cerai Hidup,3402283.0,3402283.0,4,4,Bali,Kota Denpasar,Denpasar Selatan,Sidakarya,Jl. Raya Puputan No. 261,PBI APBN (Kemenkes),Ya,Tidak,Belum Sekolah,SMP/MTs,SMP/MTs,Ya,Jasa keuangan & asuransi,Berusaha dibantu pekerja tidak tetap,532100000087,Tanpa PLN,Milik Sendiri,Tanah,Seng,Seng,Air Kemasan/Isi Ulang,Listrik PLN Dengan Meteran,Biogas,Sendiri,Tidak Ada Kloset,Lubang Tanah,Ya,Ya,Ya,Tidak,Ya,Ya,Resiko Stunting,Tidak Ada Gangguan,Tidak Ada Gangguan,Tidak Bisa Berjalan
3201012374000262,3201012010180088,Anisa Lestari,2002-03-24,24,Perempuan,Anak,Cerai Mati,2363025.0,2363025.0,5,5,DKI Jakarta,Jakarta Selatan,Cilandak,Cilandak Barat,Jl. Mawar No. 262,PBI APBN (Kemenkes),Ya,Tidak,Masih Sekolah,SD/MI,SD/MI,Ya,Jasa keuangan & asuransi,Pekerja keluarga/tidak dibayar,532100000088,900 VA,Milik Sendiri,Kayu/Papan,Seng,Bambu/Ijuk,Sumur Terlindung,Listrik Non PLN,Kayu Bakar,Umum,Plengsengan,Pantai/Tanah Lapang/Kebun,Ya,Ya,Tidak,Ya,Tidak,Ya,Resiko Stunting,Buta Total,Tuli Total,Tidak Ada Gangguan
3201011782000263,3201012010180088,Anisa Umar,2007-12-15,19,Perempuan,Orang Tua/Mertua,Cerai Hidup,6582646.0,6582646.0,7,7,DKI Jakarta,Jakarta Selatan,Cilandak,Cilandak Barat,Jl. Mawar No. 263,PBI APBD (Pemda),Tidak,Ya,Tidak Sekolah Lagi,SD/MI,SD/MI,Ya,"Pertanian, kehutanan, dan perikanan",Pekerja bebas,532100000088,3500 VA,Bebas Sewa,Keramik,Kayu,Seng,Layanan Perpipaan (PDAM),Listrik PLN Dengan Meteran,LPG 3 kg,Bersama,Leher Angsa,Kolam/Sawah/Sungai/Danau/Laut,Ya,Ya,Ya,Ya,Ya,Tidak,Normal,Tidak Ada Gangguan,Tuli Total,Gangguan Ringan
3201011171000264,3201012010180088,Cut Umar,1974-01-12,52,Perempuan,Anak,Cerai Mati,16806910.0,16806910.0,6,6,DKI Jakarta,Jakarta Selatan,Cilandak,Cilandak Barat,Jl. Mawar No. 264,PBI APBD (Pemda),Tidak,Ya,Belum Sekolah,Magister (S2),Magister (S2),Ya,Administrasi pemerintahan,Berusaha dibantu pekerja tidak tetap,532100000088,Tanpa PLN,Milik Sendiri,Bambu,Kayu,Genteng Tanah Liat,Mata Air Terlindung,Bukan Listrik,Minyak Tanah,Sendiri,Cemplung/Cubluk,Lubang Tanah,Ya,Ya,Tidak,Ya,Ya,Ya,Resiko Stunting,Gangguan Ringan,Tuli Total,Tidak Ada Gangguan
3201012686000265,3201012010180089,Sri Putri,1983-03-11,43,Perempuan,Anak,Cerai Hidup,3183913.0,3183913.0,10,10,Jawa Barat,Kota Bogor,Bogor Tengah,Paledang,Jl. Pajajaran No. 265,Bukan Penerima Bantuan,Tidak,Tidak,Masih Sekolah,SMP/MTs,SMP/MTs,Tidak,"Pertanian, kehutanan, dan perikanan",Buruh/Karyawan/Pegawai,532100000089,900 VA,Bebas Sewa,Bambu,Tembok,Asbes,Air Kemasan/Isi Ulang,Bukan Listrik,Listrik,Bersama,Cemplung/Cubluk,Lubang Tanah,Ya,Ya,Tidak,Tidak,Tidak,Ya,Normal,Gangguan Ringan,Tuli Total,Gangguan Ringan
3201011885000266,3201012010180089,Hendra Suryani,1996-03-04,30,Laki-laki,Orang Tua/Mertua,Kawin/Nikah,3701096.0,3701096.0,8,8,Jawa Barat,Kota Bogor,Bogor Tengah,Paledang,Jl. Pajajaran No. 266,PKH & BPNT,Tidak,Tidak,Belum Sekolah,Sarjana (S1),Sarjana (S1),Tidak,Administrasi pemerintahan,Buruh/Karyawan/Pegawai,532100000089,Tanpa PLN,Dinas,Bambu,Seng,Seng,Air Hujan,Listrik PLN Dengan Meteran,Kayu Bakar,Sendiri,Plengsengan,Tangki Septik,Ya,Ya,Ya,Tidak,Tidak,Ya,Kurang Gizi,Tidak Ada Gangguan,Tidak Ada Gangguan,Gangguan Ringan
3201012491000267,3201012010180089,Teuku Hidayat,1984-08-21,42,Laki-laki,Orang Tua/Mertua,Kawin/Nikah,18196215.0,18196215.0,7,7,Jawa Barat,Kota Bogor,Bogor Tengah,Paledang,Jl. Pajajaran No. 267,PBI APBD (Pemda),Tidak,Ya,Tidak Sekolah Lagi,SMA/SMK/MA,SMA/SMK/MA,Ya,Administrasi pemerintahan,Pekerja bebas,532100000089,3500 VA,Dinas,Ubin/Teraso,Seng,Genteng Tanah Liat,Sumur Bor/Pompa,Bukan Listrik,LPG 3 kg,Bersama,Tidak Ada Kloset,Lubang Tanah,Ya,Ya,Tidak,Ya,Tidak,Ya,Wasting,Buta Total,Gangguan Ringan,Tidak Ada Gangguan
3201011176000268,3201012010180090,Budi Kurniawan,1972-05-21,54,Laki-laki,Istri,Kawin/Nikah,1797245.0,1797245.0,5,5,Jawa Barat,Kota Bandung,Coblong,Dago,Jl. Ganesha No. 268,PBI APBN + PKH,Ya,Tidak,Tidak Sekolah Lagi,Sarjana (S1),Sarjana (S1),Ya,Konstruksi,Berusaha sendiri,532100000090,450 VA,Milik Sendiri,Kayu/Papan,Bambu,Seng,Layanan Perpipaan (PDAM),Listrik PLN Tanpa Meteran,Listrik,Tidak Ada,Tidak Ada Kloset,Pantai/Tanah Lapang/Kebun,Ya,Ya,Tidak,Tidak,Tidak,Ya,Resiko Stunting,Tidak Ada Gangguan,Tuli Total,Tidak Bisa Berjalan
3201012889000269,3201012010180090,Wawan Putri,1997-12-24,29,Laki-laki,Anak,Kawin/Nikah,6437207.0,6437207.0,2,2,Jawa Barat,Kota Bandung,Coblong,Dago,Jl. Ganesha No. 269,PBI APBN + PKH,Ya,Tidak,Tidak Sekolah Lagi,Sarjana (S1),Sarjana (S1),Ya,Penyediaan Akomodasi & Makan Minum,Berusaha sendiri,532100000090,Tanpa PLN,Dinas,Tanah,Plesteran Anyaman Bambu,Genteng Tanah Liat,Air Kemasan/Isi Ulang,Listrik PLN Tanpa Meteran,Biogas,Bersama,Tidak Ada Kloset,Lubang Tanah,Ya,Tidak,Ya,Tidak,Ya,Ya,Normal,Gangguan Berat,Gangguan Ringan,Tidak Ada Gangguan
3201011998000270,3201012010180090,Dedi Pratama,1999-08-21,27,Laki-laki,Orang Tua/Mertua,Cerai Mati,17447326.0,17447326.0,9,9,Jawa Barat,Kota Bandung,Coblong,Dago,Jl. Ganesha No. 270,PKH & BPNT,Tidak,Tidak,Masih Sekolah,SMP/MTs,SMP/MTs,Tidak,Transportasi & Pergudangan,Pekerja bebas,532100000090,900 VA,Kontrak/Sewa,Bambu,Seng,Asbes,Sumur Bor/Pompa,Bukan Listrik,Biogas,Umum,Leher Angsa,Tangki Septik,Ya,Ya,Ya,Ya,Tidak,Ya,Kurang Gizi,Tidak Ada Gangguan,Tuli Total,Gangguan Ringan
3201012688000271,3201012010180091,Siti Nurbaya,1981-04-08,45,Perempuan,Orang Tua/Mertua,Cerai Mati,1740126.0,1740126.0,6,6,Jawa Tengah,Kota Semarang,Semarang Selatan,Randusari,Jl. Pandanaran No. 271,PBI APBN + PKH,Ya,Tidak,Tidak Sekolah Lagi,Magister (S2),Magister (S2),Tidak,Perdagangan besar dan eceran,Pekerja bebas,532100000091,900 VA,Bebas Sewa,Semen/Bata Merah,Bambu,Seng,Sumur Terlindung,Listrik PLN Tanpa Meteran,LPG 3 kg,Tidak Ada,Leher Angsa,Tangki Septik,Ya,Ya,Ya,Tidak,Tidak,Tidak,Resiko Stunting,Buta Total,Tidak Ada Gangguan,Tidak Bisa Berjalan
3201012276000272,3201012010180091,Sri Wijaya,1958-10-14,68,Perempuan,Istri,Cerai Mati,3945401.0,3945401.0,7,7,Jawa Tengah,Kota Semarang,Semarang Selatan,Randusari,Jl. Pandanaran No. 272,PBI APBD (Pemda),Tidak,Ya,Masih Sekolah,Magister (S2),Magister (S2),Ya,"Pertanian, kehutanan, dan perikanan",Pekerja keluarga/tidak dibayar,532100000091,2200 VA,Bebas Sewa,Bambu,Kayu,Seng,Layanan Perpipaan (PDAM),Listrik PLN Dengan Meteran,LPG 3 kg,Sendiri,Tidak Ada Kloset,Tangki Septik,Ya,Ya,Ya,Ya,Tidak,Ya,Resiko Stunting,Buta Total,Tuli Total,Tidak Bisa Berjalan
3201012175000273,3201012010180091,Rina Kusuma,1974-04-18,52,Perempuan,Istri,Cerai Mati,2046265.0,2046265.0,3,3,Jawa Tengah,Kota Semarang,Semarang Selatan,Randusari,Jl. Pandanaran No. 273,PBI APBN (Kemenkes),Ya,Tidak,Belum Sekolah,Sarjana (S1),Sarjana (S1),Ya,"Pertanian, kehutanan, dan perikanan",Berusaha dibantu pekerja tidak tetap,532100000091,3500 VA,Milik Sendiri,Keramik,Kayu,Seng,Sumur Bor/Pompa,Listrik PLN Tanpa Meteran,LPG 3 kg,Sendiri,Tidak Ada Kloset,Kolam/Sawah/Sungai/Danau/Laut,Ya,Ya,Tidak,Ya,Tidak,Ya,Kurang Gizi,Tidak Ada Gangguan,Gangguan Ringan,Tidak Bisa Berjalan
3201011276000274,3201012010180092,Irfan Wijaya,1975-11-15,51,Laki-laki,Istri,Belum Kawin,2126534.0,2126534.0,2,2,Jawa Timur,Kota Surabaya,Tegalsari,Kedungdoro,Jl. Basuki Rahmat No. 274,PKH & BPNT,Tidak,Tidak,Tidak Sekolah Lagi,Diploma (D1-D4),Diploma (D1-D4),Ya,Jasa keuangan & asuransi,Pekerja keluarga/tidak dibayar,532100000092,Tanpa PLN,Bebas Sewa,Keramik,Kayu,Beton,Air Kemasan/Isi Ulang,Listrik PLN Dengan Meteran,Kayu Bakar,Bersama,Plengsengan,Kolam/Sawah/Sungai/Danau/Laut,Ya,Ya,Ya,Ya,Tidak,Ya,Resiko Stunting,Tidak Ada Gangguan,Tuli Total,Tidak Bisa Berjalan
3201011478000275,3201012010180092,Hendra Lestari,1967-02-12,59,Laki-laki,Anak,Cerai Mati,18438522.0,18438522.0,4,4,Jawa Timur,Kota Surabaya,Tegalsari,Kedungdoro,Jl. Basuki Rahmat No. 275,PKH & BPNT,Tidak,Tidak,Masih Sekolah,SMP/MTs,SMP/MTs,Tidak,Transportasi & Pergudangan,Buruh/Karyawan/Pegawai,532100000092,3500 VA,Bebas Sewa,Ubin/Teraso,Kayu,Bambu/Ijuk,Sumur Terlindung,Bukan Listrik,Minyak Tanah,Tidak Ada,Cemplung/Cubluk,Kolam/Sawah/Sungai/Danau/Laut,Ya,Ya,Tidak,Tidak,Ya,Tidak,Wasting,Tidak Ada Gangguan,Gangguan Ringan,Tidak Ada Gangguan
3201011186000276,3201012010180092,Hendra Kurniawan,1973-10-27,53,Laki-laki,Anak,Cerai Mati,6709146.0,6709146.0,7,7,Jawa Timur,Kota Surabaya,Tegalsari,Kedungdoro,Jl. Basuki Rahmat No. 276,PBI APBD (Pemda),Tidak,Ya,Tidak Sekolah Lagi,SMP/MTs,SMP/MTs,Ya,Industri pengolahan,Pekerja bebas,532100000092,1300 VA,Kontrak/Sewa,Semen/Bata Merah,Tembok,Genteng Tanah Liat,Sumur Bor/Pompa,Listrik PLN Dengan Meteran,Biogas,Umum,Plengsengan,Pantai/Tanah Lapang/Kebun,Ya,Tidak,Ya,Ya,Tidak,Tidak,Resiko Stunting,Gangguan Ringan,Tidak Ada Gangguan,Tidak Bisa Berjalan
3201011892000277,3201012010180093,Sri Umar,1991-11-14,35,Perempuan,Orang Tua/Mertua,Cerai Hidup,10916576.0,10916576.0,8,8,Banten,Kota Tangerang,Tangerang,Sukarasa,Jl. Merdeka No. 277,PBI APBN (Kemenkes),Ya,Tidak,Tidak Sekolah Lagi,Diploma (D1-D4),Diploma (D1-D4),Ya,"Pertanian, kehutanan, dan perikanan",Berusaha dibantu pekerja tidak tetap,532100000093,900 VA,Bebas Sewa,Bambu,Seng,Genteng Beton/Keramik,Mata Air Terlindung,Listrik PLN Dengan Meteran,Listrik,Sendiri,Leher Angsa,Pantai/Tanah Lapang/Kebun,Ya,Tidak,Ya,Tidak,Ya,Ya,Wasting,Tidak Ada Gangguan,Tidak Ada Gangguan,Gangguan Ringan
3201011396000278,3201012010180093,Irfan Nurbaya,1972-06-25,54,Laki-laki,Anak,Cerai Mati,1667283.0,1667283.0,7,7,Banten,Kota Tangerang,Tangerang,Sukarasa,Jl. Merdeka No. 278,PKH & BPNT,Tidak,Tidak,Belum Sekolah,Diploma (D1-D4),Diploma (D1-D4),Tidak,"Pertanian, kehutanan, dan perikanan",Pekerja bebas,532100000093,3500 VA,Milik Sendiri,Keramik,Kayu,Genteng Tanah Liat,Air Kemasan/Isi Ulang,Listrik PLN Tanpa Meteran,LPG 3 kg,Umum,Tidak Ada Kloset,Lubang Tanah,Ya,Ya,Ya,Ya,Tidak,Ya,Normal,Gangguan Berat,Tidak Ada Gangguan,Tidak Ada Gangguan
3201011179000279,3201012010180093,Teuku Setiawan,1976-12-20,50,Laki-laki,Orang Tua/Mertua,Cerai Hidup,3388910.0,3388910.0,6,6,Banten,Kota Tangerang,Tangerang,Sukarasa,Jl. Merdeka No. 279,PBI APBD (Pemda),Tidak,Ya,Belum Sekolah,Diploma (D1-D4),Diploma (D1-D4),Tidak,"Pertanian, kehutanan, dan perikanan",Pekerja keluarga/tidak dibayar,532100000093,3500 VA,Kontrak/Sewa,Bambu,Seng,Bambu/Ijuk,Sumur Terlindung,Listrik Non PLN,Listrik,Tidak Ada,Plengsengan,Tangki Septik,Ya,Tidak,Tidak,Ya,Tidak,Ya,Resiko Stunting,Tidak Ada Gangguan,Tidak Ada Gangguan,Gangguan Ringan
3201011176000280,3201012010180094,Budi Wibowo,1984-07-07,42,Laki-laki,Orang Tua/Mertua,Kawin/Nikah,9626204.0,9626204.0,5,5,Sumatera Utara,Kota Medan,Medan Baru,Petisah Tengah,Jl. Gajah Mada No. 280,PBI APBN + PKH,Ya,Tidak,Belum Sekolah,SMP/MTs,SMP/MTs,Ya,Jasa keuangan & asuransi,Berusaha sendiri,532100000094,1300 VA,Dinas,Kayu/Papan,Plesteran Anyaman Bambu,Beton,Layanan Perpipaan (PDAM),Bukan Listrik,LPG 5.5 kg / 12 kg,Sendiri,Cemplung/Cubluk,Pantai/Tanah Lapang/Kebun,Ya,Ya,Tidak,Ya,Ya,Tidak,Normal,Tidak Ada Gangguan,Tidak Ada Gangguan,Tidak Ada Gangguan
3201012475000281,3201012010180094,Hendra Santoso,1985-11-17,41,Laki-laki,Orang Tua/Mertua,Cerai Hidup,13473147.0,13473147.0,4,4,Sumatera Utara,Kota Medan,Medan Baru,Petisah Tengah,Jl. Gajah Mada No. 281,PBI APBD (Pemda),Tidak,Ya,Tidak Sekolah Lagi,Sarjana (S1),Sarjana (S1),Tidak,Administrasi pemerintahan,Buruh/Karyawan/Pegawai,532100000094,2200 VA,Bebas Sewa,Semen/Bata Merah,Tembok,Genteng Tanah Liat,Air Hujan,Bukan Listrik,Biogas,Tidak Ada,Plengsengan,Kolam/Sawah/Sungai/Danau/Laut,Ya,Ya,Tidak,Ya,Tidak,Tidak,Kurang Gizi,Tidak Ada Gangguan,Tuli Total,Tidak Ada Gangguan
3201011773000282,3201012010180094,Rina Pratama,1958-01-19,68,Perempuan,Anak,Belum Kawin,4215961.0,4215961.0,10,10,Sumatera Utara,Kota Medan,Medan Baru,Petisah Tengah,Jl. Gajah Mada No. 282,PBI APBN + PKH,Ya,Tidak,Tidak Sekolah Lagi,Diploma (D1-D4),Diploma (D1-D4),Ya,Industri pengolahan,Pekerja bebas,532100000094,2200 VA,Kontrak/Sewa,Ubin/Teraso,Kayu,Seng,Air Hujan,Listrik Non PLN,Biogas,Umum,Leher Angsa,Tangki Septik,Ya,Ya,Tidak,Tidak,Ya,Ya,Wasting,Tidak Ada Gangguan,Tidak Ada Gangguan,Tidak Ada Gangguan
3201012098000283,3201012010180095,Ahmad Nyak Dien,1955-11-16,71,Laki-laki,Orang Tua/Mertua,Cerai Hidup,1543677.0,1543677.0,3,3,Bali,Kota Denpasar,Denpasar Selatan,Sidakarya,Jl. Raya Puputan No. 283,PBI APBN (Kemenkes),Ya,Tidak,Belum Sekolah,SMA/SMK/MA,SMA/SMK/MA,Tidak,Perdagangan besar dan eceran,Berusaha dibantu pekerja tidak tetap,532100000095,900 VA,Dinas,Keramik,Tembok,Genteng Tanah Liat,Mata Air Terlindung,Listrik Non PLN,LPG 5.5 kg / 12 kg,Bersama,Plengsengan,Tangki Septik,Ya,Ya,Tidak,Tidak,Tidak,Tidak,Wasting,Gangguan Berat,Tuli Total,Gangguan Ringan
3201011881000284,3201012010180095,Ahmad Santoso,2007-06-10,19,Laki-laki,Anak,Cerai Mati,1736477.0,1736477.0,3,3,Bali,Kota Denpasar,Denpasar Selatan,Sidakarya,Jl. Raya Puputan No. 284,PBI APBN + PKH,Ya,Tidak,Masih Sekolah,Magister (S2),Magister (S2),Ya,Administrasi pemerintahan,Berusaha dibantu pekerja tidak tetap,532100000095,450 VA,Kontrak/Sewa,Bambu,Seng,Seng,Layanan Perpipaan (PDAM),Listrik PLN Dengan Meteran,LPG 5.5 kg / 12 kg,Tidak Ada,Leher Angsa,Kolam/Sawah/Sungai/Danau/Laut,Ya,Tidak,Ya,Tidak,Tidak,Tidak,Kurang Gizi,Buta Total,Gangguan Ringan,Gangguan Ringan
3201011671000285,3201012010180095,Eko Putri,1994-02-14,32,Laki-laki,Orang Tua/Mertua,Cerai Hidup,3331086.0,3331086.0,8,8,Bali,Kota Denpasar,Denpasar Selatan,Sidakarya,Jl. Raya Puputan No. 285,PBI APBD (Pemda),Tidak,Ya,Belum Sekolah,SMA/SMK/MA,SMA/SMK/MA,Ya,Konstruksi,Berusaha dibantu pekerja tidak tetap,532100000095,1300 VA,Milik Sendiri,Semen/Bata Merah,Tembok,Asbes,Air Kemasan/Isi Ulang,Listrik PLN Tanpa Meteran,Listrik,Sendiri,Leher Angsa,Pantai/Tanah Lapang/Kebun,Ya,Tidak,Ya,Tidak,Tidak,Ya,Normal,Gangguan Berat,Tidak Ada Gangguan,Gangguan Ringan
3201011995000286,3201012010180096,Agus Nyak Dien,1960-12-09,66,Laki-laki,Istri,Belum Kawin,4327305.0,4327305.0,1,1,DKI Jakarta,Jakarta Selatan,Cilandak,Cilandak Barat,Jl. Mawar No. 286,PBI APBN + PKH,Ya,Tidak,Tidak Sekolah Lagi,SMP/MTs,SMP/MTs,Tidak,Transportasi & Pergudangan,Berusaha dibantu pekerja tidak tetap,532100000096,450 VA,Bebas Sewa,Semen/Bata Merah,Plesteran Anyaman Bambu,Seng,Layanan Perpipaan (PDAM),Bukan Listrik,Biogas,Umum,Plengsengan,Lubang Tanah,Ya,Tidak,Ya,Tidak,Ya,Tidak,Wasting,Tidak Ada Gangguan,Gangguan Ringan,Tidak Bisa Berjalan
3201012487000287,3201012010180096,Anisa Wijaya,2005-07-04,21,Perempuan,Istri,Cerai Mati,8199422.0,8199422.0,7,7,DKI Jakarta,Jakarta Selatan,Cilandak,Cilandak Barat,Jl. Mawar No. 287,PBI APBN + PKH,Ya,Tidak,Tidak Sekolah Lagi,Diploma (D1-D4),Diploma (D1-D4),Tidak,Perdagangan besar dan eceran,Pekerja keluarga/tidak dibayar,532100000096,450 VA,Dinas,Keramik,Kayu,Beton,Sumur Bor/Pompa,Listrik PLN Tanpa Meteran,Kayu Bakar,Umum,Plengsengan,Kolam/Sawah/Sungai/Danau/Laut,Ya,Ya,Tidak,Ya,Tidak,Ya,Kurang Gizi,Buta Total,Tidak Ada Gangguan,Tidak Ada Gangguan
3201011178000288,3201012010180096,Dewi Putri,1993-02-27,33,Perempuan,Anak,Cerai Mati,2194802.0,2194802.0,4,4,DKI Jakarta,Jakarta Selatan,Cilandak,Cilandak Barat,Jl. Mawar No. 288,Bukan Penerima Bantuan,Tidak,Tidak,Masih Sekolah,Sarjana (S1),Sarjana (S1),Tidak,Jasa keuangan & asuransi,Berusaha sendiri,532100000096,Tanpa PLN,Kontrak/Sewa,Semen/Bata Merah,Bambu,Bambu/Ijuk,Air Kemasan/Isi Ulang,Bukan Listrik,Kayu Bakar,Bersama,Leher Angsa,Tangki Septik,Ya,Ya,Ya,Ya,Ya,Ya,Resiko Stunting,Tidak Ada Gangguan,Gangguan Ringan,Tidak Ada Gangguan
3201012684000289,3201012010180097,Yuni Rahmawati,1962-05-13,64,Perempuan,Orang Tua/Mertua,Belum Kawin,17392805.0,17392805.0,10,10,Jawa Barat,Kota Bogor,Bogor Tengah,Paledang,Jl. Pajajaran No. 289,PBI APBN (Kemenkes),Ya,Tidak,Tidak Sekolah Lagi,SMP/MTs,SMP/MTs,Ya,Jasa keuangan & asuransi,Berusaha sendiri,532100000097,Tanpa PLN,Kontrak/Sewa,Ubin/Teraso,Plesteran Anyaman Bambu,Bambu/Ijuk,Air Hujan,Listrik PLN Tanpa Meteran,Minyak Tanah,Tidak Ada,Cemplung/Cubluk,Kolam/Sawah/Sungai/Danau/Laut,Ya,Ya,Tidak,Tidak,Tidak,Tidak,Kurang Gizi,Tidak Ada Gangguan,Gangguan Ringan,Gangguan Ringan
3201012374000290,3201012010180097,Budi Nurbaya,1984-02-19,42,Laki-laki,Orang Tua/Mertua,Kawin/Nikah,15911566.0,15911566.0,1,1,Jawa Barat,Kota Bogor,Bogor Tengah,Paledang,Jl. Pajajaran No. 290,PKH & BPNT,Tidak,Tidak,Masih Sekolah,Diploma (D1-D4),Diploma (D1-D4),Tidak,Konstruksi,Buruh/Karyawan/Pegawai,532100000097,900 VA,Bebas Sewa,Bambu,Plesteran Anyaman Bambu,Genteng Beton/Keramik,Sumur Bor/Pompa,Bukan Listrik,Kayu Bakar,Sendiri,Plengsengan,Lubang Tanah,Ya,Tidak,Tidak,Tidak,Ya,Tidak,Wasting,Buta Total,Tidak Ada Gangguan,Tidak Bisa Berjalan
3201012582000291,3201012010180097,Nur Sartika,1991-12-17,35,Perempuan,Anak,Belum Kawin,15403084.0,15403084.0,2,2,Jawa Barat,Kota Bogor,Bogor Tengah,Paledang,Jl. Pajajaran No. 291,PBI APBN (Kemenkes),Ya,Tidak,Masih Sekolah,Magister (S2),Magister (S2),Ya,Industri pengolahan,Buruh/Karyawan/Pegawai,532100000097,Tanpa PLN,Milik Sendiri,Kayu/Papan,Seng,Seng,Layanan Perpipaan (PDAM),Listrik PLN Tanpa Meteran,LPG 3 kg,Bersama,Tidak Ada Kloset,Pantai/Tanah Lapang/Kebun,Ya,Ya,Ya,Tidak,Ya,Ya,Normal,Buta Total,Gangguan Ringan,Tidak Bisa Berjalan
3201011099000292,3201012010180098,Anisa Putri,1961-12-15,65,Perempuan,Orang Tua/Mertua,Belum Kawin,6875493.0,6875493.0,8,8,Jawa Barat,Kota Bandung,Coblong,Dago,Jl. Ganesha No. 292,PBI APBN + PKH,Ya,Tidak,Belum Sekolah,SMA/SMK/MA,SMA/SMK/MA,Ya,Industri pengolahan,Berusaha sendiri,532100000098,2200 VA,Kontrak/Sewa,Keramik,Plesteran Anyaman Bambu,Genteng Tanah Liat,Air Hujan,Listrik PLN Dengan Meteran,LPG 5.5 kg / 12 kg,Sendiri,Plengsengan,Tangki Septik,Ya,Tidak,Tidak,Ya,Tidak,Ya,Kurang Gizi,Gangguan Ringan,Tidak Ada Gangguan,Tidak Bisa Berjalan
3201012586000293,3201012010180098,Bambang Hidayat,1994-09-28,32,Laki-laki,Istri,Kawin/Nikah,2420394.0,2420394.0,10,10,Jawa Barat,Kota Bandung,Coblong,Dago,Jl. Ganesha No. 293,PBI APBN (Kemenkes),Ya,Tidak,Masih Sekolah,Sarjana (S1),Sarjana (S1),Tidak,"Pertanian, kehutanan, dan perikanan",Buruh/Karyawan/Pegawai,532100000098,2200 VA,Kontrak/Sewa,Keramik,Plesteran Anyaman Bambu,Beton,Sumur Bor/Pompa,Listrik PLN Dengan Meteran,LPG 5.5 kg / 12 kg,Umum,Cemplung/Cubluk,Pantai/Tanah Lapang/Kebun,Ya,Tidak,Ya,Ya,Tidak,Ya,Resiko Stunting,Gangguan Berat,Gangguan Ringan,Tidak Bisa Berjalan
3201011187000294,3201012010180098,Dewi Lestari,1971-11-01,55,Perempuan,Kepala Keluarga,Cerai Hidup,2383751.0,2383751.0,3,3,Jawa Barat,Kota Bandung,Coblong,Dago,Jl. Ganesha No. 294,PBI APBD (Pemda),Tidak,Ya,Belum Sekolah,Magister (S2),Magister (S2),Tidak,Perdagangan besar dan eceran,Berusaha sendiri,532100000098,2200 VA,Milik Sendiri,Bambu,Plesteran Anyaman Bambu,Bambu/Ijuk,Air Kemasan/Isi Ulang,Listrik Non PLN,LPG 3 kg,Tidak Ada,Leher Angsa,Pantai/Tanah Lapang/Kebun,Ya,Ya,Tidak,Ya,Ya,Ya,Kurang Gizi,Gangguan Ringan,Tuli Total,Gangguan Ringan
3201012385000295,3201012010180099,Dedi Kusuma,1956-01-01,70,Laki-laki,Istri,Cerai Mati,10937385.0,10937385.0,7,7,Jawa Tengah,Kota Semarang,Semarang Selatan,Randusari,Jl. Pandanaran No. 295,PBI APBD (Pemda),Tidak,Ya,Tidak Sekolah Lagi,Magister (S2),Magister (S2),Tidak,Jasa keuangan & asuransi,Buruh/Karyawan/Pegawai,532100000099,2200 VA,Milik Sendiri,Bambu,Bambu,Seng,Layanan Perpipaan (PDAM),Listrik Non PLN,Minyak Tanah,Sendiri,Plengsengan,Lubang Tanah,Ya,Ya,Ya,Ya,Tidak,Ya,Normal,Gangguan Ringan,Tidak Ada Gangguan,Tidak Ada Gangguan
3201011174000296,3201012010180099,Ahmad Sartika,1973-01-11,53,Laki-laki,Anak,Belum Kawin,2113233.0,2113233.0,2,2,Jawa Tengah,Kota Semarang,Semarang Selatan,Randusari,Jl. Pandanaran No. 296,PBI APBN (Kemenkes),Ya,Tidak,Tidak Sekolah Lagi,Sarjana (S1),Sarjana (S1),Ya,Penyediaan Akomodasi & Makan Minum,Pekerja bebas,532100000099,900 VA,Dinas,Tanah,Bambu,Seng,Mata Air Terlindung,Listrik Non PLN,Biogas,Bersama,Cemplung/Cubluk,Kolam/Sawah/Sungai/Danau/Laut,Ya,Ya,Ya,Tidak,Tidak,Tidak,Wasting,Tidak Ada Gangguan,Tidak Ada Gangguan,Tidak Ada Gangguan
3201012677000297,3201012010180099,Dedi Wibowo,1962-06-24,64,Laki-laki,Istri,Kawin/Nikah,15951824.0,15951824.0,2,2,Jawa Tengah,Kota Semarang,Semarang Selatan,Randusari,Jl. Pandanaran No. 297,PBI APBN (Kemenkes),Ya,Tidak,Tidak Sekolah Lagi,SD/MI,SD/MI,Tidak,Konstruksi,Pekerja keluarga/tidak dibayar,532100000099,2200 VA,Bebas Sewa,Keramik,Tembok,Seng,Mata Air Terlindung,Bukan Listrik,Minyak Tanah,Sendiri,Tidak Ada Kloset,Pantai/Tanah Lapang/Kebun,Ya,Tidak,Ya,Ya,Ya,Tidak,Resiko Stunting,Buta Total,Tuli Total,Tidak Ada Gangguan
3201011971000298,3201012010180100,Tri Hidayat,1956-10-25,70,Laki-laki,Anak,Cerai Hidup,13360048.0,13360048.0,7,7,Jawa Timur,Kota Surabaya,Tegalsari,Kedungdoro,Jl. Basuki Rahmat No. 298,PBI APBN (Kemenkes),Ya,Tidak,Masih Sekolah,Sarjana (S1),Sarjana (S1),Tidak,Konstruksi,Pekerja keluarga/tidak dibayar,532100000100,2200 VA,Dinas,Bambu,Plesteran Anyaman Bambu,Beton,Sumur Bor/Pompa,Listrik PLN Tanpa Meteran,Minyak Tanah,Tidak Ada,Plengsengan,Lubang Tanah,Ya,Ya,Tidak,Tidak,Ya,Ya,Wasting,Gangguan Berat,Tuli Total,Gangguan Ringan
3201011189000299,3201012010180100,Hendra Hidayat,1972-11-09,54,Laki-laki,Kepala Keluarga,Kawin/Nikah,7892654.0,7892654.0,3,3,Jawa Timur,Kota Surabaya,Tegalsari,Kedungdoro,Jl. Basuki Rahmat No. 299,PBI APBN + PKH,Ya,Tidak,Tidak Sekolah Lagi,SD/MI,SD/MI,Tidak,Perdagangan besar dan eceran,Berusaha dibantu pekerja tidak tetap,532100000100,450 VA,Bebas Sewa,Kayu/Papan,Plesteran Anyaman Bambu,Genteng Beton/Keramik,Sumur Terlindung,Listrik PLN Dengan Meteran,Kayu Bakar,Sendiri,Cemplung/Cubluk,Kolam/Sawah/Sungai/Danau/Laut,Ya,Ya,Tidak,Ya,Tidak,Tidak,Wasting,Buta Total,Tidak Ada Gangguan,Tidak Ada Gangguan
3201011574000300,3201012010180100,Sri Rahmawati,1969-02-21,57,Perempuan,Kepala Keluarga,Belum Kawin,4023394.0,4023394.0,1,1,Jawa Timur,Kota Surabaya,Tegalsari,Kedungdoro,Jl. Basuki Rahmat No. 300,PKH & BPNT,Tidak,Tidak,Tidak Sekolah Lagi,SD/MI,SD/MI,Tidak,Perdagangan besar dan eceran,Pekerja keluarga/tidak dibayar,532100000100,900 VA,Bebas Sewa,Keramik,Tembok,Beton,Sumur Terlindung,Listrik PLN Dengan Meteran,Kayu Bakar,Sendiri,Plengsengan,Lubang Tanah,Ya,Tidak,Tidak,Tidak,Ya,Tidak,Wasting,Gangguan Ringan,Tidak Ada Gangguan,Gangguan Ringan
3201012180000301,3201012010180101,Irfan Hidayat,1985-05-20,41,Laki-laki,Kepala Keluarga,Belum Kawin,3193555.0,3193555.0,10,10,Banten,Kota Tangerang,Tangerang,Sukarasa,Jl. Merdeka No. 301,PBI APBN (Kemenkes),Ya,Tidak,Masih Sekolah,Sarjana (S1),Sarjana (S1),Ya,Administrasi pemerintahan,Pekerja keluarga/tidak dibayar,532100000101,Tanpa PLN,Bebas Sewa,Ubin/Teraso,Seng,Beton,Air Kemasan/Isi Ulang,Listrik PLN Tanpa Meteran,Minyak Tanah,Sendiri,Leher Angsa,Lubang Tanah,Ya,Tidak,Ya,Ya,Tidak,Tidak,Wasting,Gangguan Berat,Tidak Ada Gangguan,Tidak Bisa Berjalan
3201011999000302,3201012010180101,Rina Putri,1970-06-08,56,Perempuan,Orang Tua/Mertua,Cerai Hidup,14232993.0,14232993.0,6,6,Banten,Kota Tangerang,Tangerang,Sukarasa,Jl. Merdeka No. 302,PBI APBN (Kemenkes),Ya,Tidak,Tidak Sekolah Lagi,Sarjana (S1),Sarjana (S1),Ya,Administrasi pemerintahan,Berusaha dibantu pekerja tidak tetap,532100000101,3500 VA,Kontrak/Sewa,Kayu/Papan,Seng,Genteng Beton/Keramik,Mata Air Terlindung,Listrik PLN Tanpa Meteran,Kayu Bakar,Bersama,Tidak Ada Kloset,Lubang Tanah,Ya,Tidak,Tidak,Tidak,Tidak,Ya,Normal,Buta Total,Gangguan Ringan,Tidak Bisa Berjalan
3201011488000303,3201012010180101,Nur Wibowo,1966-08-01,60,Perempuan,Istri,Kawin/Nikah,2377921.0,2377921.0,3,3,Banten,Kota Tangerang,Tangerang,Sukarasa,Jl. Merdeka No. 303,PBI APBN (Kemenkes),Ya,Tidak,Tidak Sekolah Lagi,SD/MI,SD/MI,Ya,"Pertanian, kehutanan, dan perikanan",Berusaha sendiri,532100000101,3500 VA,Dinas,Kayu/Papan,Bambu,Genteng Beton/Keramik,Sumur Terlindung,Listrik PLN Tanpa Meteran,Biogas,Umum,Leher Angsa,Kolam/Sawah/Sungai/Danau/Laut,Ya,Tidak,Ya,Ya,Ya,Tidak,Kurang Gizi,Buta Total,Tuli Total,Gangguan Ringan
3201012379000304,3201012010180102,Nur Nyak Dien,2001-03-24,25,Perempuan,Kepala Keluarga,Belum Kawin,16153142.0,16153142.0,7,7,Sumatera Utara,Kota Medan,Medan Baru,Petisah Tengah,Jl. Gajah Mada No. 304,PKH & BPNT,Tidak,Tidak,Tidak Sekolah Lagi,SMP/MTs,SMP/MTs,Tidak,"Pertanian, kehutanan, dan perikanan",Berusaha sendiri,532100000102,1300 VA,Dinas,Semen/Bata Merah,Tembok,Beton,Mata Air Terlindung,Bukan Listrik,Listrik,Umum,Tidak Ada Kloset,Kolam/Sawah/Sungai/Danau/Laut,Ya,Ya,Ya,Ya,Ya,Tidak,Wasting,Gangguan Berat,Tidak Ada Gangguan,Gangguan Ringan
3201011975000305,3201012010180102,Dewi Nurbaya,1972-08-15,54,Perempuan,Istri,Belum Kawin,3644062.0,3644062.0,5,5,Sumatera Utara,Kota Medan,Medan Baru,Petisah Tengah,Jl. Gajah Mada No. 305,PBI APBD (Pemda),Tidak,Ya,Masih Sekolah,SMP/MTs,SMP/MTs,Ya,Perdagangan besar dan eceran,Pekerja keluarga/tidak dibayar,532100000102,450 VA,Kontrak/Sewa,Keramik,Seng,Genteng Tanah Liat,Sumur Bor/Pompa,Listrik PLN Tanpa Meteran,Listrik,Tidak Ada,Tidak Ada Kloset,Lubang Tanah,Ya,Tidak,Tidak,Ya,Ya,Tidak,Kurang Gizi,Buta Total,Gangguan Ringan,Tidak Ada Gangguan
3201011478000306,3201012010180102,Dewi Hidayat,2006-02-24,20,Perempuan,Istri,Kawin/Nikah,9453529.0,9453529.0,8,8,Sumatera Utara,Kota Medan,Medan Baru,Petisah Tengah,Jl. Gajah Mada No. 306,Bukan Penerima Bantuan,Tidak,Tidak,Belum Sekolah,SD/MI,SD/MI,Tidak,Perdagangan besar dan eceran,Berusaha dibantu pekerja tidak tetap,532100000102,450 VA,Bebas Sewa,Ubin/Teraso,Plesteran Anyaman Bambu,Bambu/Ijuk,Air Hujan,Listrik PLN Dengan Meteran,Biogas,Sendiri,Plengsengan,Lubang Tanah,Ya,Tidak,Ya,Ya,Tidak,Tidak,Resiko Stunting,Buta Total,Tidak Ada Gangguan,Tidak Bisa Berjalan
3201012579000307,3201012010180103,Wawan Wibowo,1995-02-17,31,Laki-laki,Istri,Kawin/Nikah,3241057.0,3241057.0,3,3,Bali,Kota Denpasar,Denpasar Selatan,Sidakarya,Jl. Raya Puputan No. 307,PBI APBN (Kemenkes),Ya,Tidak,Tidak Sekolah Lagi,Magister (S2),Magister (S2),Tidak,Transportasi & Pergudangan,Pekerja keluarga/tidak dibayar,532100000103,900 VA,Bebas Sewa,Kayu/Papan,Plesteran Anyaman Bambu,Bambu/Ijuk,Layanan Perpipaan (PDAM),Listrik Non PLN,LPG 5.5 kg / 12 kg,Umum,Tidak Ada Kloset,Pantai/Tanah Lapang/Kebun,Ya,Tidak,Tidak,Tidak,Tidak,Ya,Resiko Stunting,Tidak Ada Gangguan,Gangguan Ringan,Gangguan Ringan
3201012480000308,3201012010180103,Rina Kurniawan,1962-03-15,64,Perempuan,Anak,Kawin/Nikah,4561649.0,4561649.0,8,8,Bali,Kota Denpasar,Denpasar Selatan,Sidakarya,Jl. Raya Puputan No. 308,PBI APBN + PKH,Ya,Tidak,Belum Sekolah,Diploma (D1-D4),Diploma (D1-D4),Ya,Perdagangan besar dan eceran,Pekerja bebas,532100000103,1300 VA,Kontrak/Sewa,Kayu/Papan,Tembok,Beton,Sumur Bor/Pompa,Listrik Non PLN,Biogas,Umum,Tidak Ada Kloset,Pantai/Tanah Lapang/Kebun,Ya,Tidak,Tidak,Tidak,Tidak,Ya,Wasting,Buta Total,Tuli Total,Tidak Ada Gangguan
3201012090000309,3201012010180103,Siti Nurbaya,1983-07-08,43,Perempuan,Istri,Belum Kawin,1731348.0,1731348.0,1,1,Bali,Kota Denpasar,Denpasar Selatan,Sidakarya,Jl. Raya Puputan No. 309,PBI APBN + PKH,Ya,Tidak,Masih Sekolah,Magister (S2),Magister (S2),Tidak,Administrasi pemerintahan,Pekerja keluarga/tidak dibayar,532100000103,450 VA,Milik Sendiri,Bambu,Kayu,Seng,Mata Air Terlindung,Listrik PLN Tanpa Meteran,LPG 5.5 kg / 12 kg,Tidak Ada,Plengsengan,Kolam/Sawah/Sungai/Danau/Laut,Ya,Ya,Tidak,Tidak,Tidak,Ya,Resiko Stunting,Tidak Ada Gangguan,Tidak Ada Gangguan,Tidak Ada Gangguan
3201012673000310,3201012010180104,Agus Wijaya,2005-08-02,21,Laki-laki,Istri,Cerai Hidup,3150844.0,3150844.0,1,1,DKI Jakarta,Jakarta Selatan,Cilandak,Cilandak Barat,Jl. Mawar No. 310,PKH & BPNT,Tidak,Tidak,Belum Sekolah,SD/MI,SD/MI,Tidak,Transportasi & Pergudangan,Berusaha sendiri,532100000104,Tanpa PLN,Bebas Sewa,Keramik,Tembok,Genteng Tanah Liat,Mata Air Terlindung,Bukan Listrik,LPG 3 kg,Sendiri,Plengsengan,Tangki Septik,Ya,Tidak,Ya,Tidak,Tidak,Tidak,Normal,Gangguan Berat,Gangguan Ringan,Gangguan Ringan
3201011673000311,3201012010180104,Hendra Lestari,1979-05-14,47,Laki-laki,Kepala Keluarga,Belum Kawin,7536713.0,7536713.0,9,9,DKI Jakarta,Jakarta Selatan,Cilandak,Cilandak Barat,Jl. Mawar No. 311,Bukan Penerima Bantuan,Tidak,Tidak,Masih Sekolah,Diploma (D1-D4),Diploma (D1-D4),Ya,Penyediaan Akomodasi & Makan Minum,Berusaha dibantu pekerja tidak tetap,532100000104,1300 VA,Milik Sendiri,Kayu/Papan,Kayu,Beton,Air Kemasan/Isi Ulang,Bukan Listrik,LPG 5.5 kg / 12 kg,Tidak Ada,Cemplung/Cubluk,Pantai/Tanah Lapang/Kebun,Ya,Ya,Tidak,Tidak,Ya,Ya,Normal,Gangguan Ringan,Tidak Ada Gangguan,Gangguan Ringan
3201012877000312,3201012010180104,Teuku Nyak Dien,1980-10-27,46,Laki-laki,Orang Tua/Mertua,Belum Kawin,12614129.0,12614129.0,5,5,DKI Jakarta,Jakarta Selatan,Cilandak,Cilandak Barat,Jl. Mawar No. 312,PKH & BPNT,Tidak,Tidak,Masih Sekolah,SD/MI,SD/MI,Tidak,Transportasi & Pergudangan,Buruh/Karyawan/Pegawai,532100000104,1300 VA,Kontrak/Sewa,Bambu,Seng,Beton,Sumur Terlindung,Listrik Non PLN,Biogas,Bersama,Cemplung/Cubluk,Pantai/Tanah Lapang/Kebun,Ya,Tidak,Ya,Ya,Tidak,Ya,Kurang Gizi,Gangguan Ringan,Tidak Ada Gangguan,Tidak Ada Gangguan
3201012693000313,3201012010180105,Dewi Sartika,1967-08-28,59,Perempuan,Kepala Keluarga,Kawin/Nikah,15752651.0,15752651.0,3,3,Jawa Barat,Kota Bogor,Bogor Tengah,Paledang,Jl. Pajajaran No. 313,Bukan Penerima Bantuan,Tidak,Tidak,Tidak Sekolah Lagi,Diploma (D1-D4),Diploma (D1-D4),Ya,Konstruksi,Buruh/Karyawan/Pegawai,532100000105,2200 VA,Bebas Sewa,Tanah,Bambu,Beton,Sumur Bor/Pompa,Listrik Non PLN,Kayu Bakar,Bersama,Plengsengan,Kolam/Sawah/Sungai/Danau/Laut,Ya,Ya,Tidak,Tidak,Tidak,Tidak,Resiko Stunting,Gangguan Berat,Tuli Total,Tidak Bisa Berjalan
3201011475000314,3201012010180105,Agus Lestari,1955-06-14,71,Laki-laki,Istri,Belum Kawin,3240609.0,3240609.0,4,4,Jawa Barat,Kota Bogor,Bogor Tengah,Paledang,Jl. Pajajaran No. 314,PBI APBN (Kemenkes),Ya,Tidak,Belum Sekolah,Diploma (D1-D4),Diploma (D1-D4),Tidak,"Pertanian, kehutanan, dan perikanan",Buruh/Karyawan/Pegawai,532100000105,3500 VA,Dinas,Bambu,Kayu,Genteng Tanah Liat,Sumur Bor/Pompa,Listrik PLN Tanpa Meteran,Listrik,Sendiri,Plengsengan,Kolam/Sawah/Sungai/Danau/Laut,Ya,Tidak,Tidak,Tidak,Tidak,Tidak,Wasting,Gangguan Ringan,Tidak Ada Gangguan,Tidak Bisa Berjalan
3201011473000315,3201012010180105,Rahmat Setiawan,1966-05-19,60,Laki-laki,Kepala Keluarga,Belum Kawin,8412388.0,8412388.0,10,10,Jawa Barat,Kota Bogor,Bogor Tengah,Paledang,Jl. Pajajaran No. 315,PBI APBN + PKH,Ya,Tidak,Masih Sekolah,SMP/MTs,SMP/MTs,Ya,Industri pengolahan,Berusaha sendiri,532100000105,450 VA,Kontrak/Sewa,Ubin/Teraso,Kayu,Asbes,Air Kemasan/Isi Ulang,Listrik Non PLN,LPG 3 kg,Sendiri,Plengsengan,Pantai/Tanah Lapang/Kebun,Ya,Tidak,Tidak,Tidak,Tidak,Ya,Resiko Stunting,Buta Total,Gangguan Ringan,Gangguan Ringan
3201012581000316,3201012010180106,Dedi Putri,1988-02-20,38,Laki-laki,Istri,Belum Kawin,17545391.0,17545391.0,9,9,Jawa Barat,Kota Bandung,Coblong,Dago,Jl. Ganesha No. 316,PBI APBN + PKH,Ya,Tidak,Tidak Sekolah Lagi,Magister (S2),Magister (S2),Tidak,"Pertanian, kehutanan, dan perikanan",Pekerja keluarga/tidak dibayar,532100000106,2200 VA,Bebas Sewa,Ubin/Teraso,Tembok,Seng,Sumur Terlindung,Listrik Non PLN,Biogas,Tidak Ada,Plengsengan,Lubang Tanah,Ya,Tidak,Tidak,Ya,Ya,Ya,Kurang Gizi,Gangguan Berat,Tuli Total,Tidak Ada Gangguan
3201011088000317,3201012010180106,Dedi Putri,1961-06-09,65,Laki-laki,Kepala Keluarga,Cerai Hidup,15882752.0,15882752.0,7,7,Jawa Barat,Kota Bandung,Coblong,Dago,Jl. Ganesha No. 317,PBI APBN (Kemenkes),Ya,Tidak,Belum Sekolah,Magister (S2),Magister (S2),Tidak,Konstruksi,Buruh/Karyawan/Pegawai,532100000106,3500 VA,Milik Sendiri,Tanah,Seng,Beton,Air Hujan,Bukan Listrik,Minyak Tanah,Bersama,Tidak Ada Kloset,Tangki Septik,Ya,Ya,Tidak,Ya,Ya,Ya,Resiko Stunting,Tidak Ada Gangguan,Gangguan Ringan,Tidak Ada Gangguan
3201011184000318,3201012010180106,Siti Putri,1961-09-09,65,Perempuan,Istri,Kawin/Nikah,4509267.0,4509267.0,10,10,Jawa Barat,Kota Bandung,Coblong,Dago,Jl. Ganesha No. 318,PKH & BPNT,Tidak,Tidak,Belum Sekolah,SD/MI,SD/MI,Tidak,Transportasi & Pergudangan,Buruh/Karyawan/Pegawai,532100000106,450 VA,Kontrak/Sewa,Bambu,Kayu,Bambu/Ijuk,Sumur Bor/Pompa,Listrik PLN Dengan Meteran,LPG 5.5 kg / 12 kg,Tidak Ada,Leher Angsa,Kolam/Sawah/Sungai/Danau/Laut,Ya,Ya,Tidak,Ya,Ya,Tidak,Wasting,Gangguan Berat,Tidak Ada Gangguan,Gangguan Ringan
3201012488000319,3201012010180107,Teuku Suryani,1960-02-03,66,Laki-laki,Istri,Kawin/Nikah,3765848.0,3765848.0,1,1,Jawa Tengah,Kota Semarang,Semarang Selatan,Randusari,Jl. Pandanaran No. 319,PBI APBD (Pemda),Tidak,Ya,Belum Sekolah,SMA/SMK/MA,SMA/SMK/MA,Tidak,"Pertanian, kehutanan, dan perikanan",Berusaha sendiri,532100000107,1300 VA,Kontrak/Sewa,Tanah,Kayu,Seng,Air Kemasan/Isi Ulang,Bukan Listrik,Biogas,Umum,Plengsengan,Kolam/Sawah/Sungai/Danau/Laut,Ya,Ya,Tidak,Tidak,Ya,Ya,Wasting,Gangguan Ringan,Tidak Ada Gangguan,Gangguan Ringan
3201011892000320,3201012010180107,Ahmad Setiawan,1960-08-12,66,Laki-laki,Anak,Cerai Hidup,10808122.0,10808122.0,3,3,Jawa Tengah,Kota Semarang,Semarang Selatan,Randusari,Jl. Pandanaran No. 320,Bukan Penerima Bantuan,Tidak,Tidak,Belum Sekolah,SMP/MTs,SMP/MTs,Tidak,Administrasi pemerintahan,Pekerja bebas,532100000107,900 VA,Bebas Sewa,Tanah,Plesteran Anyaman Bambu,Beton,Air Hujan,Listrik Non PLN,LPG 3 kg,Bersama,Cemplung/Cubluk,Lubang Tanah,Ya,Tidak,Tidak,Ya,Ya,Ya,Kurang Gizi,Gangguan Ringan,Gangguan Ringan,Tidak Bisa Berjalan
3201012081000321,3201012010180107,Eko Wijaya,1997-10-02,29,Laki-laki,Anak,Kawin/Nikah,14035024.0,14035024.0,6,6,Jawa Tengah,Kota Semarang,Semarang Selatan,Randusari,Jl. Pandanaran No. 321,PKH & BPNT,Tidak,Tidak,Belum Sekolah,SD/MI,SD/MI,Ya,Administrasi pemerintahan,Pekerja bebas,532100000107,900 VA,Dinas,Bambu,Kayu,Genteng Tanah Liat,Sumur Terlindung,Bukan Listrik,Kayu Bakar,Tidak Ada,Tidak Ada Kloset,Pantai/Tanah Lapang/Kebun,Ya,Ya,Tidak,Tidak,Tidak,Tidak,Kurang Gizi,Gangguan Berat,Tidak Ada Gangguan,Tidak Ada Gangguan
3201012673000322,3201012010180108,Irfan Kurniawan,2004-05-19,22,Laki-laki,Orang Tua/Mertua,Kawin/Nikah,6595736.0,6595736.0,10,10,Jawa Timur,Kota Surabaya,Tegalsari,Kedungdoro,Jl. Basuki Rahmat No. 322,Bukan Penerima Bantuan,Tidak,Tidak,Masih Sekolah,Sarjana (S1),Sarjana (S1),Ya,Jasa keuangan & asuransi,Pekerja bebas,532100000108,450 VA,Milik Sendiri,Semen/Bata Merah,Kayu,Seng,Sumur Terlindung,Bukan Listrik,LPG 5.5 kg / 12 kg,Tidak Ada,Leher Angsa,Lubang Tanah,Ya,Ya,Ya,Tidak,Tidak,Ya,Resiko Stunting,Gangguan Ringan,Tidak Ada Gangguan,Gangguan Ringan
3201011293000323,3201012010180108,Rina Nyak Dien,1998-09-28,28,Perempuan,Anak,Kawin/Nikah,11338134.0,11338134.0,9,9,Jawa Timur,Kota Surabaya,Tegalsari,Kedungdoro,Jl. Basuki Rahmat No. 323,PBI APBN + PKH,Ya,Tidak,Belum Sekolah,SMP/MTs,SMP/MTs,Tidak,Transportasi & Pergudangan,Berusaha dibantu pekerja tidak tetap,532100000108,Tanpa PLN,Kontrak/Sewa,Keramik,Seng,Genteng Beton/Keramik,Sumur Bor/Pompa,Listrik PLN Tanpa Meteran,Minyak Tanah,Umum,Cemplung/Cubluk,Pantai/Tanah Lapang/Kebun,Ya,Tidak,Ya,Tidak,Tidak,Ya,Resiko Stunting,Gangguan Ringan,Tidak Ada Gangguan,Gangguan Ringan
3201012180000324,3201012010180108,Agus Santoso,1994-10-25,32,Laki-laki,Orang Tua/Mertua,Kawin/Nikah,1982499.0,1982499.0,4,4,Jawa Timur,Kota Surabaya,Tegalsari,Kedungdoro,Jl. Basuki Rahmat No. 324,PKH & BPNT,Tidak,Tidak,Tidak Sekolah Lagi,SD/MI,SD/MI,Tidak,Transportasi & Pergudangan,Berusaha sendiri,532100000108,2200 VA,Kontrak/Sewa,Semen/Bata Merah,Bambu,Asbes,Air Hujan,Bukan Listrik,LPG 3 kg,Umum,Tidak Ada Kloset,Lubang Tanah,Ya,Ya,Tidak,Ya,Tidak,Ya,Wasting,Tidak Ada Gangguan,Tuli Total,Gangguan Ringan
3201011075000325,3201012010180109,Cut Nyak Dien,1991-09-13,35,Perempuan,Orang Tua/Mertua,Kawin/Nikah,2519508.0,2519508.0,5,5,Banten,Kota Tangerang,Tangerang,Sukarasa,Jl. Merdeka No. 325,PBI APBN + PKH,Ya,Tidak,Tidak Sekolah Lagi,Magister (S2),Magister (S2),Ya,Penyediaan Akomodasi & Makan Minum,Pekerja keluarga/tidak dibayar,532100000109,1300 VA,Dinas,Tanah,Bambu,Beton,Sumur Bor/Pompa,Listrik PLN Dengan Meteran,LPG 5.5 kg / 12 kg,Tidak Ada,Tidak Ada Kloset,Tangki Septik,Ya,Ya,Ya,Tidak,Tidak,Ya,Kurang Gizi,Buta Total,Tidak Ada Gangguan,Gangguan Ringan
3201011971000326,3201012010180109,Dewi Lestari,1984-06-02,42,Perempuan,Anak,Cerai Hidup,2392762.0,2392762.0,9,9,Banten,Kota Tangerang,Tangerang,Sukarasa,Jl. Merdeka No. 326,PKH & BPNT,Tidak,Tidak,Masih Sekolah,SMA/SMK/MA,SMA/SMK/MA,Tidak,Transportasi & Pergudangan,Buruh/Karyawan/Pegawai,532100000109,2200 VA,Bebas Sewa,Semen/Bata Merah,Tembok,Beton,Air Kemasan/Isi Ulang,Listrik Non PLN,Biogas,Sendiri,Tidak Ada Kloset,Lubang Tanah,Ya,Ya,Ya,Ya,Ya,Ya,Kurang Gizi,Buta Total,Gangguan Ringan,Gangguan Ringan
3201012492000327,3201012010180109,Sri Kusuma,2007-12-27,19,Perempuan,Orang Tua/Mertua,Kawin/Nikah,3784905.0,3784905.0,10,10,Banten,Kota Tangerang,Tangerang,Sukarasa,Jl. Merdeka No. 327,PBI APBN (Kemenkes),Ya,Tidak,Tidak Sekolah Lagi,Sarjana (S1),Sarjana (S1),Ya,Administrasi pemerintahan,Pekerja bebas,532100000109,2200 VA,Dinas,Keramik,Kayu,Bambu/Ijuk,Sumur Bor/Pompa,Listrik PLN Dengan Meteran,Minyak Tanah,Sendiri,Plengsengan,Kolam/Sawah/Sungai/Danau/Laut,Ya,Tidak,Ya,Ya,Tidak,Tidak,Resiko Stunting,Buta Total,Gangguan Ringan,Tidak Bisa Berjalan
3201011578000328,3201012010180110,Agus Rahmawati,1993-07-06,33,Laki-laki,Anak,Cerai Hidup,10657025.0,10657025.0,3,3,Sumatera Utara,Kota Medan,Medan Baru,Petisah Tengah,Jl. Gajah Mada No. 328,PKH & BPNT,Tidak,Tidak,Tidak Sekolah Lagi,Diploma (D1-D4),Diploma (D1-D4),Tidak,"Pertanian, kehutanan, dan perikanan",Berusaha sendiri,532100000110,900 VA,Milik Sendiri,Tanah,Bambu,Genteng Beton/Keramik,Air Kemasan/Isi Ulang,Listrik Non PLN,Biogas,Tidak Ada,Tidak Ada Kloset,Kolam/Sawah/Sungai/Danau/Laut,Ya,Tidak,Tidak,Ya,Tidak,Tidak,Wasting,Gangguan Berat,Gangguan Ringan,Tidak Ada Gangguan
3201012497000329,3201012010180110,Nur Wibowo,1989-12-06,37,Perempuan,Orang Tua/Mertua,Cerai Hidup,15796433.0,15796433.0,9,9,Sumatera Utara,Kota Medan,Medan Baru,Petisah Tengah,Jl. Gajah Mada No. 329,PKH & BPNT,Tidak,Tidak,Masih Sekolah,SMP/MTs,SMP/MTs,Tidak,Konstruksi,Pekerja bebas,532100000110,1300 VA,Dinas,Tanah,Seng,Genteng Tanah Liat,Layanan Perpipaan (PDAM),Listrik PLN Tanpa Meteran,Kayu Bakar,Umum,Tidak Ada Kloset,Pantai/Tanah Lapang/Kebun,Ya,Ya,Tidak,Tidak,Ya,Tidak,Resiko Stunting,Buta Total,Tuli Total,Tidak Ada Gangguan
3201011382000330,3201012010180110,Rahmat Wibowo,1962-10-10,64,Laki-laki,Istri,Belum Kawin,4253581.0,4253581.0,7,7,Sumatera Utara,Kota Medan,Medan Baru,Petisah Tengah,Jl. Gajah Mada No. 330,Bukan Penerima Bantuan,Tidak,Tidak,Tidak Sekolah Lagi,SMA/SMK/MA,SMA/SMK/MA,Tidak,"Pertanian, kehutanan, dan perikanan",Pekerja bebas,532100000110,3500 VA,Dinas,Ubin/Teraso,Seng,Asbes,Sumur Terlindung,Listrik Non PLN,Minyak Tanah,Bersama,Plengsengan,Pantai/Tanah Lapang/Kebun,Ya,Tidak,Ya,Tidak,Tidak,Ya,Normal,Buta Total,Tuli Total,Tidak Bisa Berjalan
3201012383000331,3201012010180111,Irfan Wibowo,1995-01-20,31,Laki-laki,Istri,Belum Kawin,11175331.0,11175331.0,1,1,Bali,Kota Denpasar,Denpasar Selatan,Sidakarya,Jl. Raya Puputan No. 331,PKH & BPNT,Tidak,Tidak,Belum Sekolah,SMP/MTs,SMP/MTs,Ya,Penyediaan Akomodasi & Makan Minum,Buruh/Karyawan/Pegawai,532100000111,1300 VA,Milik Sendiri,Tanah,Plesteran Anyaman Bambu,Bambu/Ijuk,Sumur Terlindung,Listrik PLN Tanpa Meteran,LPG 5.5 kg / 12 kg,Tidak Ada,Cemplung/Cubluk,Lubang Tanah,Ya,Ya,Tidak,Ya,Tidak,Ya,Wasting,Tidak Ada Gangguan,Tidak Ada Gangguan,Tidak Ada Gangguan
3201012884000332,3201012010180111,Ahmad Kusuma,1998-10-15,28,Laki-laki,Istri,Belum Kawin,6132454.0,6132454.0,3,3,Bali,Kota Denpasar,Denpasar Selatan,Sidakarya,Jl. Raya Puputan No. 332,PBI APBD (Pemda),Tidak,Ya,Tidak Sekolah Lagi,Magister (S2),Magister (S2),Ya,Perdagangan besar dan eceran,Buruh/Karyawan/Pegawai,532100000111,Tanpa PLN,Dinas,Bambu,Seng,Asbes,Air Kemasan/Isi Ulang,Bukan Listrik,Listrik,Sendiri,Leher Angsa,Pantai/Tanah Lapang/Kebun,Ya,Tidak,Ya,Tidak,Tidak,Ya,Wasting,Buta Total,Tuli Total,Tidak Bisa Berjalan
3201012483000333,3201012010180111,Dewi Pratama,1964-05-25,62,Perempuan,Kepala Keluarga,Belum Kawin,3965899.0,3965899.0,8,8,Bali,Kota Denpasar,Denpasar Selatan,Sidakarya,Jl. Raya Puputan No. 333,PBI APBD (Pemda),Tidak,Ya,Tidak Sekolah Lagi,SD/MI,SD/MI,Tidak,"Pertanian, kehutanan, dan perikanan",Berusaha dibantu pekerja tidak tetap,532100000111,Tanpa PLN,Dinas,Ubin/Teraso,Bambu,Seng,Sumur Bor/Pompa,Bukan Listrik,Listrik,Tidak Ada,Cemplung/Cubluk,Kolam/Sawah/Sungai/Danau/Laut,Ya,Ya,Ya,Ya,Tidak,Ya,Resiko Stunting,Gangguan Berat,Tuli Total,Gangguan Ringan
3201011979000334,3201012010180112,Anisa Nurbaya,1985-12-15,41,Perempuan,Anak,Belum Kawin,17707052.0,17707052.0,5,5,DKI Jakarta,Jakarta Selatan,Cilandak,Cilandak Barat,Jl. Mawar No. 334,PBI APBD (Pemda),Tidak,Ya,Masih Sekolah,SMP/MTs,SMP/MTs,Tidak,Jasa keuangan & asuransi,Pekerja keluarga/tidak dibayar,532100000112,450 VA,Bebas Sewa,Semen/Bata Merah,Plesteran Anyaman Bambu,Bambu/Ijuk,Mata Air Terlindung,Bukan Listrik,Minyak Tanah,Bersama,Cemplung/Cubluk,Lubang Tanah,Ya,Tidak,Tidak,Tidak,Tidak,Ya,Kurang Gizi,Gangguan Ringan,Gangguan Ringan,Gangguan Ringan
3201011091000335,3201012010180112,Teuku Putri,1969-05-07,57,Laki-laki,Istri,Belum Kawin,4376413.0,4376413.0,6,6,DKI Jakarta,Jakarta Selatan,Cilandak,Cilandak Barat,Jl. Mawar No. 335,PBI APBN + PKH,Ya,Tidak,Tidak Sekolah Lagi,Sarjana (S1),Sarjana (S1),Ya,Industri pengolahan,Berusaha sendiri,532100000112,1300 VA,Milik Sendiri,Kayu/Papan,Tembok,Seng,Mata Air Terlindung,Listrik PLN Dengan Meteran,Listrik,Sendiri,Leher Angsa,Pantai/Tanah Lapang/Kebun,Ya,Ya,Ya,Tidak,Ya,Ya,Resiko Stunting,Buta Total,Tidak Ada Gangguan,Tidak Ada Gangguan
3201011887000336,3201012010180112,Hendra Umar,2002-04-24,24,Laki-laki,Kepala Keluarga,Belum Kawin,3734935.0,3734935.0,4,4,DKI Jakarta,Jakarta Selatan,Cilandak,Cilandak Barat,Jl. Mawar No. 336,Bukan Penerima Bantuan,Tidak,Tidak,Belum Sekolah,Diploma (D1-D4),Diploma (D1-D4),Tidak,"Pertanian, kehutanan, dan perikanan",Pekerja keluarga/tidak dibayar,532100000112,450 VA,Bebas Sewa,Tanah,Tembok,Genteng Beton/Keramik,Sumur Terlindung,Listrik PLN Dengan Meteran,Minyak Tanah,Sendiri,Tidak Ada Kloset,Lubang Tanah,Ya,Ya,Ya,Tidak,Tidak,Ya,Kurang Gizi,Tidak Ada Gangguan,Tuli Total,Gangguan Ringan
3201011688000337,3201012010180113,Sri Suryani,1955-05-25,71,Perempuan,Orang Tua/Mertua,Cerai Hidup,13256827.0,13256827.0,9,9,Jawa Barat,Kota Bogor,Bogor Tengah,Paledang,Jl. Pajajaran No. 337,PKH & BPNT,Tidak,Tidak,Belum Sekolah,SMA/SMK/MA,SMA/SMK/MA,Tidak,Industri pengolahan,Pekerja bebas,532100000113,1300 VA,Bebas Sewa,Tanah,Seng,Genteng Tanah Liat,Layanan Perpipaan (PDAM),Bukan Listrik,LPG 3 kg,Umum,Tidak Ada Kloset,Pantai/Tanah Lapang/Kebun,Ya,Ya,Ya,Ya,Tidak,Tidak,Normal,Buta Total,Gangguan Ringan,Tidak Bisa Berjalan
3201012796000338,3201012010180113,Anisa Wibowo,2004-02-25,22,Perempuan,Istri,Belum Kawin,13184487.0,13184487.0,2,2,Jawa Barat,Kota Bogor,Bogor Tengah,Paledang,Jl. Pajajaran No. 338,PKH & BPNT,Tidak,Tidak,Belum Sekolah,SMP/MTs,SMP/MTs,Ya,Administrasi pemerintahan,Berusaha sendiri,532100000113,900 VA,Dinas,Ubin/Teraso,Kayu,Beton,Air Hujan,Listrik PLN Tanpa Meteran,Listrik,Tidak Ada,Tidak Ada Kloset,Kolam/Sawah/Sungai/Danau/Laut,Ya,Ya,Tidak,Tidak,Tidak,Tidak,Resiko Stunting,Gangguan Berat,Gangguan Ringan,Tidak Bisa Berjalan
3201012196000339,3201012010180113,Cut Suryani,1974-07-19,52,Perempuan,Orang Tua/Mertua,Cerai Mati,10963952.0,10963952.0,6,6,Jawa Barat,Kota Bogor,Bogor Tengah,Paledang,Jl. Pajajaran No. 339,PBI APBD (Pemda),Tidak,Ya,Tidak Sekolah Lagi,SMA/SMK/MA,SMA/SMK/MA,Ya,Industri pengolahan,Berusaha sendiri,532100000113,Tanpa PLN,Bebas Sewa,Semen/Bata Merah,Bambu,Genteng Tanah Liat,Sumur Bor/Pompa,Bukan Listrik,Minyak Tanah,Umum,Plengsengan,Lubang Tanah,Ya,Tidak,Tidak,Ya,Ya,Ya,Resiko Stunting,Gangguan Berat,Tuli Total,Gangguan Ringan
3201012885000340,3201012010180114,Siti Wijaya,1999-12-16,27,Perempuan,Istri,Cerai Hidup,2772352.0,2772352.0,1,1,Jawa Barat,Kota Bandung,Coblong,Dago,Jl. Ganesha No. 340,PKH & BPNT,Tidak,Tidak,Tidak Sekolah Lagi,Sarjana (S1),Sarjana (S1),Tidak,Penyediaan Akomodasi & Makan Minum,Pekerja bebas,532100000114,450 VA,Dinas,Ubin/Teraso,Tembok,Seng,Air Hujan,Bukan Listrik,LPG 5.5 kg / 12 kg,Bersama,Cemplung/Cubluk,Lubang Tanah,Ya,Ya,Tidak,Ya,Tidak,Tidak,Wasting,Tidak Ada Gangguan,Tidak Ada Gangguan,Tidak Ada Gangguan
3201012097000341,3201012010180114,Bambang Suryani,2002-04-06,24,Laki-laki,Anak,Cerai Mati,4066375.0,4066375.0,5,5,Jawa Barat,Kota Bandung,Coblong,Dago,Jl. Ganesha No. 341,PKH & BPNT,Tidak,Tidak,Belum Sekolah,Magister (S2),Magister (S2),Ya,Jasa keuangan & asuransi,Buruh/Karyawan/Pegawai,532100000114,Tanpa PLN,Dinas,Kayu/Papan,Seng,Asbes,Air Kemasan/Isi Ulang,Listrik PLN Dengan Meteran,Kayu Bakar,Umum,Leher Angsa,Pantai/Tanah Lapang/Kebun,Ya,Ya,Tidak,Tidak,Tidak,Tidak,Normal,Tidak Ada Gangguan,Tuli Total,Tidak Ada Gangguan
3201012794000342,3201012010180114,Dewi Sartika,2006-09-28,20,Perempuan,Kepala Keluarga,Cerai Mati,2779328.0,2779328.0,7,7,Jawa Barat,Kota Bandung,Coblong,Dago,Jl. Ganesha No. 342,PKH & BPNT,Tidak,Tidak,Tidak Sekolah Lagi,Diploma (D1-D4),Diploma (D1-D4),Ya,Administrasi pemerintahan,Buruh/Karyawan/Pegawai,532100000114,900 VA,Bebas Sewa,Kayu/Papan,Plesteran Anyaman Bambu,Bambu/Ijuk,Air Hujan,Bukan Listrik,LPG 3 kg,Tidak Ada,Cemplung/Cubluk,Tangki Septik,Ya,Tidak,Ya,Ya,Ya,Tidak,Kurang Gizi,Gangguan Ringan,Gangguan Ringan,Tidak Ada Gangguan
3201012891000343,3201012010180115,Cut Suryani,1996-11-07,30,Perempuan,Anak,Belum Kawin,6443894.0,6443894.0,3,3,Jawa Tengah,Kota Semarang,Semarang Selatan,Randusari,Jl. Pandanaran No. 343,PBI APBN (Kemenkes),Ya,Tidak,Masih Sekolah,Sarjana (S1),Sarjana (S1),Ya,Jasa keuangan & asuransi,Pekerja keluarga/tidak dibayar,532100000115,1300 VA,Milik Sendiri,Semen/Bata Merah,Bambu,Genteng Beton/Keramik,Air Hujan,Listrik PLN Tanpa Meteran,LPG 5.5 kg / 12 kg,Umum,Plengsengan,Pantai/Tanah Lapang/Kebun,Ya,Tidak,Ya,Ya,Tidak,Ya,Resiko Stunting,Buta Total,Tidak Ada Gangguan,Gangguan Ringan
3201011084000344,3201012010180115,Rahmat Wijaya,1958-08-15,68,Laki-laki,Orang Tua/Mertua,Belum Kawin,1931242.0,1931242.0,2,2,Jawa Tengah,Kota Semarang,Semarang Selatan,Randusari,Jl. Pandanaran No. 344,PBI APBD (Pemda),Tidak,Ya,Belum Sekolah,Sarjana (S1),Sarjana (S1),Ya,Jasa keuangan & asuransi,Berusaha sendiri,532100000115,450 VA,Dinas,Tanah,Plesteran Anyaman Bambu,Seng,Air Hujan,Listrik Non PLN,Minyak Tanah,Bersama,Plengsengan,Tangki Septik,Ya,Tidak,Tidak,Tidak,Ya,Tidak,Normal,Tidak Ada Gangguan,Gangguan Ringan,Gangguan Ringan
3201012297000345,3201012010180115,Dewi Hidayat,1978-05-27,48,Perempuan,Kepala Keluarga,Cerai Mati,15956224.0,15956224.0,8,8,Jawa Tengah,Kota Semarang,Semarang Selatan,Randusari,Jl. Pandanaran No. 345,PBI APBN (Kemenkes),Ya,Tidak,Tidak Sekolah Lagi,Magister (S2),Magister (S2),Tidak,Perdagangan besar dan eceran,Berusaha sendiri,532100000115,900 VA,Kontrak/Sewa,Bambu,Tembok,Genteng Beton/Keramik,Mata Air Terlindung,Listrik PLN Tanpa Meteran,LPG 5.5 kg / 12 kg,Tidak Ada,Leher Angsa,Tangki Septik,Ya,Ya,Tidak,Tidak,Tidak,Ya,Kurang Gizi,Gangguan Ringan,Tidak Ada Gangguan,Tidak Bisa Berjalan
3201011493000346,3201012010180116,Anisa Hidayat,1962-03-01,64,Perempuan,Orang Tua/Mertua,Belum Kawin,8330495.0,8330495.0,10,10,Jawa Timur,Kota Surabaya,Tegalsari,Kedungdoro,Jl. Basuki Rahmat No. 346,PKH & BPNT,Tidak,Tidak,Masih Sekolah,SD/MI,SD/MI,Tidak,Perdagangan besar dan eceran,Berusaha dibantu pekerja tidak tetap,532100000116,450 VA,Kontrak/Sewa,Kayu/Papan,Tembok,Beton,Sumur Terlindung,Listrik PLN Tanpa Meteran,LPG 5.5 kg / 12 kg,Sendiri,Leher Angsa,Kolam/Sawah/Sungai/Danau/Laut,Ya,Ya,Ya,Tidak,Ya,Ya,Kurang Gizi,Buta Total,Gangguan Ringan,Tidak Bisa Berjalan
3201012474000347,3201012010180116,Sri Santoso,1974-08-16,52,Perempuan,Anak,Belum Kawin,2177121.0,2177121.0,8,8,Jawa Timur,Kota Surabaya,Tegalsari,Kedungdoro,Jl. Basuki Rahmat No. 347,PBI APBN + PKH,Ya,Tidak,Belum Sekolah,Sarjana (S1),Sarjana (S1),Ya,Jasa keuangan & asuransi,Berusaha sendiri,532100000116,3500 VA,Kontrak/Sewa,Ubin/Teraso,Kayu,Bambu/Ijuk,Air Kemasan/Isi Ulang,Listrik PLN Dengan Meteran,Biogas,Tidak Ada,Cemplung/Cubluk,Tangki Septik,Ya,Ya,Ya,Tidak,Ya,Tidak,Wasting,Buta Total,Tuli Total,Tidak Bisa Berjalan
3201012686000348,3201012010180116,Eko Setiawan,2003-03-11,23,Laki-laki,Orang Tua/Mertua,Cerai Hidup,16774141.0,16774141.0,1,1,Jawa Timur,Kota Surabaya,Tegalsari,Kedungdoro,Jl. Basuki Rahmat No. 348,PBI APBD (Pemda),Tidak,Ya,Masih Sekolah,SD/MI,SD/MI,Ya,Perdagangan besar dan eceran,Berusaha sendiri,532100000116,900 VA,Dinas,Semen/Bata Merah,Tembok,Beton,Sumur Terlindung,Bukan Listrik,Listrik,Bersama,Tidak Ada Kloset,Pantai/Tanah Lapang/Kebun,Ya,Ya,Tidak,Tidak,Tidak,Ya,Wasting,Gangguan Berat,Gangguan Ringan,Tidak Ada Gangguan
3201011880000349,3201012010180117,Nur Suryani,1997-02-22,29,Perempuan,Anak,Cerai Hidup,1632367.0,1632367.0,9,9,Banten,Kota Tangerang,Tangerang,Sukarasa,Jl. Merdeka No. 349,PBI APBD (Pemda),Tidak,Ya,Masih Sekolah,SMP/MTs,SMP/MTs,Tidak,"Pertanian, kehutanan, dan perikanan",Buruh/Karyawan/Pegawai,532100000117,3500 VA,Bebas Sewa,Ubin/Teraso,Bambu,Seng,Sumur Terlindung,Bukan Listrik,Kayu Bakar,Sendiri,Plengsengan,Pantai/Tanah Lapang/Kebun,Ya,Ya,Ya,Ya,Ya,Ya,Wasting,Gangguan Ringan,Tuli Total,Tidak Bisa Berjalan
3201012671000350,3201012010180117,Tri Hidayat,1989-04-23,37,Laki-laki,Istri,Cerai Hidup,3310004.0,3310004.0,3,3,Banten,Kota Tangerang,Tangerang,Sukarasa,Jl. Merdeka No. 350,Bukan Penerima Bantuan,Tidak,Tidak,Belum Sekolah,Diploma (D1-D4),Diploma (D1-D4),Ya,Konstruksi,Buruh/Karyawan/Pegawai,532100000117,2200 VA,Bebas Sewa,Kayu/Papan,Plesteran Anyaman Bambu,Asbes,Sumur Terlindung,Bukan Listrik,Listrik,Bersama,Cemplung/Cubluk,Tangki Septik,Ya,Ya,Tidak,Tidak,Ya,Ya,Normal,Buta Total,Tidak Ada Gangguan,Tidak Ada Gangguan
3201012596000351,3201012010180117,Anisa Kusuma,1980-03-21,46,Perempuan,Orang Tua/Mertua,Cerai Mati,7285183.0,7285183.0,2,2,Banten,Kota Tangerang,Tangerang,Sukarasa,Jl. Merdeka No. 351,PBI APBD (Pemda),Tidak,Ya,Tidak Sekolah Lagi,SMP/MTs,SMP/MTs,Tidak,"Pertanian, kehutanan, dan perikanan",Pekerja keluarga/tidak dibayar,532100000117,Tanpa PLN,Kontrak/Sewa,Ubin/Teraso,Seng,Genteng Beton/Keramik,Air Hujan,Listrik Non PLN,Listrik,Sendiri,Leher Angsa,Kolam/Sawah/Sungai/Danau/Laut,Ya,Ya,Tidak,Ya,Tidak,Tidak,Normal,Buta Total,Tidak Ada Gangguan,Tidak Ada Gangguan
3201012098000352,3201012010180118,Hendra Rahmawati,1979-05-04,47,Laki-laki,Orang Tua/Mertua,Cerai Mati,9287803.0,9287803.0,4,4,Sumatera Utara,Kota Medan,Medan Baru,Petisah Tengah,Jl. Gajah Mada No. 352,Bukan Penerima Bantuan,Tidak,Tidak,Masih Sekolah,SD/MI,SD/MI,Tidak,Industri pengolahan,Berusaha dibantu pekerja tidak tetap,532100000118,Tanpa PLN,Dinas,Kayu/Papan,Tembok,Bambu/Ijuk,Air Kemasan/Isi Ulang,Listrik Non PLN,Biogas,Umum,Cemplung/Cubluk,Kolam/Sawah/Sungai/Danau/Laut,Ya,Tidak,Tidak,Tidak,Ya,Ya,Normal,Buta Total,Tidak Ada Gangguan,Tidak Bisa Berjalan
3201012577000353,3201012010180118,Eko Kurniawan,1997-05-04,29,Laki-laki,Orang Tua/Mertua,Cerai Mati,2772190.0,2772190.0,10,10,Sumatera Utara,Kota Medan,Medan Baru,Petisah Tengah,Jl. Gajah Mada No. 353,PBI APBN (Kemenkes),Ya,Tidak,Belum Sekolah,SD/MI,SD/MI,Ya,Industri pengolahan,Pekerja bebas,532100000118,3500 VA,Dinas,Kayu/Papan,Tembok,Seng,Air Hujan,Bukan Listrik,Minyak Tanah,Sendiri,Tidak Ada Kloset,Pantai/Tanah Lapang/Kebun,Ya,Ya,Ya,Ya,Ya,Tidak,Normal,Gangguan Berat,Gangguan Ringan,Tidak Ada Gangguan
3201012497000354,3201012010180118,Hendra Hidayat,2007-11-12,19,Laki-laki,Anak,Belum Kawin,13222207.0,13222207.0,5,5,Sumatera Utara,Kota Medan,Medan Baru,Petisah Tengah,Jl. Gajah Mada No. 354,PBI APBD (Pemda),Tidak,Ya,Masih Sekolah,Sarjana (S1),Sarjana (S1),Tidak,Transportasi & Pergudangan,Pekerja bebas,532100000118,900 VA,Dinas,Keramik,Bambu,Seng,Mata Air Terlindung,Listrik PLN Tanpa Meteran,Listrik,Umum,Leher Angsa,Tangki Septik,Ya,Tidak,Tidak,Tidak,Ya,Tidak,Resiko Stunting,Gangguan Berat,Tuli Total,Gangguan Ringan
3201012180000355,3201012010180119,Ahmad Hidayat,2003-03-06,23,Laki-laki,Anak,Kawin/Nikah,7804894.0,7804894.0,9,9,Bali,Kota Denpasar,Denpasar Selatan,Sidakarya,Jl. Raya Puputan No. 355,Bukan Penerima Bantuan,Tidak,Tidak,Masih Sekolah,Diploma (D1-D4),Diploma (D1-D4),Ya,Industri pengolahan,Buruh/Karyawan/Pegawai,532100000119,450 VA,Dinas,Semen/Bata Merah,Kayu,Bambu/Ijuk,Sumur Bor/Pompa,Listrik Non PLN,Minyak Tanah,Bersama,Tidak Ada Kloset,Tangki Septik,Ya,Tidak,Ya,Tidak,Ya,Tidak,Normal,Gangguan Ringan,Tuli Total,Tidak Ada Gangguan
3201011870000356,3201012010180119,Nur Kusuma,1999-04-08,27,Perempuan,Istri,Cerai Mati,3404877.0,3404877.0,1,1,Bali,Kota Denpasar,Denpasar Selatan,Sidakarya,Jl. Raya Puputan No. 356,Bukan Penerima Bantuan,Tidak,Tidak,Tidak Sekolah Lagi,Diploma (D1-D4),Diploma (D1-D4),Tidak,Industri pengolahan,Berusaha dibantu pekerja tidak tetap,532100000119,900 VA,Dinas,Tanah,Plesteran Anyaman Bambu,Asbes,Air Hujan,Listrik Non PLN,Biogas,Umum,Cemplung/Cubluk,Pantai/Tanah Lapang/Kebun,Ya,Tidak,Tidak,Ya,Tidak,Tidak,Normal,Gangguan Ringan,Gangguan Ringan,Tidak Bisa Berjalan
3201011795000357,3201012010180119,Tri Nyak Dien,1961-09-23,65,Laki-laki,Orang Tua/Mertua,Cerai Hidup,7111129.0,7111129.0,9,9,Bali,Kota Denpasar,Denpasar Selatan,Sidakarya,Jl. Raya Puputan No. 357,PBI APBD (Pemda),Tidak,Ya,Tidak Sekolah Lagi,SMA/SMK/MA,SMA/SMK/MA,Ya,Penyediaan Akomodasi & Makan Minum,Pekerja keluarga/tidak dibayar,532100000119,2200 VA,Dinas,Bambu,Seng,Genteng Tanah Liat,Layanan Perpipaan (PDAM),Listrik PLN Dengan Meteran,Kayu Bakar,Tidak Ada,Leher Angsa,Kolam/Sawah/Sungai/Danau/Laut,Ya,Tidak,Ya,Ya,Tidak,Ya,Wasting,Gangguan Berat,Tuli Total,Tidak Ada Gangguan
3201012583000358,3201012010180120,Wawan Wijaya,1968-11-15,58,Laki-laki,Anak,Cerai Hidup,18437869.0,18437869.0,3,3,DKI Jakarta,Jakarta Selatan,Cilandak,Cilandak Barat,Jl. Mawar No. 358,Bukan Penerima Bantuan,Tidak,Tidak,Belum Sekolah,Sarjana (S1),Sarjana (S1),Tidak,Perdagangan besar dan eceran,Pekerja keluarga/tidak dibayar,532100000120,450 VA,Bebas Sewa,Bambu,Tembok,Genteng Tanah Liat,Mata Air Terlindung,Listrik PLN Dengan Meteran,Kayu Bakar,Tidak Ada,Plengsengan,Lubang Tanah,Ya,Ya,Ya,Ya,Ya,Tidak,Normal,Gangguan Berat,Tidak Ada Gangguan,Tidak Ada Gangguan
3201012288000359,3201012010180120,Yuni Kurniawan,1979-12-16,47,Perempuan,Istri,Cerai Hidup,3301039.0,3301039.0,7,7,DKI Jakarta,Jakarta Selatan,Cilandak,Cilandak Barat,Jl. Mawar No. 359,PKH & BPNT,Tidak,Tidak,Tidak Sekolah Lagi,SD/MI,SD/MI,Ya,Konstruksi,Berusaha dibantu pekerja tidak tetap,532100000120,900 VA,Kontrak/Sewa,Semen/Bata Merah,Tembok,Seng,Sumur Terlindung,Listrik PLN Dengan Meteran,Kayu Bakar,Umum,Leher Angsa,Tangki Septik,Ya,Ya,Tidak,Ya,Ya,Ya,Normal,Tidak Ada Gangguan,Gangguan Ringan,Gangguan Ringan
3201011970000360,3201012010180120,Eko Hidayat,1959-03-07,67,Laki-laki,Orang Tua/Mertua,Belum Kawin,3557963.0,3557963.0,10,10,DKI Jakarta,Jakarta Selatan,Cilandak,Cilandak Barat,Jl. Mawar No. 360,PKH & BPNT,Tidak,Tidak,Belum Sekolah,SMP/MTs,SMP/MTs,Tidak,Jasa keuangan & asuransi,Pekerja keluarga/tidak dibayar,532100000120,900 VA,Dinas,Keramik,Plesteran Anyaman Bambu,Genteng Tanah Liat,Mata Air Terlindung,Listrik PLN Dengan Meteran,Listrik,Umum,Leher Angsa,Kolam/Sawah/Sungai/Danau/Laut,Ya,Ya,Ya,Ya,Tidak,Ya,Resiko Stunting,Gangguan Berat,Gangguan Ringan,Tidak Bisa Berjalan
3201012796000361,3201012010180121,Yuni Suryani,1962-11-18,64,Perempuan,Kepala Keluarga,Cerai Hidup,12508663.0,12508663.0,4,4,Jawa Barat,Kota Bogor,Bogor Tengah,Paledang,Jl. Pajajaran No. 361,PBI APBN + PKH,Ya,Tidak,Masih Sekolah,SMA/SMK/MA,SMA/SMK/MA,Ya,Penyediaan Akomodasi & Makan Minum,Pekerja keluarga/tidak dibayar,532100000121,450 VA,Milik Sendiri,Tanah,Bambu,Beton,Mata Air Terlindung,Bukan Listrik,Kayu Bakar,Bersama,Cemplung/Cubluk,Kolam/Sawah/Sungai/Danau/Laut,Ya,Ya,Tidak,Ya,Tidak,Tidak,Kurang Gizi,Buta Total,Gangguan Ringan,Tidak Ada Gangguan
3201012570000362,3201012010180121,Nur Pratama,1975-09-16,51,Perempuan,Orang Tua/Mertua,Cerai Hidup,2543573.0,2543573.0,9,9,Jawa Barat,Kota Bogor,Bogor Tengah,Paledang,Jl. Pajajaran No. 362,PBI APBN (Kemenkes),Ya,Tidak,Masih Sekolah,SD/MI,SD/MI,Tidak,Jasa keuangan & asuransi,Pekerja bebas,532100000121,Tanpa PLN,Milik Sendiri,Bambu,Tembok,Genteng Tanah Liat,Sumur Bor/Pompa,Bukan Listrik,LPG 5.5 kg / 12 kg,Umum,Leher Angsa,Pantai/Tanah Lapang/Kebun,Ya,Ya,Tidak,Ya,Ya,Ya,Kurang Gizi,Gangguan Ringan,Tidak Ada Gangguan,Tidak Bisa Berjalan
3201012072000363,3201012010180121,Rahmat Lestari,1968-10-21,58,Laki-laki,Kepala Keluarga,Kawin/Nikah,6175855.0,6175855.0,1,1,Jawa Barat,Kota Bogor,Bogor Tengah,Paledang,Jl. Pajajaran No. 363,PBI APBD (Pemda),Tidak,Ya,Belum Sekolah,SMA/SMK/MA,SMA/SMK/MA,Ya,Transportasi & Pergudangan,Berusaha sendiri,532100000121,1300 VA,Dinas,Keramik,Kayu,Genteng Beton/Keramik,Mata Air Terlindung,Listrik PLN Tanpa Meteran,Kayu Bakar,Umum,Tidak Ada Kloset,Kolam/Sawah/Sungai/Danau/Laut,Ya,Ya,Tidak,Tidak,Ya,Tidak,Kurang Gizi,Buta Total,Gangguan Ringan,Tidak Ada Gangguan
3201012578000364,3201012010180122,Sri Santoso,1995-12-13,31,Perempuan,Kepala Keluarga,Cerai Mati,1770298.0,1770298.0,2,2,Jawa Barat,Kota Bandung,Coblong,Dago,Jl. Ganesha No. 364,PBI APBD (Pemda),Tidak,Ya,Tidak Sekolah Lagi,SD/MI,SD/MI,Ya,Administrasi pemerintahan,Berusaha sendiri,532100000122,Tanpa PLN,Bebas Sewa,Tanah,Seng,Seng,Mata Air Terlindung,Listrik Non PLN,Listrik,Umum,Leher Angsa,Tangki Septik,Ya,Tidak,Ya,Ya,Tidak,Ya,Resiko Stunting,Tidak Ada Gangguan,Gangguan Ringan,Gangguan Ringan
3201011373000365,3201012010180122,Rina Rahmawati,1979-03-03,47,Perempuan,Kepala Keluarga,Belum Kawin,4390421.0,4390421.0,8,8,Jawa Barat,Kota Bandung,Coblong,Dago,Jl. Ganesha No. 365,Bukan Penerima Bantuan,Tidak,Tidak,Masih Sekolah,Magister (S2),Magister (S2),Ya,Industri pengolahan,Pekerja bebas,532100000122,450 VA,Milik Sendiri,Ubin/Teraso,Bambu,Seng,Layanan Perpipaan (PDAM),Listrik Non PLN,Minyak Tanah,Bersama,Leher Angsa,Pantai/Tanah Lapang/Kebun,Ya,Tidak,Ya,Tidak,Ya,Ya,Resiko Stunting,Gangguan Ringan,Gangguan Ringan,Tidak Bisa Berjalan
3201012470000366,3201012010180122,Ahmad Umar,1970-10-17,56,Laki-laki,Anak,Belum Kawin,1800654.0,1800654.0,2,2,Jawa Barat,Kota Bandung,Coblong,Dago,Jl. Ganesha No. 366,PBI APBN + PKH,Ya,Tidak,Belum Sekolah,Sarjana (S1),Sarjana (S1),Ya,Jasa keuangan & asuransi,Pekerja bebas,532100000122,1300 VA,Milik Sendiri,Ubin/Teraso,Tembok,Bambu/Ijuk,Layanan Perpipaan (PDAM),Listrik PLN Dengan Meteran,Minyak Tanah,Sendiri,Leher Angsa,Pantai/Tanah Lapang/Kebun,Ya,Ya,Ya,Ya,Ya,Ya,Kurang Gizi,Buta Total,Gangguan Ringan,Tidak Bisa Berjalan
3201012284000367,3201012010180123,Rina Lestari,1994-05-12,32,Perempuan,Orang Tua/Mertua,Cerai Mati,9700107.0,9700107.0,4,4,Jawa Tengah,Kota Semarang,Semarang Selatan,Randusari,Jl. Pandanaran No. 367,PBI APBD (Pemda),Tidak,Ya,Tidak Sekolah Lagi,Magister (S2),Magister (S2),Ya,Transportasi & Pergudangan,Pekerja bebas,532100000123,900 VA,Bebas Sewa,Tanah,Tembok,Asbes,Sumur Bor/Pompa,Listrik PLN Tanpa Meteran,LPG 3 kg,Tidak Ada,Tidak Ada Kloset,Lubang Tanah,Ya,Tidak,Ya,Tidak,Ya,Tidak,Kurang Gizi,Buta Total,Gangguan Ringan,Tidak Bisa Berjalan
3201012484000368,3201012010180123,Yuni Suryani,1978-06-11,48,Perempuan,Orang Tua/Mertua,Belum Kawin,3531835.0,3531835.0,10,10,Jawa Tengah,Kota Semarang,Semarang Selatan,Randusari,Jl. Pandanaran No. 368,PBI APBD (Pemda),Tidak,Ya,Belum Sekolah,Magister (S2),Magister (S2),Tidak,Penyediaan Akomodasi & Makan Minum,Pekerja keluarga/tidak dibayar,532100000123,2200 VA,Bebas Sewa,Tanah,Bambu,Genteng Beton/Keramik,Sumur Terlindung,Listrik PLN Tanpa Meteran,Minyak Tanah,Sendiri,Tidak Ada Kloset,Kolam/Sawah/Sungai/Danau/Laut,Ya,Tidak,Ya,Ya,Ya,Tidak,Resiko Stunting,Buta Total,Tuli Total,Gangguan Ringan
3201011584000369,3201012010180123,Budi Wibowo,1979-10-22,47,Laki-laki,Istri,Cerai Hidup,15879095.0,15879095.0,10,10,Jawa Tengah,Kota Semarang,Semarang Selatan,Randusari,Jl. Pandanaran No. 369,PBI APBD (Pemda),Tidak,Ya,Masih Sekolah,Diploma (D1-D4),Diploma (D1-D4),Tidak,Penyediaan Akomodasi & Makan Minum,Berusaha sendiri,532100000123,Tanpa PLN,Kontrak/Sewa,Kayu/Papan,Bambu,Beton,Mata Air Terlindung,Listrik PLN Dengan Meteran,Biogas,Sendiri,Leher Angsa,Tangki Septik,Ya,Ya,Ya,Ya,Tidak,Ya,Wasting,Gangguan Berat,Tidak Ada Gangguan,Tidak Bisa Berjalan
3201011476000370,3201012010180124,Dedi Umar,1978-10-11,48,Laki-laki,Orang Tua/Mertua,Cerai Mati,6669835.0,6669835.0,2,2,Jawa Timur,Kota Surabaya,Tegalsari,Kedungdoro,Jl. Basuki Rahmat No. 370,Bukan Penerima Bantuan,Tidak,Tidak,Masih Sekolah,SMP/MTs,SMP/MTs,Ya,Transportasi & Pergudangan,Buruh/Karyawan/Pegawai,532100000124,3500 VA,Dinas,Ubin/Teraso,Plesteran Anyaman Bambu,Beton,Air Hujan,Bukan Listrik,Biogas,Umum,Plengsengan,Tangki Septik,Ya,Ya,Tidak,Ya,Ya,Ya,Kurang Gizi,Buta Total,Gangguan Ringan,Gangguan Ringan
3201011594000371,3201012010180124,Budi Hidayat,1983-10-19,43,Laki-laki,Istri,Cerai Mati,8084245.0,8084245.0,2,2,Jawa Timur,Kota Surabaya,Tegalsari,Kedungdoro,Jl. Basuki Rahmat No. 371,PKH & BPNT,Tidak,Tidak,Masih Sekolah,SMP/MTs,SMP/MTs,Ya,Konstruksi,Berusaha dibantu pekerja tidak tetap,532100000124,900 VA,Milik Sendiri,Tanah,Kayu,Bambu/Ijuk,Sumur Bor/Pompa,Listrik Non PLN,Biogas,Sendiri,Cemplung/Cubluk,Pantai/Tanah Lapang/Kebun,Ya,Ya,Tidak,Ya,Tidak,Tidak,Resiko Stunting,Gangguan Berat,Tuli Total,Tidak Ada Gangguan
3201012580000372,3201012010180124,Anisa Rahmawati,1996-04-23,30,Perempuan,Anak,Cerai Hidup,8031304.0,8031304.0,8,8,Jawa Timur,Kota Surabaya,Tegalsari,Kedungdoro,Jl. Basuki Rahmat No. 372,PBI APBN (Kemenkes),Ya,Tidak,Tidak Sekolah Lagi,Sarjana (S1),Sarjana (S1),Ya,Jasa keuangan & asuransi,Pekerja keluarga/tidak dibayar,532100000124,450 VA,Milik Sendiri,Semen/Bata Merah,Seng,Genteng Beton/Keramik,Sumur Terlindung,Bukan Listrik,Minyak Tanah,Sendiri,Cemplung/Cubluk,Pantai/Tanah Lapang/Kebun,Ya,Tidak,Tidak,Tidak,Tidak,Tidak,Resiko Stunting,Gangguan Berat,Tuli Total,Gangguan Ringan
3201012776000373,3201012010180125,Nur Nurbaya,1972-02-15,54,Perempuan,Kepala Keluarga,Cerai Hidup,3338079.0,3338079.0,2,2,Banten,Kota Tangerang,Tangerang,Sukarasa,Jl. Merdeka No. 373,PBI APBD (Pemda),Tidak,Ya,Masih Sekolah,SMP/MTs,SMP/MTs,Tidak,"Pertanian, kehutanan, dan perikanan",Berusaha sendiri,532100000125,3500 VA,Kontrak/Sewa,Keramik,Tembok,Genteng Tanah Liat,Air Hujan,Listrik PLN Dengan Meteran,Biogas,Umum,Leher Angsa,Lubang Tanah,Ya,Tidak,Tidak,Ya,Ya,Ya,Resiko Stunting,Gangguan Ringan,Tuli Total,Tidak Ada Gangguan
3201011572000374,3201012010180125,Teuku Santoso,1982-11-08,44,Laki-laki,Istri,Kawin/Nikah,3911390.0,3911390.0,8,8,Banten,Kota Tangerang,Tangerang,Sukarasa,Jl. Merdeka No. 374,PBI APBD (Pemda),Tidak,Ya,Belum Sekolah,Diploma (D1-D4),Diploma (D1-D4),Ya,Penyediaan Akomodasi & Makan Minum,Pekerja bebas,532100000125,Tanpa PLN,Milik Sendiri,Kayu/Papan,Kayu,Beton,Air Kemasan/Isi Ulang,Listrik PLN Dengan Meteran,LPG 5.5 kg / 12 kg,Bersama,Cemplung/Cubluk,Lubang Tanah,Ya,Ya,Ya,Ya,Ya,Ya,Wasting,Gangguan Ringan,Tidak Ada Gangguan,Gangguan Ringan
3201012879000375,3201012010180125,Sri Kurniawan,1987-11-10,39,Perempuan,Istri,Cerai Mati,2026279.0,2026279.0,5,5,Banten,Kota Tangerang,Tangerang,Sukarasa,Jl. Merdeka No. 375,PKH & BPNT,Tidak,Tidak,Masih Sekolah,SD/MI,SD/MI,Ya,"Pertanian, kehutanan, dan perikanan",Berusaha dibantu pekerja tidak tetap,532100000125,1300 VA,Milik Sendiri,Bambu,Seng,Genteng Tanah Liat,Air Hujan,Bukan Listrik,LPG 3 kg,Sendiri,Cemplung/Cubluk,Kolam/Sawah/Sungai/Danau/Laut,Ya,Ya,Tidak,Tidak,Tidak,Tidak,Kurang Gizi,Gangguan Berat,Gangguan Ringan,Gangguan Ringan
3201012580000376,3201012010180126,Tri Wibowo,1969-10-06,57,Laki-laki,Kepala Keluarga,Cerai Hidup,13220994.0,13220994.0,8,8,Sumatera Utara,Kota Medan,Medan Baru,Petisah Tengah,Jl. Gajah Mada No. 376,PBI APBN + PKH,Ya,Tidak,Tidak Sekolah Lagi,SMP/MTs,SMP/MTs,Ya,Transportasi & Pergudangan,Berusaha dibantu pekerja tidak tetap,532100000126,450 VA,Kontrak/Sewa,Semen/Bata Merah,Seng,Bambu/Ijuk,Layanan Perpipaan (PDAM),Bukan Listrik,Listrik,Sendiri,Tidak Ada Kloset,Lubang Tanah,Ya,Ya,Ya,Ya,Ya,Ya,Kurang Gizi,Buta Total,Tidak Ada Gangguan,Gangguan Ringan
3201012076000377,3201012010180126,Budi Lestari,1980-03-10,46,Laki-laki,Anak,Belum Kawin,14131061.0,14131061.0,3,3,Sumatera Utara,Kota Medan,Medan Baru,Petisah Tengah,Jl. Gajah Mada No. 377,PBI APBN + PKH,Ya,Tidak,Belum Sekolah,SD/MI,SD/MI,Tidak,"Pertanian, kehutanan, dan perikanan",Buruh/Karyawan/Pegawai,532100000126,1300 VA,Dinas,Bambu,Bambu,Genteng Beton/Keramik,Layanan Perpipaan (PDAM),Bukan Listrik,LPG 5.5 kg / 12 kg,Tidak Ada,Tidak Ada Kloset,Tangki Septik,Ya,Tidak,Ya,Tidak,Tidak,Tidak,Normal,Gangguan Ringan,Tuli Total,Gangguan Ringan
3201012093000378,3201012010180126,Bambang Nyak Dien,1978-10-16,48,Laki-laki,Kepala Keluarga,Kawin/Nikah,3875964.0,3875964.0,6,6,Sumatera Utara,Kota Medan,Medan Baru,Petisah Tengah,Jl. Gajah Mada No. 378,PBI APBD (Pemda),Tidak,Ya,Tidak Sekolah Lagi,Magister (S2),Magister (S2),Tidak,Konstruksi,Pekerja keluarga/tidak dibayar,532100000126,1300 VA,Bebas Sewa,Tanah,Kayu,Genteng Beton/Keramik,Sumur Bor/Pompa,Listrik PLN Tanpa Meteran,Biogas,Bersama,Plengsengan,Pantai/Tanah Lapang/Kebun,Ya,Tidak,Ya,Tidak,Ya,Tidak,Resiko Stunting,Gangguan Berat,Tidak Ada Gangguan,Tidak Bisa Berjalan
3201012584000379,3201012010180127,Sri Setiawan,1959-08-13,67,Perempuan,Istri,Cerai Hidup,3862907.0,3862907.0,4,4,Bali,Kota Denpasar,Denpasar Selatan,Sidakarya,Jl. Raya Puputan No. 379,PBI APBN (Kemenkes),Ya,Tidak,Tidak Sekolah Lagi,SMA/SMK/MA,SMA/SMK/MA,Tidak,Jasa keuangan & asuransi,Pekerja bebas,532100000127,1300 VA,Dinas,Semen/Bata Merah,Plesteran Anyaman Bambu,Beton,Layanan Perpipaan (PDAM),Listrik PLN Tanpa Meteran,Kayu Bakar,Sendiri,Cemplung/Cubluk,Tangki Septik,Ya,Ya,Tidak,Ya,Tidak,Tidak,Normal,Gangguan Berat,Gangguan Ringan,Tidak Ada Gangguan
3201011479000380,3201012010180127,Budi Santoso,1996-11-25,30,Laki-laki,Orang Tua/Mertua,Kawin/Nikah,14247066.0,14247066.0,9,9,Bali,Kota Denpasar,Denpasar Selatan,Sidakarya,Jl. Raya Puputan No. 380,PBI APBD (Pemda),Tidak,Ya,Belum Sekolah,Diploma (D1-D4),Diploma (D1-D4),Tidak,"Pertanian, kehutanan, dan perikanan",Pekerja bebas,532100000127,2200 VA,Bebas Sewa,Ubin/Teraso,Plesteran Anyaman Bambu,Asbes,Sumur Bor/Pompa,Listrik PLN Tanpa Meteran,Kayu Bakar,Bersama,Cemplung/Cubluk,Tangki Septik,Ya,Ya,Ya,Tidak,Tidak,Tidak,Resiko Stunting,Gangguan Berat,Tuli Total,Gangguan Ringan
3201012770000381,3201012010180127,Irfan Putri,1980-03-11,46,Laki-laki,Kepala Keluarga,Cerai Hidup,2179506.0,2179506.0,3,3,Bali,Kota Denpasar,Denpasar Selatan,Sidakarya,Jl. Raya Puputan No. 381,PBI APBN + PKH,Ya,Tidak,Masih Sekolah,SD/MI,SD/MI,Ya,Jasa keuangan & asuransi,Buruh/Karyawan/Pegawai,532100000127,3500 VA,Kontrak/Sewa,Tanah,Kayu,Genteng Tanah Liat,Sumur Bor/Pompa,Listrik Non PLN,Listrik,Sendiri,Tidak Ada Kloset,Kolam/Sawah/Sungai/Danau/Laut,Ya,Ya,Tidak,Tidak,Ya,Tidak,Kurang Gizi,Gangguan Ringan,Tuli Total,Tidak Ada Gangguan
3201011684000382,3201012010180128,Anisa Pratama,2003-05-08,23,Perempuan,Istri,Kawin/Nikah,3150803.0,3150803.0,8,8,DKI Jakarta,Jakarta Selatan,Cilandak,Cilandak Barat,Jl. Mawar No. 382,PBI APBN (Kemenkes),Ya,Tidak,Masih Sekolah,SMP/MTs,SMP/MTs,Ya,Jasa keuangan & asuransi,Berusaha sendiri,532100000128,3500 VA,Bebas Sewa,Semen/Bata Merah,Seng,Bambu/Ijuk,Air Hujan,Bukan Listrik,LPG 3 kg,Umum,Tidak Ada Kloset,Tangki Septik,Ya,Tidak,Ya,Ya,Ya,Ya,Resiko Stunting,Gangguan Ringan,Tuli Total,Gangguan Ringan
3201011081000383,3201012010180128,Teuku Hidayat,1987-03-13,39,Laki-laki,Istri,Belum Kawin,7560698.0,7560698.0,9,9,DKI Jakarta,Jakarta Selatan,Cilandak,Cilandak Barat,Jl. Mawar No. 383,PBI APBN + PKH,Ya,Tidak,Masih Sekolah,SMP/MTs,SMP/MTs,Tidak,Administrasi pemerintahan,Berusaha sendiri,532100000128,1300 VA,Bebas Sewa,Kayu/Papan,Tembok,Bambu/Ijuk,Sumur Bor/Pompa,Bukan Listrik,LPG 3 kg,Tidak Ada,Tidak Ada Kloset,Lubang Tanah,Ya,Ya,Ya,Ya,Tidak,Ya,Resiko Stunting,Gangguan Ringan,Tuli Total,Tidak Bisa Berjalan
3201011996000384,3201012010180128,Rahmat Nurbaya,1978-08-02,48,Laki-laki,Istri,Cerai Hidup,1954675.0,1954675.0,4,4,DKI Jakarta,Jakarta Selatan,Cilandak,Cilandak Barat,Jl. Mawar No. 384,PBI APBD (Pemda),Tidak,Ya,Tidak Sekolah Lagi,SMP/MTs,SMP/MTs,Tidak,Transportasi & Pergudangan,Pekerja bebas,532100000128,2200 VA,Dinas,Bambu,Kayu,Asbes,Sumur Terlindung,Listrik Non PLN,Biogas,Bersama,Leher Angsa,Tangki Septik,Ya,Ya,Ya,Ya,Ya,Tidak,Normal,Gangguan Berat,Gangguan Ringan,Gangguan Ringan
3201012875000385,3201012010180129,Dewi Rahmawati,1978-04-21,48,Perempuan,Istri,Cerai Mati,2281862.0,2281862.0,5,5,Jawa Barat,Kota Bogor,Bogor Tengah,Paledang,Jl. Pajajaran No. 385,PBI APBN (Kemenkes),Ya,Tidak,Masih Sekolah,SMA/SMK/MA,SMA/SMK/MA,Ya,Konstruksi,Berusaha dibantu pekerja tidak tetap,532100000129,900 VA,Milik Sendiri,Tanah,Tembok,Asbes,Layanan Perpipaan (PDAM),Listrik PLN Dengan Meteran,LPG 3 kg,Sendiri,Plengsengan,Pantai/Tanah Lapang/Kebun,Ya,Tidak,Tidak,Ya,Tidak,Ya,Resiko Stunting,Gangguan Ringan,Tidak Ada Gangguan,Gangguan Ringan
3201012270000386,3201012010180129,Siti Lestari,1982-08-14,44,Perempuan,Istri,Kawin/Nikah,5728568.0,5728568.0,5,5,Jawa Barat,Kota Bogor,Bogor Tengah,Paledang,Jl. Pajajaran No. 386,PBI APBN + PKH,Ya,Tidak,Masih Sekolah,SMA/SMK/MA,SMA/SMK/MA,Ya,Konstruksi,Berusaha sendiri,532100000129,900 VA,Dinas,Keramik,Tembok,Beton,Sumur Terlindung,Bukan Listrik,LPG 5.5 kg / 12 kg,Sendiri,Cemplung/Cubluk,Kolam/Sawah/Sungai/Danau/Laut,Ya,Ya,Tidak,Tidak,Tidak,Ya,Wasting,Gangguan Berat,Tuli Total,Tidak Bisa Berjalan
3201012774000387,3201012010180129,Cut Hidayat,1981-03-19,45,Perempuan,Orang Tua/Mertua,Cerai Hidup,11738436.0,11738436.0,9,9,Jawa Barat,Kota Bogor,Bogor Tengah,Paledang,Jl. Pajajaran No. 387,PBI APBN + PKH,Ya,Tidak,Tidak Sekolah Lagi,Diploma (D1-D4),Diploma (D1-D4),Ya,Konstruksi,Berusaha sendiri,532100000129,1300 VA,Bebas Sewa,Tanah,Seng,Asbes,Mata Air Terlindung,Listrik PLN Tanpa Meteran,LPG 3 kg,Umum,Plengsengan,Kolam/Sawah/Sungai/Danau/Laut,Ya,Ya,Ya,Ya,Tidak,Ya,Kurang Gizi,Tidak Ada Gangguan,Tuli Total,Tidak Bisa Berjalan
3201011186000388,3201012010180130,Dewi Santoso,1971-09-22,55,Perempuan,Istri,Belum Kawin,6180807.0,6180807.0,9,9,Jawa Barat,Kota Bandung,Coblong,Dago,Jl. Ganesha No. 388,PBI APBN + PKH,Ya,Tidak,Belum Sekolah,Magister (S2),Magister (S2),Tidak,Industri pengolahan,Pekerja keluarga/tidak dibayar,532100000130,1300 VA,Dinas,Tanah,Tembok,Genteng Beton/Keramik,Air Hujan,Bukan Listrik,LPG 5.5 kg / 12 kg,Bersama,Leher Angsa,Tangki Septik,Ya,Tidak,Ya,Ya,Tidak,Ya,Kurang Gizi,Gangguan Berat,Tidak Ada Gangguan,Tidak Bisa Berjalan
3201011396000389,3201012010180130,Rahmat Santoso,1956-01-10,70,Laki-laki,Kepala Keluarga,Belum Kawin,5798411.0,5798411.0,8,8,Jawa Barat,Kota Bandung,Coblong,Dago,Jl. Ganesha No. 389,PBI APBN (Kemenkes),Ya,Tidak,Tidak Sekolah Lagi,SMA/SMK/MA,SMA/SMK/MA,Tidak,Perdagangan besar dan eceran,Pekerja keluarga/tidak dibayar,532100000130,1300 VA,Bebas Sewa,Kayu/Papan,Bambu,Genteng Beton/Keramik,Sumur Bor/Pompa,Bukan Listrik,Kayu Bakar,Tidak Ada,Leher Angsa,Pantai/Tanah Lapang/Kebun,Ya,Ya,Tidak,Tidak,Tidak,Ya,Wasting,Buta Total,Gangguan Ringan,Tidak Bisa Berjalan
3201011383000390,3201012010180130,Eko Hidayat,1998-08-01,28,Laki-laki,Orang Tua/Mertua,Kawin/Nikah,5928371.0,5928371.0,9,9,Jawa Barat,Kota Bandung,Coblong,Dago,Jl. Ganesha No. 390,PBI APBN (Kemenkes),Ya,Tidak,Masih Sekolah,SMP/MTs,SMP/MTs,Ya,Penyediaan Akomodasi & Makan Minum,Berusaha dibantu pekerja tidak tetap,532100000130,Tanpa PLN,Bebas Sewa,Ubin/Teraso,Plesteran Anyaman Bambu,Asbes,Air Kemasan/Isi Ulang,Listrik Non PLN,Listrik,Tidak Ada,Plengsengan,Pantai/Tanah Lapang/Kebun,Ya,Ya,Ya,Ya,Ya,Tidak,Normal,Gangguan Ringan,Gangguan Ringan,Gangguan Ringan
3201012882000391,3201012010180131,Tri Rahmawati,1971-10-04,55,Laki-laki,Orang Tua/Mertua,Belum Kawin,6565213.0,6565213.0,10,10,Jawa Tengah,Kota Semarang,Semarang Selatan,Randusari,Jl. Pandanaran No. 391,PKH & BPNT,Tidak,Tidak,Tidak Sekolah Lagi,SD/MI,SD/MI,Ya,"Pertanian, kehutanan, dan perikanan",Berusaha sendiri,532100000131,2200 VA,Dinas,Ubin/Teraso,Tembok,Asbes,Air Hujan,Listrik PLN Tanpa Meteran,Minyak Tanah,Sendiri,Cemplung/Cubluk,Lubang Tanah,Ya,Ya,Tidak,Tidak,Ya,Tidak,Normal,Tidak Ada Gangguan,Tidak Ada Gangguan,Tidak Ada Gangguan
3201011493000392,3201012010180131,Sri Santoso,1983-08-12,43,Perempuan,Orang Tua/Mertua,Kawin/Nikah,2601372.0,2601372.0,7,7,Jawa Tengah,Kota Semarang,Semarang Selatan,Randusari,Jl. Pandanaran No. 392,PBI APBN + PKH,Ya,Tidak,Masih Sekolah,SMA/SMK/MA,SMA/SMK/MA,Tidak,Transportasi & Pergudangan,Buruh/Karyawan/Pegawai,532100000131,450 VA,Milik Sendiri,Semen/Bata Merah,Bambu,Asbes,Sumur Terlindung,Listrik PLN Tanpa Meteran,LPG 5.5 kg / 12 kg,Sendiri,Leher Angsa,Lubang Tanah,Ya,Ya,Ya,Ya,Tidak,Tidak,Wasting,Buta Total,Tidak Ada Gangguan,Tidak Bisa Berjalan
3201011588000393,3201012010180131,Irfan Pratama,1990-01-08,36,Laki-laki,Istri,Belum Kawin,8477511.0,8477511.0,1,1,Jawa Tengah,Kota Semarang,Semarang Selatan,Randusari,Jl. Pandanaran No. 393,Bukan Penerima Bantuan,Tidak,Tidak,Masih Sekolah,SD/MI,SD/MI,Tidak,Perdagangan besar dan eceran,Pekerja bebas,532100000131,900 VA,Bebas Sewa,Ubin/Teraso,Seng,Genteng Beton/Keramik,Layanan Perpipaan (PDAM),Bukan Listrik,Minyak Tanah,Tidak Ada,Plengsengan,Tangki Septik,Ya,Ya,Tidak,Ya,Ya,Ya,Resiko Stunting,Tidak Ada Gangguan,Gangguan Ringan,Tidak Bisa Berjalan
3201011288000394,3201012010180132,Anisa Kusuma,1995-07-27,31,Perempuan,Anak,Belum Kawin,16811344.0,16811344.0,1,1,Jawa Timur,Kota Surabaya,Tegalsari,Kedungdoro,Jl. Basuki Rahmat No. 394,PKH & BPNT,Tidak,Tidak,Tidak Sekolah Lagi,SD/MI,SD/MI,Ya,Administrasi pemerintahan,Berusaha dibantu pekerja tidak tetap,532100000132,2200 VA,Kontrak/Sewa,Tanah,Kayu,Asbes,Mata Air Terlindung,Bukan Listrik,Biogas,Bersama,Plengsengan,Kolam/Sawah/Sungai/Danau/Laut,Ya,Tidak,Ya,Tidak,Ya,Tidak,Normal,Tidak Ada Gangguan,Tuli Total,Tidak Ada Gangguan
3201011181000395,3201012010180132,Hendra Wijaya,1972-08-21,54,Laki-laki,Anak,Cerai Hidup,7943811.0,7943811.0,8,8,Jawa Timur,Kota Surabaya,Tegalsari,Kedungdoro,Jl. Basuki Rahmat No. 395,Bukan Penerima Bantuan,Tidak,Tidak,Tidak Sekolah Lagi,Diploma (D1-D4),Diploma (D1-D4),Ya,Penyediaan Akomodasi & Makan Minum,Pekerja bebas,532100000132,450 VA,Dinas,Semen/Bata Merah,Plesteran Anyaman Bambu,Beton,Mata Air Terlindung,Listrik PLN Dengan Meteran,Listrik,Umum,Cemplung/Cubluk,Kolam/Sawah/Sungai/Danau/Laut,Ya,Ya,Tidak,Tidak,Ya,Ya,Wasting,Gangguan Berat,Tidak Ada Gangguan,Gangguan Ringan
3201012691000396,3201012010180132,Irfan Setiawan,1971-10-14,55,Laki-laki,Istri,Belum Kawin,8232372.0,8232372.0,4,4,Jawa Timur,Kota Surabaya,Tegalsari,Kedungdoro,Jl. Basuki Rahmat No. 396,PBI APBN + PKH,Ya,Tidak,Belum Sekolah,Sarjana (S1),Sarjana (S1),Ya,"Pertanian, kehutanan, dan perikanan",Pekerja bebas,532100000132,Tanpa PLN,Kontrak/Sewa,Ubin/Teraso,Plesteran Anyaman Bambu,Bambu/Ijuk,Sumur Bor/Pompa,Listrik PLN Tanpa Meteran,Biogas,Tidak Ada,Cemplung/Cubluk,Lubang Tanah,Ya,Tidak,Tidak,Tidak,Tidak,Tidak,Resiko Stunting,Gangguan Berat,Tuli Total,Tidak Ada Gangguan
3201011873000397,3201012010180133,Yuni Wijaya,1955-02-07,71,Perempuan,Anak,Cerai Mati,14787571.0,14787571.0,4,4,Banten,Kota Tangerang,Tangerang,Sukarasa,Jl. Merdeka No. 397,PKH & BPNT,Tidak,Tidak,Masih Sekolah,Diploma (D1-D4),Diploma (D1-D4),Tidak,"Pertanian, kehutanan, dan perikanan",Berusaha dibantu pekerja tidak tetap,532100000133,2200 VA,Dinas,Semen/Bata Merah,Tembok,Genteng Beton/Keramik,Layanan Perpipaan (PDAM),Listrik PLN Dengan Meteran,Listrik,Sendiri,Leher Angsa,Tangki Septik,Ya,Tidak,Ya,Tidak,Ya,Ya,Kurang Gizi,Gangguan Ringan,Tidak Ada Gangguan,Tidak Bisa Berjalan
3201012871000398,3201012010180133,Budi Pratama,1976-10-24,50,Laki-laki,Anak,Cerai Hidup,7133476.0,7133476.0,9,9,Banten,Kota Tangerang,Tangerang,Sukarasa,Jl. Merdeka No. 398,PKH & BPNT,Tidak,Tidak,Masih Sekolah,SMP/MTs,SMP/MTs,Ya,Administrasi pemerintahan,Berusaha sendiri,532100000133,900 VA,Dinas,Ubin/Teraso,Plesteran Anyaman Bambu,Beton,Air Kemasan/Isi Ulang,Listrik PLN Tanpa Meteran,LPG 3 kg,Umum,Tidak Ada Kloset,Tangki Septik,Ya,Ya,Ya,Tidak,Ya,Ya,Kurang Gizi,Gangguan Ringan,Tidak Ada Gangguan,Tidak Ada Gangguan
3201011873000399,3201012010180133,Budi Kusuma,1997-05-14,29,Laki-laki,Orang Tua/Mertua,Cerai Mati,1947506.0,1947506.0,7,7,Banten,Kota Tangerang,Tangerang,Sukarasa,Jl. Merdeka No. 399,PBI APBN + PKH,Ya,Tidak,Tidak Sekolah Lagi,SMP/MTs,SMP/MTs,Tidak,Transportasi & Pergudangan,Buruh/Karyawan/Pegawai,532100000133,3500 VA,Bebas Sewa,Ubin/Teraso,Seng,Asbes,Mata Air Terlindung,Listrik Non PLN,Listrik,Sendiri,Tidak Ada Kloset,Pantai/Tanah Lapang/Kebun,Ya,Tidak,Ya,Tidak,Ya,Ya,Kurang Gizi,Gangguan Ringan,Gangguan Ringan,Tidak Ada Gangguan
3201011680000400,3201012010180134,Bambang Wijaya,1972-04-23,54,Laki-laki,Anak,Belum Kawin,4359204.0,4359204.0,2,2,Sumatera Utara,Kota Medan,Medan Baru,Petisah Tengah,Jl. Gajah Mada No. 400,PBI APBN + PKH,Ya,Tidak,Belum Sekolah,SD/MI,SD/MI,Tidak,Administrasi pemerintahan,Pekerja bebas,532100000134,2200 VA,Milik Sendiri,Kayu/Papan,Seng,Bambu/Ijuk,Sumur Terlindung,Bukan Listrik,LPG 3 kg,Tidak Ada,Cemplung/Cubluk,Kolam/Sawah/Sungai/Danau/Laut,Ya,Ya,Tidak,Tidak,Tidak,Tidak,Resiko Stunting,Gangguan Ringan,Tidak Ada Gangguan,Tidak Bisa Berjalan
3201012689000401,3201012010180134,Agus Wibowo,1957-07-12,69,Laki-laki,Kepala Keluarga,Belum Kawin,1688686.0,1688686.0,5,5,Sumatera Utara,Kota Medan,Medan Baru,Petisah Tengah,Jl. Gajah Mada No. 401,PBI APBN (Kemenkes),Ya,Tidak,Belum Sekolah,SMA/SMK/MA,SMA/SMK/MA,Tidak,Jasa keuangan & asuransi,Pekerja bebas,532100000134,900 VA,Dinas,Semen/Bata Merah,Kayu,Genteng Beton/Keramik,Sumur Terlindung,Listrik Non PLN,LPG 5.5 kg / 12 kg,Sendiri,Plengsengan,Tangki Septik,Ya,Ya,Ya,Tidak,Tidak,Tidak,Resiko Stunting,Gangguan Ringan,Tidak Ada Gangguan,Tidak Ada Gangguan
3201011272000402,3201012010180134,Dewi Setiawan,2007-03-18,19,Perempuan,Kepala Keluarga,Cerai Mati,4695639.0,4695639.0,3,3,Sumatera Utara,Kota Medan,Medan Baru,Petisah Tengah,Jl. Gajah Mada No. 402,Bukan Penerima Bantuan,Tidak,Tidak,Masih Sekolah,SMP/MTs,SMP/MTs,Ya,Administrasi pemerintahan,Berusaha sendiri,532100000134,1300 VA,Milik Sendiri,Bambu,Plesteran Anyaman Bambu,Genteng Tanah Liat,Sumur Terlindung,Listrik PLN Tanpa Meteran,LPG 5.5 kg / 12 kg,Sendiri,Tidak Ada Kloset,Lubang Tanah,Ya,Ya,Ya,Tidak,Tidak,Tidak,Resiko Stunting,Buta Total,Tidak Ada Gangguan,Tidak Bisa Berjalan
3201011392000403,3201012010180135,Rina Sartika,1995-10-25,31,Perempuan,Kepala Keluarga,Kawin/Nikah,12909229.0,12909229.0,9,9,Bali,Kota Denpasar,Denpasar Selatan,Sidakarya,Jl. Raya Puputan No. 403,PBI APBN + PKH,Ya,Tidak,Belum Sekolah,Diploma (D1-D4),Diploma (D1-D4),Tidak,Penyediaan Akomodasi & Makan Minum,Pekerja keluarga/tidak dibayar,532100000135,1300 VA,Dinas,Semen/Bata Merah,Plesteran Anyaman Bambu,Asbes,Layanan Perpipaan (PDAM),Bukan Listrik,LPG 5.5 kg / 12 kg,Sendiri,Plengsengan,Tangki Septik,Ya,Tidak,Tidak,Ya,Tidak,Tidak,Kurang Gizi,Gangguan Berat,Gangguan Ringan,Tidak Ada Gangguan
3201012085000404,3201012010180135,Rahmat Santoso,1968-07-25,58,Laki-laki,Istri,Cerai Mati,6373105.0,6373105.0,7,7,Bali,Kota Denpasar,Denpasar Selatan,Sidakarya,Jl. Raya Puputan No. 404,PBI APBD (Pemda),Tidak,Ya,Masih Sekolah,SD/MI,SD/MI,Ya,Penyediaan Akomodasi & Makan Minum,Pekerja bebas,532100000135,2200 VA,Dinas,Kayu/Papan,Seng,Seng,Layanan Perpipaan (PDAM),Bukan Listrik,LPG 5.5 kg / 12 kg,Tidak Ada,Leher Angsa,Lubang Tanah,Ya,Ya,Ya,Tidak,Tidak,Ya,Wasting,Buta Total,Gangguan Ringan,Tidak Bisa Berjalan
3201012372000405,3201012010180135,Sri Nurbaya,1977-09-18,49,Perempuan,Orang Tua/Mertua,Kawin/Nikah,3242093.0,3242093.0,5,5,Bali,Kota Denpasar,Denpasar Selatan,Sidakarya,Jl. Raya Puputan No. 405,Bukan Penerima Bantuan,Tidak,Tidak,Masih Sekolah,SD/MI,SD/MI,Ya,Jasa keuangan & asuransi,Pekerja keluarga/tidak dibayar,532100000135,1300 VA,Milik Sendiri,Keramik,Plesteran Anyaman Bambu,Genteng Beton/Keramik,Air Hujan,Listrik Non PLN,LPG 3 kg,Tidak Ada,Tidak Ada Kloset,Kolam/Sawah/Sungai/Danau/Laut,Ya,Tidak,Tidak,Tidak,Tidak,Tidak,Normal,Tidak Ada Gangguan,Gangguan Ringan,Gangguan Ringan
3201012394000406,3201012010180136,Agus Rahmawati,1997-09-24,29,Laki-laki,Kepala Keluarga,Belum Kawin,8889825.0,8889825.0,3,3,DKI Jakarta,Jakarta Selatan,Cilandak,Cilandak Barat,Jl. Mawar No. 406,PBI APBD (Pemda),Tidak,Ya,Masih Sekolah,SD/MI,SD/MI,Tidak,Konstruksi,Berusaha dibantu pekerja tidak tetap,532100000136,900 VA,Milik Sendiri,Keramik,Bambu,Genteng Tanah Liat,Layanan Perpipaan (PDAM),Listrik PLN Tanpa Meteran,Minyak Tanah,Bersama,Tidak Ada Kloset,Lubang Tanah,Ya,Tidak,Tidak,Ya,Ya,Ya,Resiko Stunting,Tidak Ada Gangguan,Gangguan Ringan,Tidak Bisa Berjalan
3201012595000407,3201012010180136,Teuku Kusuma,1984-03-22,42,Laki-laki,Orang Tua/Mertua,Kawin/Nikah,9055456.0,9055456.0,10,10,DKI Jakarta,Jakarta Selatan,Cilandak,Cilandak Barat,Jl. Mawar No. 407,PKH & BPNT,Tidak,Tidak,Tidak Sekolah Lagi,SMA/SMK/MA,SMA/SMK/MA,Tidak,Administrasi pemerintahan,Pekerja keluarga/tidak dibayar,532100000136,900 VA,Bebas Sewa,Bambu,Kayu,Genteng Beton/Keramik,Air Kemasan/Isi Ulang,Bukan Listrik,Minyak Tanah,Umum,Cemplung/Cubluk,Kolam/Sawah/Sungai/Danau/Laut,Ya,Tidak,Tidak,Ya,Tidak,Tidak,Normal,Gangguan Ringan,Tuli Total,Tidak Ada Gangguan
3201011798000408,3201012010180136,Rina Suryani,1964-02-23,62,Perempuan,Anak,Cerai Mati,2338547.0,2338547.0,4,4,DKI Jakarta,Jakarta Selatan,Cilandak,Cilandak Barat,Jl. Mawar No. 408,PBI APBD (Pemda),Tidak,Ya,Belum Sekolah,Diploma (D1-D4),Diploma (D1-D4),Ya,Administrasi pemerintahan,Buruh/Karyawan/Pegawai,532100000136,2200 VA,Dinas,Kayu/Papan,Kayu,Asbes,Sumur Terlindung,Listrik PLN Dengan Meteran,Listrik,Umum,Leher Angsa,Kolam/Sawah/Sungai/Danau/Laut,Ya,Ya,Tidak,Tidak,Tidak,Ya,Kurang Gizi,Buta Total,Tidak Ada Gangguan,Gangguan Ringan
3201011789000409,3201012010180137,Anisa Putri,1965-10-11,61,Perempuan,Orang Tua/Mertua,Kawin/Nikah,1711098.0,1711098.0,3,3,Jawa Barat,Kota Bogor,Bogor Tengah,Paledang,Jl. Pajajaran No. 409,Bukan Penerima Bantuan,Tidak,Tidak,Tidak Sekolah Lagi,Diploma (D1-D4),Diploma (D1-D4),Ya,Jasa keuangan & asuransi,Buruh/Karyawan/Pegawai,532100000137,450 VA,Dinas,Ubin/Teraso,Tembok,Genteng Beton/Keramik,Sumur Bor/Pompa,Listrik Non PLN,Biogas,Umum,Leher Angsa,Tangki Septik,Ya,Ya,Tidak,Tidak,Ya,Ya,Normal,Tidak Ada Gangguan,Tuli Total,Tidak Ada Gangguan
3201011695000410,3201012010180137,Anisa Wijaya,2007-08-04,19,Perempuan,Anak,Cerai Hidup,5801323.0,5801323.0,3,3,Jawa Barat,Kota Bogor,Bogor Tengah,Paledang,Jl. Pajajaran No. 410,PBI APBN (Kemenkes),Ya,Tidak,Tidak Sekolah Lagi,Sarjana (S1),Sarjana (S1),Tidak,Jasa keuangan & asuransi,Pekerja keluarga/tidak dibayar,532100000137,450 VA,Dinas,Bambu,Kayu,Bambu/Ijuk,Sumur Bor/Pompa,Listrik PLN Dengan Meteran,Minyak Tanah,Umum,Plengsengan,Pantai/Tanah Lapang/Kebun,Ya,Tidak,Tidak,Tidak,Tidak,Tidak,Kurang Gizi,Gangguan Ringan,Gangguan Ringan,Tidak Bisa Berjalan
3201012076000411,3201012010180137,Rina Suryani,1964-12-05,62,Perempuan,Kepala Keluarga,Kawin/Nikah,1623203.0,1623203.0,8,8,Jawa Barat,Kota Bogor,Bogor Tengah,Paledang,Jl. Pajajaran No. 411,PBI APBD (Pemda),Tidak,Ya,Masih Sekolah,Magister (S2),Magister (S2),Ya,Konstruksi,Pekerja bebas,532100000137,Tanpa PLN,Bebas Sewa,Bambu,Kayu,Bambu/Ijuk,Sumur Terlindung,Bukan Listrik,Minyak Tanah,Sendiri,Cemplung/Cubluk,Lubang Tanah,Ya,Tidak,Ya,Tidak,Ya,Tidak,Resiko Stunting,Gangguan Berat,Tidak Ada Gangguan,Tidak Ada Gangguan
3201011196000412,3201012010180138,Hendra Wijaya,1966-08-15,60,Laki-laki,Orang Tua/Mertua,Cerai Hidup,16751872.0,16751872.0,6,6,Jawa Barat,Kota Bandung,Coblong,Dago,Jl. Ganesha No. 412,Bukan Penerima Bantuan,Tidak,Tidak,Belum Sekolah,SMP/MTs,SMP/MTs,Ya,Jasa keuangan & asuransi,Pekerja bebas,532100000138,2200 VA,Milik Sendiri,Kayu/Papan,Bambu,Genteng Beton/Keramik,Air Kemasan/Isi Ulang,Listrik PLN Tanpa Meteran,LPG 5.5 kg / 12 kg,Tidak Ada,Cemplung/Cubluk,Lubang Tanah,Ya,Ya,Tidak,Ya,Ya,Tidak,Wasting,Gangguan Berat,Gangguan Ringan,Tidak Ada Gangguan
3201011385000413,3201012010180138,Agus Wibowo,1968-03-11,58,Laki-laki,Anak,Cerai Mati,2608837.0,2608837.0,8,8,Jawa Barat,Kota Bandung,Coblong,Dago,Jl. Ganesha No. 413,Bukan Penerima Bantuan,Tidak,Tidak,Belum Sekolah,SMA/SMK/MA,SMA/SMK/MA,Tidak,Perdagangan besar dan eceran,Pekerja bebas,532100000138,1300 VA,Milik Sendiri,Kayu/Papan,Plesteran Anyaman Bambu,Bambu/Ijuk,Air Kemasan/Isi Ulang,Bukan Listrik,Minyak Tanah,Tidak Ada,Plengsengan,Kolam/Sawah/Sungai/Danau/Laut,Ya,Ya,Tidak,Tidak,Tidak,Ya,Resiko Stunting,Gangguan Berat,Gangguan Ringan,Gangguan Ringan
3201011086000414,3201012010180138,Rina Rahmawati,1969-08-08,57,Perempuan,Orang Tua/Mertua,Kawin/Nikah,5838420.0,5838420.0,9,9,Jawa Barat,Kota Bandung,Coblong,Dago,Jl. Ganesha No. 414,Bukan Penerima Bantuan,Tidak,Tidak,Tidak Sekolah Lagi,SD/MI,SD/MI,Tidak,Perdagangan besar dan eceran,Berusaha dibantu pekerja tidak tetap,532100000138,3500 VA,Kontrak/Sewa,Bambu,Plesteran Anyaman Bambu,Seng,Air Kemasan/Isi Ulang,Listrik PLN Tanpa Meteran,Minyak Tanah,Umum,Plengsengan,Lubang Tanah,Ya,Ya,Tidak,Ya,Tidak,Ya,Kurang Gizi,Tidak Ada Gangguan,Tidak Ada Gangguan,Tidak Ada Gangguan
3201011875000415,3201012010180139,Dedi Setiawan,1981-03-14,45,Laki-laki,Istri,Belum Kawin,2257972.0,2257972.0,2,2,Jawa Tengah,Kota Semarang,Semarang Selatan,Randusari,Jl. Pandanaran No. 415,PBI APBD (Pemda),Tidak,Ya,Masih Sekolah,SD/MI,SD/MI,Ya,"Pertanian, kehutanan, dan perikanan",Pekerja bebas,532100000139,900 VA,Milik Sendiri,Kayu/Papan,Bambu,Genteng Tanah Liat,Mata Air Terlindung,Bukan Listrik,Kayu Bakar,Sendiri,Tidak Ada Kloset,Kolam/Sawah/Sungai/Danau/Laut,Ya,Ya,Tidak,Ya,Tidak,Ya,Kurang Gizi,Gangguan Ringan,Tuli Total,Gangguan Ringan
3201011099000416,3201012010180139,Sri Umar,1959-03-05,67,Perempuan,Anak,Belum Kawin,12128819.0,12128819.0,6,6,Jawa Tengah,Kota Semarang,Semarang Selatan,Randusari,Jl. Pandanaran No. 416,PBI APBN (Kemenkes),Ya,Tidak,Tidak Sekolah Lagi,Diploma (D1-D4),Diploma (D1-D4),Tidak,"Pertanian, kehutanan, dan perikanan",Pekerja keluarga/tidak dibayar,532100000139,2200 VA,Kontrak/Sewa,Ubin/Teraso,Kayu,Beton,Air Hujan,Bukan Listrik,Kayu Bakar,Sendiri,Plengsengan,Pantai/Tanah Lapang/Kebun,Ya,Tidak,Tidak,Tidak,Tidak,Ya,Normal,Tidak Ada Gangguan,Gangguan Ringan,Tidak Ada Gangguan
3201011088000417,3201012010180139,Bambang Santoso,1997-06-21,29,Laki-laki,Anak,Cerai Mati,3760959.0,3760959.0,2,2,Jawa Tengah,Kota Semarang,Semarang Selatan,Randusari,Jl. Pandanaran No. 417,Bukan Penerima Bantuan,Tidak,Tidak,Belum Sekolah,Sarjana (S1),Sarjana (S1),Ya,Jasa keuangan & asuransi,Berusaha dibantu pekerja tidak tetap,532100000139,2200 VA,Bebas Sewa,Keramik,Plesteran Anyaman Bambu,Genteng Tanah Liat,Air Hujan,Listrik Non PLN,LPG 5.5 kg / 12 kg,Umum,Tidak Ada Kloset,Kolam/Sawah/Sungai/Danau/Laut,Ya,Ya,Ya,Ya,Tidak,Ya,Wasting,Buta Total,Tidak Ada Gangguan,Gangguan Ringan
3201012097000418,3201012010180140,Irfan Umar,1988-06-03,38,Laki-laki,Orang Tua/Mertua,Cerai Hidup,5390691.0,5390691.0,6,6,Jawa Timur,Kota Surabaya,Tegalsari,Kedungdoro,Jl. Basuki Rahmat No. 418,PBI APBD (Pemda),Tidak,Ya,Belum Sekolah,SD/MI,SD/MI,Ya,"Pertanian, kehutanan, dan perikanan",Pekerja bebas,532100000140,450 VA,Milik Sendiri,Semen/Bata Merah,Bambu,Seng,Air Kemasan/Isi Ulang,Listrik PLN Tanpa Meteran,Kayu Bakar,Bersama,Leher Angsa,Lubang Tanah,Ya,Ya,Tidak,Tidak,Ya,Tidak,Wasting,Tidak Ada Gangguan,Gangguan Ringan,Tidak Ada Gangguan
3201011999000419,3201012010180140,Irfan Umar,1997-06-09,29,Laki-laki,Kepala Keluarga,Belum Kawin,11396144.0,11396144.0,1,1,Jawa Timur,Kota Surabaya,Tegalsari,Kedungdoro,Jl. Basuki Rahmat No. 419,PBI APBN + PKH,Ya,Tidak,Tidak Sekolah Lagi,Diploma (D1-D4),Diploma (D1-D4),Ya,Konstruksi,Berusaha sendiri,532100000140,3500 VA,Kontrak/Sewa,Keramik,Bambu,Genteng Beton/Keramik,Layanan Perpipaan (PDAM),Listrik PLN Dengan Meteran,Biogas,Sendiri,Tidak Ada Kloset,Lubang Tanah,Ya,Ya,Ya,Ya,Tidak,Ya,Wasting,Gangguan Ringan,Gangguan Ringan,Tidak Bisa Berjalan
3201011771000420,3201012010180140,Irfan Wibowo,1994-11-13,32,Laki-laki,Istri,Cerai Hidup,15455739.0,15455739.0,10,10,Jawa Timur,Kota Surabaya,Tegalsari,Kedungdoro,Jl. Basuki Rahmat No. 420,PKH & BPNT,Tidak,Tidak,Tidak Sekolah Lagi,SMP/MTs,SMP/MTs,Ya,Transportasi & Pergudangan,Pekerja bebas,532100000140,Tanpa PLN,Dinas,Keramik,Tembok,Asbes,Mata Air Terlindung,Listrik PLN Tanpa Meteran,Biogas,Umum,Plengsengan,Lubang Tanah,Ya,Ya,Ya,Ya,Ya,Ya,Resiko Stunting,Tidak Ada Gangguan,Tuli Total,Tidak Ada Gangguan
3201012274000421,3201012010180141,Rahmat Setiawan,1962-10-01,64,Laki-laki,Istri,Kawin/Nikah,3966870.0,3966870.0,8,8,Banten,Kota Tangerang,Tangerang,Sukarasa,Jl. Merdeka No. 421,PBI APBD (Pemda),Tidak,Ya,Masih Sekolah,Magister (S2),Magister (S2),Ya,Administrasi pemerintahan,Pekerja bebas,532100000141,2200 VA,Dinas,Tanah,Plesteran Anyaman Bambu,Bambu/Ijuk,Sumur Bor/Pompa,Bukan Listrik,Biogas,Bersama,Plengsengan,Lubang Tanah,Ya,Tidak,Tidak,Ya,Ya,Tidak,Kurang Gizi,Gangguan Berat,Gangguan Ringan,Tidak Ada Gangguan
3201011870000422,3201012010180141,Irfan Suryani,1965-01-26,61,Laki-laki,Kepala Keluarga,Cerai Mati,2599499.0,2599499.0,5,5,Banten,Kota Tangerang,Tangerang,Sukarasa,Jl. Merdeka No. 422,PBI APBD (Pemda),Tidak,Ya,Tidak Sekolah Lagi,SMA/SMK/MA,SMA/SMK/MA,Ya,Transportasi & Pergudangan,Buruh/Karyawan/Pegawai,532100000141,2200 VA,Milik Sendiri,Bambu,Seng,Seng,Sumur Bor/Pompa,Listrik PLN Tanpa Meteran,Minyak Tanah,Bersama,Cemplung/Cubluk,Pantai/Tanah Lapang/Kebun,Ya,Tidak,Tidak,Ya,Tidak,Ya,Kurang Gizi,Gangguan Ringan,Tidak Ada Gangguan,Tidak Ada Gangguan
3201012582000423,3201012010180141,Rina Nyak Dien,1962-05-24,64,Perempuan,Anak,Cerai Hidup,9532552.0,9532552.0,7,7,Banten,Kota Tangerang,Tangerang,Sukarasa,Jl. Merdeka No. 423,PBI APBN (Kemenkes),Ya,Tidak,Masih Sekolah,Sarjana (S1),Sarjana (S1),Ya,Industri pengolahan,Pekerja bebas,532100000141,1300 VA,Kontrak/Sewa,Tanah,Plesteran Anyaman Bambu,Beton,Mata Air Terlindung,Listrik PLN Tanpa Meteran,Biogas,Tidak Ada,Leher Angsa,Lubang Tanah,Ya,Ya,Tidak,Tidak,Tidak,Ya,Kurang Gizi,Gangguan Ringan,Tidak Ada Gangguan,Tidak Ada Gangguan
3201011993000424,3201012010180142,Irfan Setiawan,1999-05-19,27,Laki-laki,Istri,Cerai Mati,11306060.0,11306060.0,8,8,Sumatera Utara,Kota Medan,Medan Baru,Petisah Tengah,Jl. Gajah Mada No. 424,Bukan Penerima Bantuan,Tidak,Tidak,Masih Sekolah,SMP/MTs,SMP/MTs,Tidak,Perdagangan besar dan eceran,Pekerja bebas,532100000142,1300 VA,Dinas,Ubin/Teraso,Plesteran Anyaman Bambu,Seng,Sumur Terlindung,Listrik PLN Tanpa Meteran,Minyak Tanah,Sendiri,Leher Angsa,Tangki Septik,Ya,Ya,Ya,Tidak,Ya,Ya,Kurang Gizi,Buta Total,Tuli Total,Tidak Bisa Berjalan
3201011273000425,3201012010180142,Tri Suryani,2000-03-08,26,Laki-laki,Istri,Belum Kawin,2277785.0,2277785.0,10,10,Sumatera Utara,Kota Medan,Medan Baru,Petisah Tengah,Jl. Gajah Mada No. 425,PBI APBN + PKH,Ya,Tidak,Masih Sekolah,SMA/SMK/MA,SMA/SMK/MA,Tidak,Industri pengolahan,Buruh/Karyawan/Pegawai,532100000142,1300 VA,Kontrak/Sewa,Bambu,Tembok,Genteng Tanah Liat,Sumur Bor/Pompa,Listrik PLN Tanpa Meteran,LPG 3 kg,Tidak Ada,Cemplung/Cubluk,Lubang Tanah,Ya,Ya,Tidak,Ya,Tidak,Tidak,Normal,Tidak Ada Gangguan,Tuli Total,Tidak Bisa Berjalan
3201011799000426,3201012010180142,Eko Setiawan,1955-07-23,71,Laki-laki,Anak,Cerai Hidup,2448658.0,2448658.0,10,10,Sumatera Utara,Kota Medan,Medan Baru,Petisah Tengah,Jl. Gajah Mada No. 426,PBI APBN (Kemenkes),Ya,Tidak,Belum Sekolah,SMA/SMK/MA,SMA/SMK/MA,Ya,Jasa keuangan & asuransi,Berusaha sendiri,532100000142,900 VA,Milik Sendiri,Tanah,Kayu,Genteng Beton/Keramik,Layanan Perpipaan (PDAM),Listrik PLN Tanpa Meteran,LPG 5.5 kg / 12 kg,Umum,Tidak Ada Kloset,Tangki Septik,Ya,Tidak,Ya,Ya,Ya,Ya,Resiko Stunting,Gangguan Berat,Tuli Total,Gangguan Ringan
3201012374000427,3201012010180143,Teuku Sartika,1985-07-01,41,Laki-laki,Istri,Cerai Hidup,16241495.0,16241495.0,2,2,Bali,Kota Denpasar,Denpasar Selatan,Sidakarya,Jl. Raya Puputan No. 427,PBI APBN (Kemenkes),Ya,Tidak,Masih Sekolah,SMP/MTs,SMP/MTs,Ya,Jasa keuangan & asuransi,Berusaha dibantu pekerja tidak tetap,532100000143,450 VA,Dinas,Ubin/Teraso,Kayu,Seng,Air Hujan,Listrik Non PLN,Minyak Tanah,Bersama,Plengsengan,Pantai/Tanah Lapang/Kebun,Ya,Tidak,Ya,Tidak,Tidak,Tidak,Wasting,Gangguan Ringan,Tuli Total,Tidak Ada Gangguan
3201011682000428,3201012010180143,Dedi Wijaya,2004-09-15,22,Laki-laki,Kepala Keluarga,Kawin/Nikah,1765874.0,1765874.0,9,9,Bali,Kota Denpasar,Denpasar Selatan,Sidakarya,Jl. Raya Puputan No. 428,PBI APBN + PKH,Ya,Tidak,Tidak Sekolah Lagi,Magister (S2),Magister (S2),Ya,Perdagangan besar dan eceran,Pekerja keluarga/tidak dibayar,532100000143,900 VA,Kontrak/Sewa,Ubin/Teraso,Kayu,Genteng Tanah Liat,Mata Air Terlindung,Listrik PLN Dengan Meteran,LPG 5.5 kg / 12 kg,Sendiri,Cemplung/Cubluk,Tangki Septik,Ya,Tidak,Tidak,Tidak,Ya,Ya,Normal,Buta Total,Gangguan Ringan,Tidak Ada Gangguan
3201011495000429,3201012010180143,Rina Umar,1988-03-20,38,Perempuan,Orang Tua/Mertua,Kawin/Nikah,9786272.0,9786272.0,8,8,Bali,Kota Denpasar,Denpasar Selatan,Sidakarya,Jl. Raya Puputan No. 429,PBI APBD (Pemda),Tidak,Ya,Belum Sekolah,SMA/SMK/MA,SMA/SMK/MA,Tidak,Perdagangan besar dan eceran,Buruh/Karyawan/Pegawai,532100000143,450 VA,Milik Sendiri,Tanah,Tembok,Bambu/Ijuk,Air Kemasan/Isi Ulang,Listrik PLN Dengan Meteran,Listrik,Bersama,Leher Angsa,Tangki Septik,Ya,Ya,Tidak,Ya,Tidak,Tidak,Normal,Tidak Ada Gangguan,Tuli Total,Tidak Ada Gangguan
3201012180000430,3201012010180144,Yuni Pratama,2005-09-21,21,Perempuan,Anak,Cerai Hidup,3434022.0,3434022.0,10,10,DKI Jakarta,Jakarta Selatan,Cilandak,Cilandak Barat,Jl. Mawar No. 430,Bukan Penerima Bantuan,Tidak,Tidak,Belum Sekolah,Diploma (D1-D4),Diploma (D1-D4),Tidak,Penyediaan Akomodasi & Makan Minum,Pekerja keluarga/tidak dibayar,532100000144,450 VA,Kontrak/Sewa,Ubin/Teraso,Bambu,Beton,Mata Air Terlindung,Listrik PLN Dengan Meteran,Listrik,Tidak Ada,Tidak Ada Kloset,Tangki Septik,Ya,Tidak,Tidak,Ya,Ya,Ya,Normal,Gangguan Berat,Tidak Ada Gangguan,Gangguan Ringan
3201012190000431,3201012010180144,Cut Umar,1978-12-17,48,Perempuan,Anak,Belum Kawin,12478048.0,12478048.0,3,3,DKI Jakarta,Jakarta Selatan,Cilandak,Cilandak Barat,Jl. Mawar No. 431,PKH & BPNT,Tidak,Tidak,Belum Sekolah,SMP/MTs,SMP/MTs,Tidak,Administrasi pemerintahan,Buruh/Karyawan/Pegawai,532100000144,1300 VA,Bebas Sewa,Ubin/Teraso,Plesteran Anyaman Bambu,Asbes,Air Hujan,Listrik PLN Dengan Meteran,Kayu Bakar,Sendiri,Tidak Ada Kloset,Tangki Septik,Ya,Tidak,Ya,Ya,Tidak,Tidak,Wasting,Tidak Ada Gangguan,Tuli Total,Tidak Bisa Berjalan
3201012675000432,3201012010180144,Wawan Umar,1958-05-26,68,Laki-laki,Kepala Keluarga,Kawin/Nikah,2321405.0,2321405.0,5,5,DKI Jakarta,Jakarta Selatan,Cilandak,Cilandak Barat,Jl. Mawar No. 432,PKH & BPNT,Tidak,Tidak,Belum Sekolah,SMP/MTs,SMP/MTs,Tidak,Penyediaan Akomodasi & Makan Minum,Berusaha sendiri,532100000144,3500 VA,Kontrak/Sewa,Kayu/Papan,Kayu,Beton,Air Hujan,Listrik PLN Dengan Meteran,Minyak Tanah,Umum,Plengsengan,Lubang Tanah,Ya,Ya,Ya,Tidak,Tidak,Ya,Wasting,Buta Total,Gangguan Ringan,Tidak Ada Gangguan
3201011077000433,3201012010180145,Irfan Nyak Dien,1978-12-24,48,Laki-laki,Orang Tua/Mertua,Belum Kawin,11189277.0,11189277.0,1,1,Jawa Barat,Kota Bogor,Bogor Tengah,Paledang,Jl. Pajajaran No. 433,PBI APBN + PKH,Ya,Tidak,Tidak Sekolah Lagi,Magister (S2),Magister (S2),Tidak,Jasa keuangan & asuransi,Pekerja bebas,532100000145,1300 VA,Bebas Sewa,Keramik,Kayu,Asbes,Layanan Perpipaan (PDAM),Listrik Non PLN,Listrik,Bersama,Cemplung/Cubluk,Lubang Tanah,Ya,Ya,Ya,Tidak,Tidak,Tidak,Kurang Gizi,Gangguan Berat,Gangguan Ringan,Tidak Bisa Berjalan
3201012896000434,3201012010180145,Agus Santoso,2004-04-24,22,Laki-laki,Kepala Keluarga,Cerai Hidup,4266205.0,4266205.0,5,5,Jawa Barat,Kota Bogor,Bogor Tengah,Paledang,Jl. Pajajaran No. 434,PKH & BPNT,Tidak,Tidak,Belum Sekolah,SMP/MTs,SMP/MTs,Tidak,Perdagangan besar dan eceran,Pekerja bebas,532100000145,450 VA,Bebas Sewa,Tanah,Tembok,Seng,Layanan Perpipaan (PDAM),Listrik PLN Tanpa Meteran,LPG 5.5 kg / 12 kg,Bersama,Cemplung/Cubluk,Lubang Tanah,Ya,Tidak,Tidak,Ya,Tidak,Ya,Resiko Stunting,Tidak Ada Gangguan,Tidak Ada Gangguan,Tidak Ada Gangguan
3201012486000435,3201012010180145,Ahmad Pratama,1989-01-20,37,Laki-laki,Istri,Belum Kawin,3291718.0,3291718.0,3,3,Jawa Barat,Kota Bogor,Bogor Tengah,Paledang,Jl. Pajajaran No. 435,PBI APBN + PKH,Ya,Tidak,Belum Sekolah,SMA/SMK/MA,SMA/SMK/MA,Ya,Perdagangan besar dan eceran,Berusaha dibantu pekerja tidak tetap,532100000145,450 VA,Milik Sendiri,Keramik,Plesteran Anyaman Bambu,Beton,Sumur Terlindung,Listrik Non PLN,Minyak Tanah,Sendiri,Tidak Ada Kloset,Pantai/Tanah Lapang/Kebun,Ya,Ya,Ya,Ya,Ya,Ya,Normal,Tidak Ada Gangguan,Gangguan Ringan,Gangguan Ringan
3201011387000436,3201012010180146,Wawan Santoso,1970-12-13,56,Laki-laki,Anak,Cerai Mati,2543022.0,2543022.0,7,7,Jawa Barat,Kota Bandung,Coblong,Dago,Jl. Ganesha No. 436,PBI APBN (Kemenkes),Ya,Tidak,Belum Sekolah,Magister (S2),Magister (S2),Ya,Transportasi & Pergudangan,Pekerja bebas,532100000146,3500 VA,Bebas Sewa,Ubin/Teraso,Tembok,Genteng Tanah Liat,Sumur Bor/Pompa,Listrik PLN Dengan Meteran,LPG 3 kg,Umum,Leher Angsa,Kolam/Sawah/Sungai/Danau/Laut,Ya,Ya,Ya,Tidak,Tidak,Tidak,Normal,Gangguan Ringan,Gangguan Ringan,Tidak Ada Gangguan
3201011596000437,3201012010180146,Anisa Wibowo,1993-10-17,33,Perempuan,Istri,Kawin/Nikah,7507032.0,7507032.0,7,7,Jawa Barat,Kota Bandung,Coblong,Dago,Jl. Ganesha No. 437,PBI APBN (Kemenkes),Ya,Tidak,Masih Sekolah,SMA/SMK/MA,SMA/SMK/MA,Ya,Konstruksi,Berusaha sendiri,532100000146,3500 VA,Dinas,Tanah,Tembok,Seng,Air Hujan,Listrik PLN Dengan Meteran,Listrik,Bersama,Tidak Ada Kloset,Pantai/Tanah Lapang/Kebun,Ya,Tidak,Tidak,Ya,Ya,Ya,Resiko Stunting,Buta Total,Tidak Ada Gangguan,Tidak Ada Gangguan
3201011697000438,3201012010180146,Siti Wibowo,1978-07-13,48,Perempuan,Kepala Keluarga,Kawin/Nikah,9022091.0,9022091.0,4,4,Jawa Barat,Kota Bandung,Coblong,Dago,Jl. Ganesha No. 438,PBI APBN (Kemenkes),Ya,Tidak,Masih Sekolah,SMP/MTs,SMP/MTs,Tidak,Administrasi pemerintahan,Pekerja bebas,532100000146,450 VA,Dinas,Bambu,Plesteran Anyaman Bambu,Genteng Beton/Keramik,Sumur Terlindung,Listrik PLN Dengan Meteran,Minyak Tanah,Tidak Ada,Tidak Ada Kloset,Lubang Tanah,Ya,Ya,Tidak,Tidak,Ya,Ya,Resiko Stunting,Gangguan Berat,Tuli Total,Tidak Ada Gangguan
3201012684000439,3201012010180147,Rahmat Putri,1974-04-16,52,Laki-laki,Istri,Cerai Mati,7160815.0,7160815.0,10,10,Jawa Tengah,Kota Semarang,Semarang Selatan,Randusari,Jl. Pandanaran No. 439,PBI APBN (Kemenkes),Ya,Tidak,Masih Sekolah,SD/MI,SD/MI,Tidak,Penyediaan Akomodasi & Makan Minum,Buruh/Karyawan/Pegawai,532100000147,3500 VA,Milik Sendiri,Bambu,Bambu,Beton,Mata Air Terlindung,Listrik PLN Dengan Meteran,Listrik,Umum,Plengsengan,Tangki Septik,Ya,Tidak,Tidak,Ya,Tidak,Tidak,Kurang Gizi,Gangguan Berat,Tuli Total,Tidak Bisa Berjalan
3201012472000440,3201012010180147,Agus Nurbaya,1964-09-26,62,Laki-laki,Anak,Cerai Mati,2692778.0,2692778.0,5,5,Jawa Tengah,Kota Semarang,Semarang Selatan,Randusari,Jl. Pandanaran No. 440,PBI APBN (Kemenkes),Ya,Tidak,Belum Sekolah,SMA/SMK/MA,SMA/SMK/MA,Ya,Jasa keuangan & asuransi,Berusaha sendiri,532100000147,450 VA,Kontrak/Sewa,Ubin/Teraso,Bambu,Genteng Beton/Keramik,Sumur Terlindung,Bukan Listrik,Kayu Bakar,Sendiri,Tidak Ada Kloset,Tangki Septik,Ya,Tidak,Ya,Tidak,Ya,Tidak,Kurang Gizi,Tidak Ada Gangguan,Tuli Total,Gangguan Ringan
3201011593000441,3201012010180147,Rahmat Nurbaya,1990-12-08,36,Laki-laki,Istri,Cerai Hidup,3858753.0,3858753.0,9,9,Jawa Tengah,Kota Semarang,Semarang Selatan,Randusari,Jl. Pandanaran No. 441,PBI APBN (Kemenkes),Ya,Tidak,Tidak Sekolah Lagi,SD/MI,SD/MI,Tidak,Transportasi & Pergudangan,Buruh/Karyawan/Pegawai,532100000147,900 VA,Dinas,Semen/Bata Merah,Tembok,Beton,Layanan Perpipaan (PDAM),Bukan Listrik,Kayu Bakar,Umum,Plengsengan,Pantai/Tanah Lapang/Kebun,Ya,Tidak,Ya,Tidak,Tidak,Tidak,Kurang Gizi,Tidak Ada Gangguan,Tidak Ada Gangguan,Tidak Ada Gangguan
3201012785000442,3201012010180148,Irfan Pratama,1998-11-05,28,Laki-laki,Istri,Cerai Hidup,3806430.0,3806430.0,5,5,Jawa Timur,Kota Surabaya,Tegalsari,Kedungdoro,Jl. Basuki Rahmat No. 442,PBI APBN + PKH,Ya,Tidak,Belum Sekolah,SMP/MTs,SMP/MTs,Ya,Konstruksi,Pekerja keluarga/tidak dibayar,532100000148,1300 VA,Milik Sendiri,Keramik,Kayu,Asbes,Layanan Perpipaan (PDAM),Listrik PLN Dengan Meteran,LPG 3 kg,Tidak Ada,Tidak Ada Kloset,Pantai/Tanah Lapang/Kebun,Ya,Ya,Ya,Ya,Tidak,Ya,Normal,Tidak Ada Gangguan,Tuli Total,Tidak Ada Gangguan
3201012096000443,3201012010180148,Budi Rahmawati,1959-07-17,67,Laki-laki,Kepala Keluarga,Cerai Hidup,5813734.0,5813734.0,1,1,Jawa Timur,Kota Surabaya,Tegalsari,Kedungdoro,Jl. Basuki Rahmat No. 443,PBI APBN + PKH,Ya,Tidak,Tidak Sekolah Lagi,SMP/MTs,SMP/MTs,Ya,Penyediaan Akomodasi & Makan Minum,Berusaha dibantu pekerja tidak tetap,532100000148,Tanpa PLN,Kontrak/Sewa,Keramik,Bambu,Genteng Beton/Keramik,Air Hujan,Listrik Non PLN,Listrik,Sendiri,Tidak Ada Kloset,Pantai/Tanah Lapang/Kebun,Ya,Tidak,Tidak,Tidak,Ya,Ya,Kurang Gizi,Gangguan Ringan,Tuli Total,Gangguan Ringan
3201012391000444,3201012010180148,Wawan Nyak Dien,1977-01-18,49,Laki-laki,Kepala Keluarga,Cerai Mati,2494342.0,2494342.0,5,5,Jawa Timur,Kota Surabaya,Tegalsari,Kedungdoro,Jl. Basuki Rahmat No. 444,PBI APBN (Kemenkes),Ya,Tidak,Tidak Sekolah Lagi,Sarjana (S1),Sarjana (S1),Tidak,"Pertanian, kehutanan, dan perikanan",Berusaha sendiri,532100000148,900 VA,Kontrak/Sewa,Kayu/Papan,Kayu,Genteng Tanah Liat,Layanan Perpipaan (PDAM),Listrik Non PLN,Listrik,Bersama,Plengsengan,Kolam/Sawah/Sungai/Danau/Laut,Ya,Tidak,Ya,Tidak,Ya,Tidak,Normal,Gangguan Ringan,Tidak Ada Gangguan,Tidak Bisa Berjalan
3201011372000445,3201012010180149,Sri Sartika,1955-07-04,71,Perempuan,Istri,Cerai Mati,11610284.0,11610284.0,8,8,Banten,Kota Tangerang,Tangerang,Sukarasa,Jl. Merdeka No. 445,Bukan Penerima Bantuan,Tidak,Tidak,Belum Sekolah,SMA/SMK/MA,SMA/SMK/MA,Tidak,"Pertanian, kehutanan, dan perikanan",Berusaha sendiri,532100000149,900 VA,Dinas,Keramik,Plesteran Anyaman Bambu,Seng,Sumur Bor/Pompa,Listrik Non PLN,Kayu Bakar,Sendiri,Plengsengan,Kolam/Sawah/Sungai/Danau/Laut,Ya,Ya,Ya,Tidak,Tidak,Ya,Normal,Buta Total,Gangguan Ringan,Gangguan Ringan
3201011177000446,3201012010180149,Ahmad Wibowo,1998-05-27,28,Laki-laki,Kepala Keluarga,Cerai Mati,4220260.0,4220260.0,8,8,Banten,Kota Tangerang,Tangerang,Sukarasa,Jl. Merdeka No. 446,PBI APBN + PKH,Ya,Tidak,Belum Sekolah,Sarjana (S1),Sarjana (S1),Ya,Jasa keuangan & asuransi,Buruh/Karyawan/Pegawai,532100000149,450 VA,Kontrak/Sewa,Tanah,Tembok,Asbes,Mata Air Terlindung,Listrik PLN Tanpa Meteran,LPG 3 kg,Bersama,Cemplung/Cubluk,Pantai/Tanah Lapang/Kebun,Ya,Ya,Tidak,Tidak,Tidak,Ya,Kurang Gizi,Gangguan Ringan,Tuli Total,Tidak Ada Gangguan
3201011397000447,3201012010180149,Agus Sartika,1989-11-11,37,Laki-laki,Orang Tua/Mertua,Kawin/Nikah,2209825.0,2209825.0,8,8,Banten,Kota Tangerang,Tangerang,Sukarasa,Jl. Merdeka No. 447,Bukan Penerima Bantuan,Tidak,Tidak,Belum Sekolah,Magister (S2),Magister (S2),Tidak,Transportasi & Pergudangan,Buruh/Karyawan/Pegawai,532100000149,2200 VA,Dinas,Tanah,Tembok,Asbes,Sumur Terlindung,Listrik PLN Tanpa Meteran,Minyak Tanah,Bersama,Leher Angsa,Kolam/Sawah/Sungai/Danau/Laut,Ya,Ya,Tidak,Ya,Ya,Ya,Resiko Stunting,Gangguan Ringan,Tuli Total,Gangguan Ringan
3201012091000448,3201012010180150,Anisa Umar,1980-11-28,46,Perempuan,Anak,Kawin/Nikah,2202652.0,2202652.0,5,5,Sumatera Utara,Kota Medan,Medan Baru,Petisah Tengah,Jl. Gajah Mada No. 448,PBI APBN + PKH,Ya,Tidak,Belum Sekolah,SMP/MTs,SMP/MTs,Ya,Jasa keuangan & asuransi,Buruh/Karyawan/Pegawai,532100000150,3500 VA,Kontrak/Sewa,Semen/Bata Merah,Plesteran Anyaman Bambu,Asbes,Sumur Terlindung,Listrik PLN Dengan Meteran,Kayu Bakar,Umum,Plengsengan,Pantai/Tanah Lapang/Kebun,Ya,Tidak,Ya,Ya,Ya,Ya,Wasting,Tidak Ada Gangguan,Tuli Total,Tidak Bisa Berjalan
3201011791000449,3201012010180150,Tri Kurniawan,2001-10-23,25,Laki-laki,Anak,Cerai Hidup,1772604.0,1772604.0,2,2,Sumatera Utara,Kota Medan,Medan Baru,Petisah Tengah,Jl. Gajah Mada No. 449,PKH & BPNT,Tidak,Tidak,Tidak Sekolah Lagi,Diploma (D1-D4),Diploma (D1-D4),Tidak,Perdagangan besar dan eceran,Berusaha dibantu pekerja tidak tetap,532100000150,450 VA,Bebas Sewa,Ubin/Teraso,Kayu,Beton,Sumur Terlindung,Bukan Listrik,Minyak Tanah,Tidak Ada,Plengsengan,Lubang Tanah,Ya,Ya,Tidak,Tidak,Tidak,Ya,Normal,Buta Total,Gangguan Ringan,Tidak Bisa Berjalan
3201012785000450,3201012010180150,Yuni Nyak Dien,1994-10-14,32,Perempuan,Orang Tua/Mertua,Belum Kawin,3771332.0,3771332.0,8,8,Sumatera Utara,Kota Medan,Medan Baru,Petisah Tengah,Jl. Gajah Mada No. 450,PBI APBN (Kemenkes),Ya,Tidak,Belum Sekolah,Sarjana (S1),Sarjana (S1),Tidak,Perdagangan besar dan eceran,Berusaha dibantu pekerja tidak tetap,532100000150,Tanpa PLN,Kontrak/Sewa,Tanah,Kayu,Seng,Air Kemasan/Isi Ulang,Listrik Non PLN,LPG 3 kg,Umum,Tidak Ada Kloset,Pantai/Tanah Lapang/Kebun,Ya,Tidak,Tidak,Ya,Ya,Ya,Resiko Stunting,Gangguan Berat,Tuli Total,Tidak Ada Gangguan
3201012097000451,3201012010180151,Bambang Setiawan,1971-03-17,55,Laki-laki,Orang Tua/Mertua,Cerai Mati,6845066.0,6845066.0,10,10,Bali,Kota Denpasar,Denpasar Selatan,Sidakarya,Jl. Raya Puputan No. 451,PKH & BPNT,Tidak,Tidak,Masih Sekolah,Magister (S2),Magister (S2),Ya,Jasa keuangan & asuransi,Pekerja keluarga/tidak dibayar,532100000151,Tanpa PLN,Bebas Sewa,Kayu/Papan,Kayu,Genteng Beton/Keramik,Mata Air Terlindung,Listrik PLN Dengan Meteran,Listrik,Tidak Ada,Plengsengan,Kolam/Sawah/Sungai/Danau/Laut,Ya,Ya,Tidak,Ya,Tidak,Tidak,Resiko Stunting,Gangguan Berat,Gangguan Ringan,Tidak Ada Gangguan
3201012875000452,3201012010180151,Yuni Kusuma,1999-04-11,27,Perempuan,Anak,Kawin/Nikah,15197062.0,15197062.0,6,6,Bali,Kota Denpasar,Denpasar Selatan,Sidakarya,Jl. Raya Puputan No. 452,PKH & BPNT,Tidak,Tidak,Masih Sekolah,Magister (S2),Magister (S2),Tidak,Konstruksi,Berusaha dibantu pekerja tidak tetap,532100000151,3500 VA,Bebas Sewa,Keramik,Plesteran Anyaman Bambu,Seng,Sumur Terlindung,Listrik Non PLN,Listrik,Bersama,Leher Angsa,Lubang Tanah,Ya,Tidak,Ya,Ya,Ya,Tidak,Kurang Gizi,Gangguan Ringan,Tidak Ada Gangguan,Tidak Ada Gangguan
3201012696000453,3201012010180151,Cut Kusuma,1972-01-03,54,Perempuan,Anak,Belum Kawin,5939936.0,5939936.0,8,8,Bali,Kota Denpasar,Denpasar Selatan,Sidakarya,Jl. Raya Puputan No. 453,PBI APBN (Kemenkes),Ya,Tidak,Tidak Sekolah Lagi,SMA/SMK/MA,SMA/SMK/MA,Ya,"Pertanian, kehutanan, dan perikanan",Berusaha sendiri,532100000151,Tanpa PLN,Kontrak/Sewa,Semen/Bata Merah,Plesteran Anyaman Bambu,Genteng Beton/Keramik,Sumur Terlindung,Bukan Listrik,Biogas,Sendiri,Plengsengan,Pantai/Tanah Lapang/Kebun,Ya,Tidak,Tidak,Ya,Ya,Tidak,Resiko Stunting,Tidak Ada Gangguan,Gangguan Ringan,Tidak Ada Gangguan
3201011194000454,3201012010180152,Bambang Sartika,1984-07-20,42,Laki-laki,Kepala Keluarga,Cerai Mati,16856591.0,16856591.0,1,1,DKI Jakarta,Jakarta Selatan,Cilandak,Cilandak Barat,Jl. Mawar No. 454,PKH & BPNT,Tidak,Tidak,Tidak Sekolah Lagi,SMP/MTs,SMP/MTs,Ya,Administrasi pemerintahan,Berusaha dibantu pekerja tidak tetap,532100000152,900 VA,Kontrak/Sewa,Semen/Bata Merah,Plesteran Anyaman Bambu,Asbes,Sumur Terlindung,Listrik PLN Dengan Meteran,Listrik,Tidak Ada,Tidak Ada Kloset,Pantai/Tanah Lapang/Kebun,Ya,Tidak,Tidak,Ya,Ya,Tidak,Wasting,Gangguan Berat,Tuli Total,Tidak Bisa Berjalan
3201011887000455,3201012010180152,Cut Kurniawan,1978-06-26,48,Perempuan,Anak,Belum Kawin,2552835.0,2552835.0,2,2,DKI Jakarta,Jakarta Selatan,Cilandak,Cilandak Barat,Jl. Mawar No. 455,PBI APBN + PKH,Ya,Tidak,Tidak Sekolah Lagi,SD/MI,SD/MI,Ya,Perdagangan besar dan eceran,Buruh/Karyawan/Pegawai,532100000152,450 VA,Kontrak/Sewa,Semen/Bata Merah,Bambu,Bambu/Ijuk,Layanan Perpipaan (PDAM),Listrik PLN Tanpa Meteran,LPG 3 kg,Bersama,Plengsengan,Tangki Septik,Ya,Tidak,Tidak,Ya,Ya,Ya,Wasting,Gangguan Berat,Gangguan Ringan,Tidak Ada Gangguan
3201012676000456,3201012010180152,Irfan Sartika,1998-02-10,28,Laki-laki,Anak,Cerai Hidup,13736540.0,13736540.0,3,3,DKI Jakarta,Jakarta Selatan,Cilandak,Cilandak Barat,Jl. Mawar No. 456,PBI APBN + PKH,Ya,Tidak,Belum Sekolah,SMP/MTs,SMP/MTs,Tidak,Penyediaan Akomodasi & Makan Minum,Berusaha dibantu pekerja tidak tetap,532100000152,Tanpa PLN,Bebas Sewa,Tanah,Seng,Genteng Beton/Keramik,Air Hujan,Listrik PLN Dengan Meteran,LPG 5.5 kg / 12 kg,Umum,Plengsengan,Kolam/Sawah/Sungai/Danau/Laut,Ya,Tidak,Ya,Ya,Ya,Ya,Normal,Gangguan Ringan,Tidak Ada Gangguan,Tidak Ada Gangguan
3201011476000457,3201012010180153,Sri Nyak Dien,1996-01-21,30,Perempuan,Anak,Kawin/Nikah,1623699.0,1623699.0,9,9,Jawa Barat,Kota Bogor,Bogor Tengah,Paledang,Jl. Pajajaran No. 457,PBI APBD (Pemda),Tidak,Ya,Tidak Sekolah Lagi,SMA/SMK/MA,SMA/SMK/MA,Tidak,Jasa keuangan & asuransi,Berusaha sendiri,532100000153,Tanpa PLN,Dinas,Semen/Bata Merah,Tembok,Beton,Layanan Perpipaan (PDAM),Bukan Listrik,Minyak Tanah,Sendiri,Tidak Ada Kloset,Lubang Tanah,Ya,Ya,Tidak,Tidak,Tidak,Tidak,Wasting,Gangguan Berat,Tuli Total,Tidak Bisa Berjalan
3201011885000458,3201012010180153,Wawan Wijaya,1964-10-02,62,Laki-laki,Anak,Belum Kawin,17350707.0,17350707.0,7,7,Jawa Barat,Kota Bogor,Bogor Tengah,Paledang,Jl. Pajajaran No. 458,Bukan Penerima Bantuan,Tidak,Tidak,Masih Sekolah,Magister (S2),Magister (S2),Ya,Transportasi & Pergudangan,Buruh/Karyawan/Pegawai,532100000153,3500 VA,Kontrak/Sewa,Tanah,Seng,Genteng Tanah Liat,Air Hujan,Bukan Listrik,LPG 5.5 kg / 12 kg,Sendiri,Tidak Ada Kloset,Lubang Tanah,Ya,Ya,Tidak,Ya,Ya,Ya,Wasting,Gangguan Ringan,Tidak Ada Gangguan,Tidak Ada Gangguan
3201012888000459,3201012010180153,Sri Wibowo,2002-07-06,24,Perempuan,Kepala Keluarga,Cerai Mati,5832189.0,5832189.0,4,4,Jawa Barat,Kota Bogor,Bogor Tengah,Paledang,Jl. Pajajaran No. 459,Bukan Penerima Bantuan,Tidak,Tidak,Belum Sekolah,SMP/MTs,SMP/MTs,Ya,Jasa keuangan & asuransi,Pekerja bebas,532100000153,Tanpa PLN,Bebas Sewa,Tanah,Kayu,Beton,Mata Air Terlindung,Listrik PLN Tanpa Meteran,Listrik,Umum,Cemplung/Cubluk,Pantai/Tanah Lapang/Kebun,Ya,Ya,Tidak,Tidak,Tidak,Ya,Resiko Stunting,Buta Total,Gangguan Ringan,Tidak Ada Gangguan
3201011088000460,3201012010180154,Cut Setiawan,1971-10-26,55,Perempuan,Orang Tua/Mertua,Kawin/Nikah,4037063.0,4037063.0,10,10,Jawa Barat,Kota Bandung,Coblong,Dago,Jl. Ganesha No. 460,PBI APBD (Pemda),Tidak,Ya,Tidak Sekolah Lagi,SD/MI,SD/MI,Ya,Perdagangan besar dan eceran,Pekerja bebas,532100000154,900 VA,Dinas,Bambu,Seng,Bambu/Ijuk,Air Kemasan/Isi Ulang,Listrik PLN Tanpa Meteran,Minyak Tanah,Umum,Plengsengan,Lubang Tanah,Ya,Ya,Ya,Ya,Ya,Ya,Wasting,Buta Total,Tuli Total,Tidak Bisa Berjalan
3201011187000461,3201012010180154,Rahmat Sartika,1957-01-09,69,Laki-laki,Orang Tua/Mertua,Cerai Mati,17744595.0,17744595.0,6,6,Jawa Barat,Kota Bandung,Coblong,Dago,Jl. Ganesha No. 461,PBI APBD (Pemda),Tidak,Ya,Belum Sekolah,Magister (S2),Magister (S2),Tidak,Administrasi pemerintahan,Berusaha sendiri,532100000154,900 VA,Dinas,Keramik,Tembok,Genteng Beton/Keramik,Air Kemasan/Isi Ulang,Listrik Non PLN,Listrik,Bersama,Tidak Ada Kloset,Tangki Septik,Ya,Tidak,Ya,Tidak,Ya,Tidak,Resiko Stunting,Gangguan Ringan,Tuli Total,Tidak Bisa Berjalan
3201011270000462,3201012010180154,Wawan Sartika,2004-12-19,22,Laki-laki,Anak,Kawin/Nikah,6867986.0,6867986.0,9,9,Jawa Barat,Kota Bandung,Coblong,Dago,Jl. Ganesha No. 462,PBI APBD (Pemda),Tidak,Ya,Masih Sekolah,Sarjana (S1),Sarjana (S1),Ya,Perdagangan besar dan eceran,Pekerja keluarga/tidak dibayar,532100000154,2200 VA,Dinas,Keramik,Kayu,Bambu/Ijuk,Mata Air Terlindung,Bukan Listrik,LPG 3 kg,Sendiri,Plengsengan,Pantai/Tanah Lapang/Kebun,Ya,Ya,Ya,Ya,Ya,Ya,Resiko Stunting,Tidak Ada Gangguan,Tuli Total,Tidak Bisa Berjalan
3201012483000463,3201012010180155,Ahmad Nyak Dien,1958-02-20,68,Laki-laki,Kepala Keluarga,Kawin/Nikah,3902332.0,3902332.0,3,3,Jawa Tengah,Kota Semarang,Semarang Selatan,Randusari,Jl. Pandanaran No. 463,PBI APBN (Kemenkes),Ya,Tidak,Masih Sekolah,Sarjana (S1),Sarjana (S1),Ya,Penyediaan Akomodasi & Makan Minum,Berusaha sendiri,532100000155,Tanpa PLN,Bebas Sewa,Tanah,Plesteran Anyaman Bambu,Asbes,Layanan Perpipaan (PDAM),Listrik PLN Tanpa Meteran,Kayu Bakar,Bersama,Leher Angsa,Kolam/Sawah/Sungai/Danau/Laut,Ya,Ya,Tidak,Tidak,Tidak,Ya,Normal,Gangguan Ringan,Gangguan Ringan,Tidak Bisa Berjalan
3201011994000464,3201012010180155,Agus Pratama,1964-05-06,62,Laki-laki,Kepala Keluarga,Kawin/Nikah,3147625.0,3147625.0,6,6,Jawa Tengah,Kota Semarang,Semarang Selatan,Randusari,Jl. Pandanaran No. 464,PBI APBN (Kemenkes),Ya,Tidak,Belum Sekolah,Magister (S2),Magister (S2),Tidak,Jasa keuangan & asuransi,Berusaha sendiri,532100000155,3500 VA,Bebas Sewa,Kayu/Papan,Kayu,Genteng Tanah Liat,Mata Air Terlindung,Listrik PLN Tanpa Meteran,Biogas,Umum,Cemplung/Cubluk,Pantai/Tanah Lapang/Kebun,Ya,Ya,Ya,Ya,Tidak,Ya,Kurang Gizi,Tidak Ada Gangguan,Tidak Ada Gangguan,Tidak Ada Gangguan
3201012473000465,3201012010180155,Wawan Setiawan,1967-07-12,59,Laki-laki,Anak,Cerai Hidup,2312371.0,2312371.0,5,5,Jawa Tengah,Kota Semarang,Semarang Selatan,Randusari,Jl. Pandanaran No. 465,PBI APBN (Kemenkes),Ya,Tidak,Belum Sekolah,SMP/MTs,SMP/MTs,Ya,Jasa keuangan & asuransi,Berusaha dibantu pekerja tidak tetap,532100000155,450 VA,Dinas,Keramik,Bambu,Beton,Layanan Perpipaan (PDAM),Bukan Listrik,LPG 5.5 kg / 12 kg,Tidak Ada,Cemplung/Cubluk,Tangki Septik,Ya,Ya,Ya,Tidak,Ya,Tidak,Kurang Gizi,Tidak Ada Gangguan,Gangguan Ringan,Tidak Ada Gangguan
3201011474000466,3201012010180156,Dedi Pratama,1976-06-09,50,Laki-laki,Istri,Kawin/Nikah,4570525.0,4570525.0,1,1,Jawa Timur,Kota Surabaya,Tegalsari,Kedungdoro,Jl. Basuki Rahmat No. 466,PBI APBN (Kemenkes),Ya,Tidak,Masih Sekolah,Sarjana (S1),Sarjana (S1),Tidak,Transportasi & Pergudangan,Berusaha dibantu pekerja tidak tetap,532100000156,3500 VA,Dinas,Semen/Bata Merah,Seng,Seng,Mata Air Terlindung,Listrik PLN Dengan Meteran,Listrik,Tidak Ada,Cemplung/Cubluk,Kolam/Sawah/Sungai/Danau/Laut,Ya,Tidak,Tidak,Ya,Ya,Tidak,Kurang Gizi,Tidak Ada Gangguan,Tidak Ada Gangguan,Gangguan Ringan
3201012483000467,3201012010180156,Budi Pratama,1957-09-02,69,Laki-laki,Kepala Keluarga,Kawin/Nikah,17262029.0,17262029.0,9,9,Jawa Timur,Kota Surabaya,Tegalsari,Kedungdoro,Jl. Basuki Rahmat No. 467,PBI APBD (Pemda),Tidak,Ya,Masih Sekolah,Diploma (D1-D4),Diploma (D1-D4),Tidak,Konstruksi,Buruh/Karyawan/Pegawai,532100000156,2200 VA,Kontrak/Sewa,Kayu/Papan,Plesteran Anyaman Bambu,Genteng Tanah Liat,Mata Air Terlindung,Listrik PLN Dengan Meteran,Kayu Bakar,Sendiri,Cemplung/Cubluk,Pantai/Tanah Lapang/Kebun,Ya,Ya,Ya,Ya,Ya,Tidak,Normal,Buta Total,Tidak Ada Gangguan,Tidak Ada Gangguan
3201012671000468,3201012010180156,Irfan Suryani,1961-04-02,65,Laki-laki,Orang Tua/Mertua,Belum Kawin,5600961.0,5600961.0,6,6,Jawa Timur,Kota Surabaya,Tegalsari,Kedungdoro,Jl. Basuki Rahmat No. 468,Bukan Penerima Bantuan,Tidak,Tidak,Tidak Sekolah Lagi,Diploma (D1-D4),Diploma (D1-D4),Tidak,Industri pengolahan,Berusaha dibantu pekerja tidak tetap,532100000156,900 VA,Milik Sendiri,Tanah,Kayu,Genteng Tanah Liat,Air Kemasan/Isi Ulang,Bukan Listrik,LPG 5.5 kg / 12 kg,Umum,Cemplung/Cubluk,Pantai/Tanah Lapang/Kebun,Ya,Tidak,Tidak,Tidak,Tidak,Ya,Resiko Stunting,Tidak Ada Gangguan,Tuli Total,Tidak Ada Gangguan
3201012076000469,3201012010180157,Rahmat Wijaya,1965-08-09,61,Laki-laki,Orang Tua/Mertua,Cerai Mati,2416054.0,2416054.0,9,9,Banten,Kota Tangerang,Tangerang,Sukarasa,Jl. Merdeka No. 469,PBI APBD (Pemda),Tidak,Ya,Masih Sekolah,Magister (S2),Magister (S2),Tidak,Perdagangan besar dan eceran,Buruh/Karyawan/Pegawai,532100000157,450 VA,Bebas Sewa,Kayu/Papan,Seng,Asbes,Air Kemasan/Isi Ulang,Listrik Non PLN,Listrik,Sendiri,Leher Angsa,Tangki Septik,Ya,Ya,Tidak,Tidak,Tidak,Ya,Wasting,Tidak Ada Gangguan,Tidak Ada Gangguan,Tidak Bisa Berjalan
3201011888000470,3201012010180157,Rina Umar,2007-12-19,19,Perempuan,Anak,Kawin/Nikah,3622800.0,3622800.0,1,1,Banten,Kota Tangerang,Tangerang,Sukarasa,Jl. Merdeka No. 470,PKH & BPNT,Tidak,Tidak,Belum Sekolah,Sarjana (S1),Sarjana (S1),Ya,Konstruksi,Pekerja keluarga/tidak dibayar,532100000157,2200 VA,Dinas,Bambu,Plesteran Anyaman Bambu,Asbes,Air Hujan,Listrik PLN Tanpa Meteran,Biogas,Sendiri,Plengsengan,Pantai/Tanah Lapang/Kebun,Ya,Tidak,Ya,Tidak,Tidak,Tidak,Normal,Buta Total,Gangguan Ringan,Tidak Ada Gangguan
3201011476000471,3201012010180157,Nur Nurbaya,1958-08-16,68,Perempuan,Anak,Belum Kawin,3465314.0,3465314.0,4,4,Banten,Kota Tangerang,Tangerang,Sukarasa,Jl. Merdeka No. 471,Bukan Penerima Bantuan,Tidak,Tidak,Belum Sekolah,Sarjana (S1),Sarjana (S1),Tidak,"Pertanian, kehutanan, dan perikanan",Pekerja keluarga/tidak dibayar,532100000157,2200 VA,Milik Sendiri,Keramik,Bambu,Genteng Beton/Keramik,Sumur Terlindung,Listrik PLN Tanpa Meteran,LPG 3 kg,Bersama,Tidak Ada Kloset,Tangki Septik,Ya,Tidak,Ya,Ya,Ya,Tidak,Normal,Gangguan Ringan,Tuli Total,Tidak Bisa Berjalan
3201011090000472,3201012010180158,Hendra Pratama,1989-02-08,37,Laki-laki,Anak,Cerai Mati,1807454.0,1807454.0,9,9,Sumatera Utara,Kota Medan,Medan Baru,Petisah Tengah,Jl. Gajah Mada No. 472,Bukan Penerima Bantuan,Tidak,Tidak,Belum Sekolah,Sarjana (S1),Sarjana (S1),Tidak,Perdagangan besar dan eceran,Buruh/Karyawan/Pegawai,532100000158,3500 VA,Dinas,Semen/Bata Merah,Bambu,Beton,Layanan Perpipaan (PDAM),Listrik PLN Tanpa Meteran,LPG 3 kg,Tidak Ada,Cemplung/Cubluk,Lubang Tanah,Ya,Tidak,Tidak,Tidak,Ya,Ya,Normal,Tidak Ada Gangguan,Gangguan Ringan,Tidak Bisa Berjalan
3201011183000473,3201012010180158,Nur Putri,1985-11-03,41,Perempuan,Istri,Belum Kawin,13012855.0,13012855.0,2,2,Sumatera Utara,Kota Medan,Medan Baru,Petisah Tengah,Jl. Gajah Mada No. 473,PBI APBN (Kemenkes),Ya,Tidak,Masih Sekolah,Sarjana (S1),Sarjana (S1),Tidak,Konstruksi,Berusaha sendiri,532100000158,3500 VA,Dinas,Bambu,Plesteran Anyaman Bambu,Genteng Beton/Keramik,Sumur Terlindung,Bukan Listrik,Kayu Bakar,Tidak Ada,Leher Angsa,Kolam/Sawah/Sungai/Danau/Laut,Ya,Ya,Tidak,Ya,Ya,Tidak,Normal,Buta Total,Tidak Ada Gangguan,Gangguan Ringan
3201012371000474,3201012010180158,Nur Kusuma,1966-08-10,60,Perempuan,Istri,Cerai Hidup,17034983.0,17034983.0,10,10,Sumatera Utara,Kota Medan,Medan Baru,Petisah Tengah,Jl. Gajah Mada No. 474,PBI APBN + PKH,Ya,Tidak,Masih Sekolah,SMA/SMK/MA,SMA/SMK/MA,Ya,Transportasi & Pergudangan,Pekerja bebas,532100000158,3500 VA,Dinas,Kayu/Papan,Plesteran Anyaman Bambu,Genteng Beton/Keramik,Air Hujan,Listrik Non PLN,Kayu Bakar,Tidak Ada,Leher Angsa,Kolam/Sawah/Sungai/Danau/Laut,Ya,Tidak,Tidak,Ya,Ya,Tidak,Normal,Gangguan Ringan,Tuli Total,Gangguan Ringan
3201011382000475,3201012010180159,Wawan Sartika,1977-10-25,49,Laki-laki,Istri,Cerai Mati,2077172.0,2077172.0,9,9,Bali,Kota Denpasar,Denpasar Selatan,Sidakarya,Jl. Raya Puputan No. 475,Bukan Penerima Bantuan,Tidak,Tidak,Masih Sekolah,SMA/SMK/MA,SMA/SMK/MA,Tidak,Industri pengolahan,Pekerja keluarga/tidak dibayar,532100000159,450 VA,Dinas,Ubin/Teraso,Bambu,Asbes,Sumur Terlindung,Listrik PLN Tanpa Meteran,Kayu Bakar,Tidak Ada,Leher Angsa,Pantai/Tanah Lapang/Kebun,Ya,Ya,Ya,Ya,Tidak,Ya,Resiko Stunting,Tidak Ada Gangguan,Tuli Total,Tidak Bisa Berjalan
3201011781000476,3201012010180159,Sri Sartika,2007-04-23,19,Perempuan,Orang Tua/Mertua,Kawin/Nikah,16537402.0,16537402.0,1,1,Bali,Kota Denpasar,Denpasar Selatan,Sidakarya,Jl. Raya Puputan No. 476,PKH & BPNT,Tidak,Tidak,Masih Sekolah,SMP/MTs,SMP/MTs,Ya,Konstruksi,Pekerja bebas,532100000159,3500 VA,Milik Sendiri,Kayu/Papan,Bambu,Bambu/Ijuk,Air Kemasan/Isi Ulang,Listrik PLN Tanpa Meteran,Listrik,Umum,Cemplung/Cubluk,Pantai/Tanah Lapang/Kebun,Ya,Ya,Tidak,Ya,Ya,Tidak,Wasting,Tidak Ada Gangguan,Tidak Ada Gangguan,Tidak Bisa Berjalan
3201011978000477,3201012010180159,Budi Kurniawan,1980-02-16,46,Laki-laki,Orang Tua/Mertua,Kawin/Nikah,2581684.0,2581684.0,9,9,Bali,Kota Denpasar,Denpasar Selatan,Sidakarya,Jl. Raya Puputan No. 477,Bukan Penerima Bantuan,Tidak,Tidak,Belum Sekolah,SD/MI,SD/MI,Tidak,Penyediaan Akomodasi & Makan Minum,Pekerja keluarga/tidak dibayar,532100000159,900 VA,Milik Sendiri,Semen/Bata Merah,Tembok,Asbes,Sumur Bor/Pompa,Bukan Listrik,Kayu Bakar,Sendiri,Plengsengan,Kolam/Sawah/Sungai/Danau/Laut,Ya,Ya,Tidak,Tidak,Tidak,Tidak,Resiko Stunting,Buta Total,Tuli Total,Tidak Bisa Berjalan
3201012784000478,3201012010180160,Dedi Wijaya,1991-05-23,35,Laki-laki,Kepala Keluarga,Cerai Hidup,2213629.0,2213629.0,2,2,DKI Jakarta,Jakarta Selatan,Cilandak,Cilandak Barat,Jl. Mawar No. 478,PBI APBN (Kemenkes),Ya,Tidak,Belum Sekolah,SMP/MTs,SMP/MTs,Ya,Perdagangan besar dan eceran,Berusaha dibantu pekerja tidak tetap,532100000160,1300 VA,Kontrak/Sewa,Tanah,Seng,Bambu/Ijuk,Air Kemasan/Isi Ulang,Listrik Non PLN,LPG 3 kg,Sendiri,Tidak Ada Kloset,Tangki Septik,Ya,Tidak,Ya,Ya,Tidak,Ya,Kurang Gizi,Gangguan Berat,Tidak Ada Gangguan,Gangguan Ringan
3201011473000479,3201012010180160,Agus Setiawan,1975-06-20,51,Laki-laki,Kepala Keluarga,Cerai Mati,5612314.0,5612314.0,3,3,DKI Jakarta,Jakarta Selatan,Cilandak,Cilandak Barat,Jl. Mawar No. 479,PKH & BPNT,Tidak,Tidak,Belum Sekolah,Sarjana (S1),Sarjana (S1),Tidak,Jasa keuangan & asuransi,Buruh/Karyawan/Pegawai,532100000160,1300 VA,Dinas,Kayu/Papan,Bambu,Bambu/Ijuk,Mata Air Terlindung,Bukan Listrik,Minyak Tanah,Tidak Ada,Tidak Ada Kloset,Tangki Septik,Ya,Tidak,Tidak,Tidak,Ya,Ya,Wasting,Gangguan Berat,Gangguan Ringan,Gangguan Ringan
3201012594000480,3201012010180160,Ahmad Putri,1989-01-19,37,Laki-laki,Orang Tua/Mertua,Cerai Hidup,2168849.0,2168849.0,7,7,DKI Jakarta,Jakarta Selatan,Cilandak,Cilandak Barat,Jl. Mawar No. 480,PBI APBD (Pemda),Tidak,Ya,Masih Sekolah,SMA/SMK/MA,SMA/SMK/MA,Tidak,Transportasi & Pergudangan,Berusaha dibantu pekerja tidak tetap,532100000160,900 VA,Kontrak/Sewa,Kayu/Papan,Bambu,Bambu/Ijuk,Sumur Bor/Pompa,Listrik PLN Dengan Meteran,LPG 3 kg,Tidak Ada,Cemplung/Cubluk,Kolam/Sawah/Sungai/Danau/Laut,Ya,Ya,Ya,Ya,Tidak,Ya,Resiko Stunting,Tidak Ada Gangguan,Tidak Ada Gangguan,Tidak Ada Gangguan
3201011975000481,3201012010180161,Ahmad Kurniawan,1985-12-22,41,Laki-laki,Orang Tua/Mertua,Cerai Hidup,2341453.0,2341453.0,7,7,Jawa Barat,Kota Bogor,Bogor Tengah,Paledang,Jl. Pajajaran No. 481,PBI APBN (Kemenkes),Ya,Tidak,Masih Sekolah,SD/MI,SD/MI,Ya,Konstruksi,Buruh/Karyawan/Pegawai,532100000161,450 VA,Bebas Sewa,Bambu,Bambu,Beton,Mata Air Terlindung,Bukan Listrik,LPG 3 kg,Sendiri,Leher Angsa,Tangki Septik,Ya,Tidak,Tidak,Tidak,Tidak,Ya,Resiko Stunting,Tidak Ada Gangguan,Tidak Ada Gangguan,Tidak Bisa Berjalan
3201012184000482,3201012010180161,Budi Setiawan,1983-03-23,43,Laki-laki,Orang Tua/Mertua,Cerai Hidup,4439228.0,4439228.0,2,2,Jawa Barat,Kota Bogor,Bogor Tengah,Paledang,Jl. Pajajaran No. 482,PBI APBD (Pemda),Tidak,Ya,Masih Sekolah,SMP/MTs,SMP/MTs,Tidak,Industri pengolahan,Berusaha dibantu pekerja tidak tetap,532100000161,1300 VA,Kontrak/Sewa,Kayu/Papan,Bambu,Bambu/Ijuk,Mata Air Terlindung,Bukan Listrik,Kayu Bakar,Sendiri,Tidak Ada Kloset,Kolam/Sawah/Sungai/Danau/Laut,Ya,Ya,Tidak,Tidak,Ya,Tidak,Resiko Stunting,Tidak Ada Gangguan,Tuli Total,Tidak Bisa Berjalan
3201011786000483,3201012010180161,Cut Setiawan,1978-05-02,48,Perempuan,Kepala Keluarga,Cerai Mati,12892489.0,12892489.0,6,6,Jawa Barat,Kota Bogor,Bogor Tengah,Paledang,Jl. Pajajaran No. 483,PBI APBD (Pemda),Tidak,Ya,Masih Sekolah,SD/MI,SD/MI,Ya,Jasa keuangan & asuransi,Berusaha sendiri,532100000161,900 VA,Dinas,Semen/Bata Merah,Plesteran Anyaman Bambu,Beton,Air Hujan,Bukan Listrik,Biogas,Sendiri,Tidak Ada Kloset,Pantai/Tanah Lapang/Kebun,Ya,Tidak,Ya,Ya,Tidak,Ya,Kurang Gizi,Gangguan Ringan,Tidak Ada Gangguan,Tidak Ada Gangguan
3201012787000484,3201012010180162,Yuni Sartika,2007-02-16,19,Perempuan,Anak,Kawin/Nikah,15589708.0,15589708.0,4,4,Jawa Barat,Kota Bandung,Coblong,Dago,Jl. Ganesha No. 484,PBI APBN (Kemenkes),Ya,Tidak,Tidak Sekolah Lagi,SMA/SMK/MA,SMA/SMK/MA,Ya,Perdagangan besar dan eceran,Berusaha dibantu pekerja tidak tetap,532100000162,3500 VA,Kontrak/Sewa,Semen/Bata Merah,Plesteran Anyaman Bambu,Beton,Layanan Perpipaan (PDAM),Listrik Non PLN,Kayu Bakar,Bersama,Cemplung/Cubluk,Lubang Tanah,Ya,Tidak,Ya,Ya,Ya,Ya,Kurang Gizi,Buta Total,Gangguan Ringan,Tidak Bisa Berjalan
3201011986000485,3201012010180162,Teuku Kurniawan,1977-03-09,49,Laki-laki,Anak,Cerai Hidup,2253851.0,2253851.0,9,9,Jawa Barat,Kota Bandung,Coblong,Dago,Jl. Ganesha No. 485,PBI APBD (Pemda),Tidak,Ya,Belum Sekolah,SMA/SMK/MA,SMA/SMK/MA,Ya,Penyediaan Akomodasi & Makan Minum,Pekerja keluarga/tidak dibayar,532100000162,3500 VA,Kontrak/Sewa,Kayu/Papan,Plesteran Anyaman Bambu,Genteng Tanah Liat,Air Kemasan/Isi Ulang,Listrik Non PLN,LPG 5.5 kg / 12 kg,Sendiri,Plengsengan,Pantai/Tanah Lapang/Kebun,Ya,Tidak,Tidak,Tidak,Ya,Ya,Wasting,Gangguan Berat,Gangguan Ringan,Tidak Bisa Berjalan
3201011496000486,3201012010180162,Nur Pratama,1972-08-22,54,Perempuan,Istri,Cerai Hidup,2290295.0,2290295.0,10,10,Jawa Barat,Kota Bandung,Coblong,Dago,Jl. Ganesha No. 486,Bukan Penerima Bantuan,Tidak,Tidak,Belum Sekolah,Diploma (D1-D4),Diploma (D1-D4),Tidak,Jasa keuangan & asuransi,Pekerja bebas,532100000162,900 VA,Kontrak/Sewa,Bambu,Kayu,Beton,Sumur Terlindung,Listrik PLN Tanpa Meteran,Kayu Bakar,Bersama,Plengsengan,Tangki Septik,Ya,Ya,Ya,Tidak,Ya,Tidak,Resiko Stunting,Gangguan Ringan,Tidak Ada Gangguan,Tidak Bisa Berjalan
3201012699000487,3201012010180163,Siti Wibowo,1965-03-04,61,Perempuan,Kepala Keluarga,Kawin/Nikah,1531253.0,1531253.0,1,1,Jawa Tengah,Kota Semarang,Semarang Selatan,Randusari,Jl. Pandanaran No. 487,PBI APBN (Kemenkes),Ya,Tidak,Belum Sekolah,Sarjana (S1),Sarjana (S1),Tidak,Penyediaan Akomodasi & Makan Minum,Berusaha dibantu pekerja tidak tetap,532100000163,2200 VA,Milik Sendiri,Keramik,Tembok,Beton,Air Hujan,Bukan Listrik,Biogas,Tidak Ada,Leher Angsa,Tangki Septik,Ya,Ya,Tidak,Ya,Tidak,Tidak,Normal,Gangguan Berat,Tidak Ada Gangguan,Tidak Bisa Berjalan
3201011798000488,3201012010180163,Tri Nurbaya,1975-11-08,51,Laki-laki,Kepala Keluarga,Kawin/Nikah,3679576.0,3679576.0,4,4,Jawa Tengah,Kota Semarang,Semarang Selatan,Randusari,Jl. Pandanaran No. 488,PKH & BPNT,Tidak,Tidak,Tidak Sekolah Lagi,Diploma (D1-D4),Diploma (D1-D4),Tidak,"Pertanian, kehutanan, dan perikanan",Buruh/Karyawan/Pegawai,532100000163,450 VA,Kontrak/Sewa,Tanah,Tembok,Asbes,Sumur Terlindung,Listrik PLN Tanpa Meteran,LPG 3 kg,Umum,Cemplung/Cubluk,Kolam/Sawah/Sungai/Danau/Laut,Ya,Tidak,Tidak,Ya,Tidak,Ya,Normal,Buta Total,Gangguan Ringan,Tidak Bisa Berjalan
3201012283000489,3201012010180163,Hendra Umar,1959-01-21,67,Laki-laki,Orang Tua/Mertua,Cerai Hidup,3281491.0,3281491.0,5,5,Jawa Tengah,Kota Semarang,Semarang Selatan,Randusari,Jl. Pandanaran No. 489,PBI APBN (Kemenkes),Ya,Tidak,Tidak Sekolah Lagi,Sarjana (S1),Sarjana (S1),Tidak,"Pertanian, kehutanan, dan perikanan",Berusaha dibantu pekerja tidak tetap,532100000163,3500 VA,Bebas Sewa,Bambu,Seng,Genteng Tanah Liat,Mata Air Terlindung,Listrik PLN Dengan Meteran,Listrik,Bersama,Tidak Ada Kloset,Pantai/Tanah Lapang/Kebun,Ya,Ya,Tidak,Ya,Tidak,Tidak,Resiko Stunting,Buta Total,Tuli Total,Gangguan Ringan
3201011086000490,3201012010180164,Rina Kurniawan,1990-09-17,36,Perempuan,Kepala Keluarga,Cerai Mati,2609684.0,2609684.0,6,6,Jawa Timur,Kota Surabaya,Tegalsari,Kedungdoro,Jl. Basuki Rahmat No. 490,PBI APBN (Kemenkes),Ya,Tidak,Tidak Sekolah Lagi,Sarjana (S1),Sarjana (S1),Tidak,Jasa keuangan & asuransi,Pekerja bebas,532100000164,2200 VA,Milik Sendiri,Bambu,Seng,Asbes,Air Kemasan/Isi Ulang,Listrik PLN Tanpa Meteran,LPG 5.5 kg / 12 kg,Sendiri,Leher Angsa,Lubang Tanah,Ya,Tidak,Tidak,Tidak,Ya,Tidak,Normal,Gangguan Berat,Tidak Ada Gangguan,Tidak Bisa Berjalan
3201011094000491,3201012010180164,Eko Hidayat,1963-02-26,63,Laki-laki,Orang Tua/Mertua,Cerai Hidup,11487998.0,11487998.0,8,8,Jawa Timur,Kota Surabaya,Tegalsari,Kedungdoro,Jl. Basuki Rahmat No. 491,PBI APBN + PKH,Ya,Tidak,Tidak Sekolah Lagi,Magister (S2),Magister (S2),Ya,Jasa keuangan & asuransi,Berusaha dibantu pekerja tidak tetap,532100000164,1300 VA,Dinas,Bambu,Kayu,Genteng Tanah Liat,Air Kemasan/Isi Ulang,Listrik PLN Tanpa Meteran,Listrik,Sendiri,Tidak Ada Kloset,Lubang Tanah,Ya,Tidak,Tidak,Ya,Ya,Ya,Kurang Gizi,Gangguan Berat,Tuli Total,Tidak Bisa Berjalan
3201011284000492,3201012010180164,Siti Setiawan,2001-12-12,25,Perempuan,Anak,Belum Kawin,8107587.0,8107587.0,6,6,Jawa Timur,Kota Surabaya,Tegalsari,Kedungdoro,Jl. Basuki Rahmat No. 492,PBI APBN + PKH,Ya,Tidak,Masih Sekolah,SMA/SMK/MA,SMA/SMK/MA,Tidak,Jasa keuangan & asuransi,Buruh/Karyawan/Pegawai,532100000164,3500 VA,Kontrak/Sewa,Ubin/Teraso,Bambu,Asbes,Air Kemasan/Isi Ulang,Listrik PLN Dengan Meteran,Biogas,Sendiri,Leher Angsa,Pantai/Tanah Lapang/Kebun,Ya,Ya,Tidak,Tidak,Tidak,Ya,Kurang Gizi,Gangguan Ringan,Tidak Ada Gangguan,Tidak Ada Gangguan
3201011897000493,3201012010180165,Nur Sartika,1987-03-18,39,Perempuan,Anak,Cerai Hidup,3222496.0,3222496.0,3,3,Banten,Kota Tangerang,Tangerang,Sukarasa,Jl. Merdeka No. 493,PKH & BPNT,Tidak,Tidak,Belum Sekolah,Diploma (D1-D4),Diploma (D1-D4),Ya,"Pertanian, kehutanan, dan perikanan",Berusaha sendiri,532100000165,2200 VA,Milik Sendiri,Kayu/Papan,Plesteran Anyaman Bambu,Seng,Air Kemasan/Isi Ulang,Bukan Listrik,LPG 3 kg,Sendiri,Cemplung/Cubluk,Tangki Septik,Ya,Ya,Ya,Tidak,Ya,Ya,Kurang Gizi,Tidak Ada Gangguan,Tuli Total,Tidak Ada Gangguan
3201012075000494,3201012010180165,Irfan Umar,2002-01-24,24,Laki-laki,Anak,Belum Kawin,2423981.0,2423981.0,1,1,Banten,Kota Tangerang,Tangerang,Sukarasa,Jl. Merdeka No. 494,PBI APBN + PKH,Ya,Tidak,Masih Sekolah,Diploma (D1-D4),Diploma (D1-D4),Tidak,Perdagangan besar dan eceran,Buruh/Karyawan/Pegawai,532100000165,2200 VA,Bebas Sewa,Tanah,Tembok,Beton,Mata Air Terlindung,Listrik Non PLN,Kayu Bakar,Umum,Cemplung/Cubluk,Lubang Tanah,Ya,Ya,Tidak,Tidak,Ya,Tidak,Wasting,Gangguan Ringan,Tuli Total,Gangguan Ringan
3201011885000495,3201012010180165,Dewi Kurniawan,2001-02-20,25,Perempuan,Istri,Cerai Mati,1924011.0,1924011.0,4,4,Banten,Kota Tangerang,Tangerang,Sukarasa,Jl. Merdeka No. 495,PBI APBN (Kemenkes),Ya,Tidak,Masih Sekolah,SMA/SMK/MA,SMA/SMK/MA,Tidak,Perdagangan besar dan eceran,Berusaha sendiri,532100000165,1300 VA,Dinas,Ubin/Teraso,Kayu,Genteng Tanah Liat,Sumur Terlindung,Listrik Non PLN,LPG 5.5 kg / 12 kg,Umum,Tidak Ada Kloset,Kolam/Sawah/Sungai/Danau/Laut,Ya,Ya,Tidak,Ya,Tidak,Ya,Kurang Gizi,Gangguan Berat,Tuli Total,Gangguan Ringan
3201011193000496,3201012010180166,Irfan Suryani,1967-10-18,59,Laki-laki,Istri,Cerai Hidup,9422656.0,9422656.0,3,3,Sumatera Utara,Kota Medan,Medan Baru,Petisah Tengah,Jl. Gajah Mada No. 496,PKH & BPNT,Tidak,Tidak,Masih Sekolah,Diploma (D1-D4),Diploma (D1-D4),Tidak,Transportasi & Pergudangan,Berusaha sendiri,532100000166,3500 VA,Milik Sendiri,Semen/Bata Merah,Bambu,Genteng Tanah Liat,Sumur Terlindung,Bukan Listrik,Listrik,Sendiri,Tidak Ada Kloset,Kolam/Sawah/Sungai/Danau/Laut,Ya,Tidak,Tidak,Tidak,Ya,Tidak,Kurang Gizi,Gangguan Ringan,Tidak Ada Gangguan,Tidak Bisa Berjalan
3201011593000497,3201012010180166,Budi Rahmawati,1989-06-25,37,Laki-laki,Anak,Kawin/Nikah,1589139.0,1589139.0,10,10,Sumatera Utara,Kota Medan,Medan Baru,Petisah Tengah,Jl. Gajah Mada No. 497,PBI APBN (Kemenkes),Ya,Tidak,Masih Sekolah,SD/MI,SD/MI,Ya,"Pertanian, kehutanan, dan perikanan",Berusaha dibantu pekerja tidak tetap,532100000166,3500 VA,Dinas,Keramik,Plesteran Anyaman Bambu,Bambu/Ijuk,Air Kemasan/Isi Ulang,Listrik PLN Tanpa Meteran,Listrik,Umum,Tidak Ada Kloset,Pantai/Tanah Lapang/Kebun,Ya,Ya,Ya,Ya,Ya,Tidak,Wasting,Gangguan Ringan,Gangguan Ringan,Gangguan Ringan
3201011291000498,3201012010180166,Anisa Santoso,1960-11-05,66,Perempuan,Istri,Cerai Mati,2157975.0,2157975.0,1,1,Sumatera Utara,Kota Medan,Medan Baru,Petisah Tengah,Jl. Gajah Mada No. 498,PBI APBD (Pemda),Tidak,Ya,Tidak Sekolah Lagi,Magister (S2),Magister (S2),Ya,"Pertanian, kehutanan, dan perikanan",Pekerja bebas,532100000166,450 VA,Bebas Sewa,Ubin/Teraso,Kayu,Seng,Air Hujan,Listrik Non PLN,Minyak Tanah,Umum,Leher Angsa,Pantai/Tanah Lapang/Kebun,Ya,Tidak,Ya,Tidak,Ya,Tidak,Resiko Stunting,Gangguan Ringan,Gangguan Ringan,Tidak Bisa Berjalan
3201012771000499,3201012010180167,Bambang Hidayat,1996-01-08,30,Laki-laki,Kepala Keluarga,Kawin/Nikah,3923489.0,3923489.0,5,5,Bali,Kota Denpasar,Denpasar Selatan,Sidakarya,Jl. Raya Puputan No. 499,PBI APBN (Kemenkes),Ya,Tidak,Masih Sekolah,Magister (S2),Magister (S2),Ya,Perdagangan besar dan eceran,Pekerja bebas,532100000167,1300 VA,Kontrak/Sewa,Keramik,Kayu,Asbes,Air Kemasan/Isi Ulang,Listrik Non PLN,LPG 3 kg,Sendiri,Cemplung/Cubluk,Tangki Septik,Ya,Ya,Tidak,Ya,Tidak,Tidak,Resiko Stunting,Gangguan Berat,Tuli Total,Tidak Bisa Berjalan
3201012074000500,3201012010180167,Siti Hidayat,1979-02-02,47,Perempuan,Kepala Keluarga,Cerai Mati,2521088.0,2521088.0,7,7,Bali,Kota Denpasar,Denpasar Selatan,Sidakarya,Jl. Raya Puputan No. 500,Bukan Penerima Bantuan,Tidak,Tidak,Tidak Sekolah Lagi,Sarjana (S1),Sarjana (S1),Ya,"Pertanian, kehutanan, dan perikanan",Pekerja keluarga/tidak dibayar,532100000167,2200 VA,Dinas,Kayu/Papan,Bambu,Genteng Tanah Liat,Air Hujan,Listrik PLN Tanpa Meteran,Minyak Tanah,Umum,Plengsengan,Lubang Tanah,Ya,Ya,Tidak,Tidak,Tidak,Ya,Normal,Tidak Ada Gangguan,Gangguan Ringan,Gangguan Ringan
